Language,NOON_AFTERNOON,AFTERNOON_EVENING,NOON_DURINGTHEDAY,AFTERNOON_DURINGTHEDAY,EVENING_NIGHT,morning,noon;midday,afternoon,evening,during the day;daytime,"night (as opposed to daytime, collectively)",midnight,morning_Phonetic,noon_Phonetic,afternoon_Phonetic,evening_phonetic,daytime_phonetic,night_phonetic,midnight_Phonetic,[回译]上午,[回译]中午,[回译]下午,[回译]晚上,[回译]白天,[回译]夜晚［与白天相对，统称］,[回译]半夜,morning_BT,noon_BT,afternoon_BT,evening_BT,daytime_BT,night_BT,midnight_BT,morning_value,noon_value,afternoon_value,evening_value,daytime_value,night_value,midnight_value,Macroarea,Glottocode,ISO639P3code,Genus,Country_ID,society_ID,society,dominant subsistence type,,Macroarea,,Latitude,Longitude,Family,
English,0,0,0,0,0,forenoon,noon;midday,afternoon,evening,during the day;daytime,"night (as opposed to daytime, collectively)",midnight,morning,noon;midday,afternoon,evening,during the day;daytime,"night (as opposed to daytime, collectively)",midnight,早晨;,中午;,中午；,晚上;,白天;,夜晚;,午夜;,morning,noon;midday,afternoon,evening,during the day;daytime,"night (as opposed to daytime, collectively)",midnight,1,1,1,1,0.5,1,1,Eurasia,stan1293,eng,Germanic,eng,,,,,,,52,0,Indo-European,
Albanian,0,0,0,0,0,mëngjes,mesditë,pasdite,mbrëmje,gjatë ditës;,natën;,mesnatë;,,,,,,,,早餐,中午,下午,晚上,白天;,晚上;,午夜;,morning,noon,afternoon,evening,during the day;,at night;,midnight;,1,1,1,1,0.5,1,1,Eurasia,,sqi,Albanian,RS AL,Ce1,Gheg,gheg1238,Gheg Albanian,Southeastern Europe,,41,20,Indo-European,
Armenian,0,0,0,0,0,առավոտ;,կեսօր;,կեսօրին;,երեկո;,ցերեկը;,գիշեր;,կեսգիշեր;,arravot; ,kesor; ,kesorin; , yereko;, ts’ereky;, gisher; ,kesgisher;,早晨;,中午;,中午；,晚上;,白天;,夜晚;,午夜;,morning;,afternoon;,at noon;,evening;,during the day;,night;,midnight;,1,1,1,1,1,1,1,Eurasia,nucl1235,hye,Armenian,AM,,Armenians,nucl1235,Eastern Armenian,Caucasus,,40,45,Indo-European,
Bengali,0,0,0,0,0,সকাল;,দুপুর;,বিকেল;,সন্ধ্যা;,দিনের বেলা;,রাত;,মধ্যরাত;,sakāla;,dupura;,bikēla;,sandhyā;,dinēra bēlā;,rāta;,madhyarāta;,早晨;,中午;,下午;,晚上;,白天;,夜晚;,午夜;,Morning;,Noon;,Afternoon;,Evening;,Daytime;,Night;,Midnight;,1,1,1,1,0.5,1,1,Eurasia,beng1280,ben,Indic,BD IN,Ef2,Bengali,beng1280,Bengali,Indian Subcontinent,,24,90,Indo-European,
Bosnian,0,0,0,0,0,jutro;,podne;,popodne;,veče;,tokom dana;,noć;,ponoć;,,,,,,,,早晨;,中午;,下午;,晚上;,白天;,夜晚;,午夜;,morning;,noon;,in the afternoon;,evening;,during the day;,night;,midnight;,1,1,1,1,0.5,1,1,Eurasia,bosn1245,bos,Slavic,BA,,,,,,,43,18,Indo-European,
Bulgarian,0,0,0,0,0,сутрин;,обяд;,следобед;,вечер;,през деня;,нощ;,полунощ;,sutrin; ,obyad; ,sledobed; ,vecher; ,prez denya; ,nosht;, polunosht;,早晨;,午餐;,下午;,晚上;,白天;,夜晚;,午夜;,morning;,noon;,afternoon;,evening;,during the day;,night;,midnight;,1,1,1,1,0.5,1,1,Eurasia,bulg1262,bul,Slavic,BG,Ch5,Bulgarians,bulg1262,Bulgarian,Southeastern Europe,,42.5,25,Indo-European,
Catalan,0,0,0,0,0,matí;,migdia;,tarda;,vespre;,diürna;,nit;,mitjanit;,,,,,,,,早晨;,中午;,下午;,晚上;,白天;,夜晚;,午夜;,morning;,noon;,afternoon;,evening;,daytime;,night;,midnight;,1,1,1,1,1,1,1,Eurasia,stan1289,cat,Romance,ES,Ce6,Spaniards,stan1288,Spanish,Southwestern Europe,,41.75,2,Indo-European,
Croatian,0,0,0,0,0,jutro;,podne;,poslijepodne;,večer;,tijekom dana;,noć;,ponoć;,,,,,,,,早晨;,中午;,下午;,晚上;,白天;,夜晚;,午夜;,morning;,noon;,afternoon;,evening;,during the day;,night;,midnight;,1,1,1,1,0.5,1,1,Eurasia,sout1528,hbs,Slavic,,CCMCcroa1245,Croatian Standard,croa1245,Croatian Standard,Southeastern Europe,,45.812092,15.975308,Indo-European,
Czech,0,0,0,0,1,ráno;,poledne;,odpoledne;,noc;,během dne;,noc;,půlnoc;,,,,,,,,早晨;,中午;,下午;,夜晚;,白天;,夜晚;,午夜;,morning;,noon;,afternoon;,night;,during the day;,night;,midnight;,1,1,1,1,0.5,1,1,Eurasia,czec1258,ces,Slavic,CZ,Ch3,Czechs,czec1258,Czech,Middle Europe,,50,15,Indo-European,
Danish,0,0,0,0,0,morgen;,middag;,eftermiddag;,aften;,dagtimerne;,nat;,midnat;,,,,,,,,早晨;,晚餐;,下午;,晚上;,白天;,夜晚;,午夜;,morning;,noon;,afternoon;,evening;,daytime;,night;,midnight;,1,1,1,1,1,1,1,Eurasia,dani1285,dan,Germanic,DK,CCMCdani1285,Danish,dani1285,Danish,Northern Europe,,56,10,Indo-European,
Dutch,1,0,0,0,0,Ochtend;,middag;,Middag;,Avond;,overdag;,Nacht;,Middernacht;,,,,,,,,早晨;,下午;,下午;,晚上;,白天;,夜晚;,午夜;,Morning;,afternoon;,Afternoon;,Evening;,daytime;,Night;,Midnight;,1,0.25,0.25,1,1,1,1,Eurasia,dutc1256,nld,Germanic,NL,Cg1,Dutch,dutc1256,Dutch,Middle Europe,,52.5,6,Indo-European,
French,0,0,0,0,0,matin;,midi;,après-midi;,soirée;,pendant la journée;,nuit;,minuit;,,,,,,,,早晨;,中午;,下午;,晚上;,白天;,夜晚;,午夜;,morning;,noon;,afternoon;,evening;,during the day;,night;,midnight;,1,1,1,1,0.5,1,1,Eurasia,stan1290,fra,Romance,CH FR,CCMCstan1290,French,stan1290,French,Southwestern Europe,,48,2,Indo-European,
Galician,0,0,0,0,1,mañá;,mediodía;,tarde;,noite;,de día;,noite;,medianoite;,,,,,,,,明天;,中午;,晚的;,夜晚;,白天;,夜晚;,午夜;,morning;,noon;,afternoon;,evening;,daytime;,night;,midnight;,0.25,1,1,0.25,0.5,0.25,1,Eurasia,gali1258,glg,Romance,ES,Ce2,Portuguese,gali1257,Galician Portuguese,Southwestern Europe,,43,-8,Indo-European,
German,0,0,0,0,0,Morgen;,Mittag;,Nachmittag;,Abend;,tagsüber;,Nacht;,Mitternacht;,,,,,,,,早晨;,正午;,下午;,晚上;,白天;,夜晚;,午夜;,Morning;,Noon;,Afternoon;,Evening;,Daytime;,Night;,Midnight;,1,1,1,1,1,1,1,Eurasia,stan1295,deu,Germanic,CH DE AT,CCMCstan1295,German,stan1295,German,Middle Europe,,52,10,Indo-European,
Greek,0,1,0,0,0,πρωί;,μεσημέρι;,απόγευμα;,απόγευμα;,κατά τη διάρκεια της ημέρας,νύχτα;,μεσάνυχτα;,proí?,mesiméri?,apógevma?,nýchta?,katá ti diárkeia tis iméras,nýchta?,mesánychta?,早晨;,中午;,下午;,下午;,白天,夜晚;,午夜;,morning;,noon;,afternoon;,afternoon;,during the day,night;,midnight;,1,1,0.25,0.25,0.5,1,1,Eurasia,mode1248,ell,Greek,GR,Ef9,Gujarati,guja1252,Gujarati,Indian Subcontinent,,39,22,Indo-European,
Gujarati,1,0,0,0,0,સવાર;,બપોર;,બપોર;,સાંજ;,દિવસ દરમિયાન;,રાત્રિ;,મધ્યરાત્રિ;,savāra;,bapōra;,bapōra;,sān̄ja;,divasanō samaya;,rātri;,madhyarātri;,早晨;,下午;,下午;,晚上;,白天;,夜晚;,午夜;,Morning;,Afternoon;,Afternoon;,Evening;,During the day;,Night;,Midnight;,1,0.25,0.25,1,0.5,1,1,Eurasia,guja1252,guj,Indic,IN,Ef9,Gujarati,guja1252,Gujarati,Indian Subcontinent,,23,72,Indo-European,
Hindi,1,0,0,0,0,सुबह;,दोपहर;,दोपहर;,शाम;,दिन के दौरान;,रात;,मध्यरात्रि;,subah; ,dopahar;, dopahar; , shaam; ,din ke dauraan; ,raat; ,madhyaraatri;,早晨;,下午;,下午;,晚上;,白天;,夜晚;,午夜;,morning;,noon;,afternoon;,evening;,during the day;,night;,midnight;,1,0.25,0.25,1,0.5,1,1,Eurasia,hind1269,hin,Indic,IN,CCMChind1269,Hindi,hind1269,Hindi,Indian Subcontinent,,25,77,Indo-European,
Icelandic,0,0,0,0,0,morgun;,hádegi;,síðdegis;,kvöld;,á daginn;,nótt;,miðnætti;,,,,,,,,早晨;,中午;,下午;,晚上;,白天;,夜晚;,午夜;,morning;,noon;,afternoon;,evening;,during the day;,night;,midnight;,1,1,1,1,0.5,1,1,Eurasia,icel1247,isl,Germanic,IS,Cg2,Icelanders,icel1247,Icelandic,Northern Europe,,65,-17,Indo-European,
Irish,0,1,0,0,0,Maidin；,meán lae;,Tráthnóna;,Tráthnóna;,i rith an lae;,Oíche;,Meán oíche;,,,,,,,,早晨;,中午;,晚上;,晚上;,白天;,夜晚;,午夜;,Maidin；,meán lae;,Tráthnóna;,Tráthnóna;,i rith an lae;,Oíche;,Meán oíche;,1,0.5,0.25,0.25,0.5,1,1,Eurasia,iris1253,gle,Celtic,IE,Cg3,Irish,iris1253,Irish,Northern Europe,,53,-8,Indo-European,
Italian,0,0,0,0,0,Mattina;,mezzogiorno;,pomeriggio;,sera;,durante il giorno;,notte;,mezzanotte;,,,,,,,,早晨;,中午;,下午;,晚上;,白天;,夜晚;,午夜;,Morning;,noon;,afternoon;,evening;,during the day;,night;,midnight;,1,1,1,1,0.5,1,1,Eurasia,ital1282,ita,Romance,CH IT,,Neapolitans,neap1235,Continental Southern Italian,Southeastern Europe,,43,12,Indo-European,
Latvian,0,0,0,0,0,rīts;,pusdienlaiks;,pēcpusdienā;,vakars;,dienas laikā;,nakts;,pusnakts;,,,,,,,,早晨;,中午;,下午;,晚上;,白天;,夜晚;,午夜;,morning;,noon;,afternoon;,evening;,during the day;,night;,midnight;,1,1,1,1,0.5,1,1,Eurasia,latv1249,lav,Baltic,LV,,Latvians,latv1249,Latvian,Eastern Europe,,57,24,Indo-European,
Lithuanian,0,0,0,0,0,rytas;,vidurdienis;,popietę;,vakaras;,dienos metu;,naktis;,vidurnaktis;,,,,,,,,早晨;,中午;,下午;,晚上;,白天;,夜晚;,午夜;,morning;,noon;,afternoon;,evening;,daytime;,night;,midnight;,1,1,1,1,0.5,1,1,Eurasia,lith1251,lit,Baltic,LT,,Lithuanians,lith1251,Lithuanian,Eastern Europe,,55,24,Indo-European,
Macedonian,0,0,0,0,0,Утро;,пладне;,попладне;,вечер;,во текот на денот;,Ноќ;,полноќ;,Utro;,pladne;,popladne;,večer;,vo tekot na denot;,Noḱ;,polnoḱ;,早晨;,中午;,下午;,晚上;,白天;,夜晚;,午夜;,Morning;,Noon;,Afternoon;,Evening;,During the Day;,Night;,Midnight;,1,1,1,1,0.5,1,1,Eurasia,mace1250,mkd,Slavic,MK,,Macedonian,mace1250,Macedonian,Southeastern Europe,,41.66666667,21.75,Indo-European,
Marathi,0,0,0,0,0,सकाळ;,दुपार;,दुपारी;,संध्याकाळ;,पहाट;दिवसा,रात्र;,मध्यरात्री;,sakāḷa;,dupāra;,dupārī;,sandhyākāḷa;,pahāṭa;,rātra āṇi divasa;,madhyarātrī;,早晨;,下午;,下午;,晚上;,黎明;白昼,夜晚;,午夜;,Morning;,Afternoon;,Afternoon;,Evening;,Dawn;Daytime,Night;,Midnight;,1,0,1,1,1,1,1,Eurasia,mara1378,mar,Indic,IN,CCMCmara1378,Marathi,mara1378,Marathi,Indian Subcontinent,,19,76,Indo-European,
Nepali,1,0,0,0,0,बिहान;,दिउँसो;,दिउँसो;,साँझ;,दिनको समयमा;,रात;,मध्यरात;,bihāna;,di'um̐sō;,di'um̐sō;,sām̐jha;,Dinakō samayamā;,rāta;,madhyarāta;,早晨;,下午;,下午;,晚上;,白天;,夜晚;,午夜;,Morning;,Afternoon;,Afternoon;,Evening;,During the day;,Night;,Midnight;,1,0.25,0.25,1,0.5,1,1,Eurasia,nepa1254,npi,Indic,NP,CCMCnepa1254,Nepali,nepa1254,Nepali,Indian Subcontinent,,28,85,Indo-European,
Norwegian,0,0,0,0,0,morgen;,middag;,ettermiddag;,kveld;,dagtid;,natt;,midnatt;,,,,,,,,早晨;,晚餐;,下午;,晚上;,白天;,夜晚;,午夜;,morning;,noon;,afternoon;,evening;,daytime;,night;,midnight;,1,0.25,1,1,1,1,1,Eurasia,norw1258,nor,Germanic,NO,CCMCnorw1258,Norwegian,norw1258,Norwegian,Northern Europe,,61,8,Indo-European,
Pashto,0,0,0,0,0,سهار؛,غرمه؛,ماسپښین؛,ماښام؛,د ورځې په اوږدو کې؛,شپه؛,نیمه شپه؛,sehehar;,gharma;,maspakhen;,makham;,da warze paa ugdo ke;,shpa;,nema shpa;,早晨;,中午;,下午;,晚上;,白天;,夜晚;,午夜;,Morning;,Noon;,Afternoon;,Evening;,During the day;,Night;,Midnight;,1,1,1,1,0.5,1,0.5,Eurasia,cent1973,pst,Iranian,PK AF,CCMCpash1269,Pashto,pash1269,Pashto,Indian Subcontinent,,33,67,Indo-European,
Persian,0,0,0,0,0,صبح؛,ظهر؛,بعد از ظهر؛,عصر؛,در طول روز؛,شب؛,نیمه شب؛,sobh;,zanpar;,bad az zanpar;,asr;,ruz;,shab;,nimeh shab;,早晨;,中午;,下午;,晚上;,白天;,夜晚;,午夜;,Morning;,Noon;,Afternoon;,Evening;,During the day;,Night;,Midnight;,1,1,0.5,1,0.5,1,1,Eurasia,west2369,pes,Iranian,IR,,,,,,,32,54,Indo-European,
Polish,0,0,0,0,0,Poranek;,południe;,popołudnie;,wieczór;,w ciągu dnia;,noc;,północ;,,,,,,,,早晨;,南;,下午;,晚上;,白天;,夜晚;,午夜;,Morning;,Noon;,Afternoon;,Evening;,During the day;,Night;,Midnight;,1,1,1,0.25,0.5,1,1,Eurasia,poli1260,pol,Slavic,PL,CCMCpoli1260,Polish,poli1260,Polish,Middle Europe,,52,20,Indo-European,
Portuguese(Portugal),0,0,0,0,1,manhã;,meio-dia;,tarde;,noite;,durante o dia;,noite;,meia-noite;,,,,,,,,早晨;,正午;,下午;,夜晚;,白天;,夜晚;,午夜;,morning;,noon;,afternoon;,night;,during the day;,night;,midnight;,1,1,1,0.25,0.5,0.25,1,Eurasia,port1283,por,Romance,PT,,Portuguese,gali1257,Galician Portuguese,Southwestern Europe,,39,-8,Indo-European,
Romanian,0,0,0,0,0,dimineaţă;,amiază;,după-amiază;,seară;,în timpul zilei;,noapte;,miezul nopţii;,,,,,,,,早晨;,中午;,下午;,晚上;,白天;,夜晚;,午夜;,morning;,noon;,afternoon;,evening;,during the day;,night;,midnight;,1,1,1,1,0.5,1,0.5,Eurasia,roma1327,ron,Romance,RO,,Romanian,roma1327,Romanian,Southeastern Europe,,46,25,Indo-European,
Russian,1,0,0,0,0,утро;,полдень;,полдень;,вечер;,дневное время;,ночь;,полночь;,utro; ,polden';, polden'; ,vecher; ,dnevnoye vremya; ,noch';, polnoch';,早晨;,中午;,中午;,晚上;,白天;,夜晚;,午夜;,morning;,noon;,midday;,evening;,daytime;,night;,midnight;,1,1,1,1,0.5,1,1,Eurasia,russ1263,rus,Slavic,RU,SCCS54,Russians,russ1263,Russian,Eastern Europe,,56,38,Indo-European,
Serbian-Croatian,0,0,0,0,0,јутро;,подне;,поподне;,вече;,током дана;,ноћ;,поноћ;,jutro;,podne;,podne;,veče;,dnevno;,noć;,ponoć;,早晨;,中午;,下午;,晚上;,白天;,夜晚;,午夜;,morning;,noon;,afternoon;,evening;,during the day;,night;,midnight;,1,1,1,1,0.5,1,1,Eurasia,sout1528,hbs,Slavic,RS BA HR,,Serbs,serb1264,Serbian Standard,Southeastern Europe,,44,19,Indo-European,
Sinhala,0,0,0,0,0,උදෑසන;,0,දහවල්;,සවස;,දිවා කාලය;,රෑ;,මධ්‍යම රාත්‍රිය;,udǣsana;,dahaval;,dahaval;,savasa;,divā kālaya;,rǣ;,madhyama rātriya;,早晨;,0,下午;,晚上;,白天;,夜晚;,午夜;,Morning;,0,Afternoon;,Evening;,Daytime;,Night;,Midnight;,1,0,1,1,0.5,1,0.5,Eurasia,sinh1246,sin,Indic,LK,Eh6,Sinhalese,sinh1246,Sinhala,Indian Subcontinent,,7,80.5,Indo-European,
Slovak,0,0,0,0,0,ráno;,poludnie;,popoludní;,večer;,počas dňa;,noc;,polnoc;,,,,,,,,早晨;,中午;,下午;,晚上;,白天;,夜晚;,午夜;,morning;,noon;,afternoon;,evening;,during the day;,night;,midnight;,1,1,1,1,0.5,1,1,Eurasia,slov1269,slk,Slavic,SK,CCMCslov1269,Slovak,slov1269,Slovak,Middle Europe,,49,20,Indo-European,
Slovene,0,0,0,0,0,jutro;,opoldne;,popoldne;,zvečer;,podnevi;,noč;,polnoč;,,,,,,,,早晨;,中午;,下午;,晚上;,白天;,夜晚;,午夜;,morning;,noon;,afternoon;,evening;,daytime;,night;,midnight;,1,1,1,1,1,1,1,Eurasia,slov1268,slv,Slavic,SI,,Slovenian,slov1268,Slovenian,Southeastern Europe,,46,15,Indo-European,
Spanish,0,0,0,0,1,mañana;,mediodía;,tarde;,noche;,tiempo de día;,noche;,medianoche;,,,,,,,,明天;,中午;,晚的;,晚上,白天;,晚上;,午夜;,morning;,noon;,,night;,daytime;,night;,midnight;,0.25,1,1,1,0.5,1,1,Eurasia,stan1288,spa,Romance,ES,Ce6,Spaniards,stan1288,Spanish,Southwestern Europe,,40,-4,Indo-European,
Swedish,0,0,0,0,0,morgon;,middag;,eftermiddag;,kväll;,dagtid;,natt;,midnatt;,,,,,,,,早晨;,晚餐;,下午;,晚上;,白天;,夜晚;,午夜;,morning;,noon;,afternoon;,evening;,daytime;,night;,midnight;,1,1,1,1,1,1,1,Eurasia,swed1254,swe,Germanic,FI SE,CCMCswed1254,Swedish,swed1254,Swedish,Northern Europe,,60,15,Indo-European,
Ukrainian,0,0,0,0,0,ранок;,полудень;,0,вечір;,протягом дня;,ніч;,опівночі;,ranok;, poludenʹ; ,0, vechir; ,protyahom dnya;, nich;, opivnochi;,早晨;,中午;,0,晚上;,白天;,夜晚;,在午夜；,morning;,noon;,0,evening;,during the day;,night;,midnight;,1,1,0,1,0.5,1,1,Eurasia,ukra1253,ukr,Slavic,UA,,Ukrainians,east2270,East Ukrainian,Eastern Europe,,49,33,Indo-European,
Urdu,1,0,0,0,0,صبح؛,دوپہر,دوپہر,شام,دن کے وقت,رات,آدھی رات,sabah;,dopehr,dopehr,sham,dan ke waqat,raat,aadhi raat,早晨;,下午,下午,叙利亚,白天,夜晚,午夜,Morning;,Afternoon,Noon,Evening,Daytime,Night,Midnight,1,0.25,0.25,1,0.5,1,0.5,Eurasia,urdu1245,urd,Indic,PK,,,,,,,25,67,Indo-European,
Welsh,0,0,0,0,0,boreu ;,hanner dydd;,prynhawn;,noswaith;,yn ystod y dydd;,nos;,hanner nos;,,,,,,,,早晨,中午;,下午;,晚上;,白天;,夜晚;,午夜;,morning,noon;,afternoon;,evening;,during the day;,night;,midnight;,1,0.5,1,1,0.5,1,1,Eurasia,wels1247,cym,Celtic,GB,,,,,,,52,-3,Indo-European,
Mandarin,0,0,0,0,0,上午；,中午；,下午；,晚上；晚间,白天；,夜晚［与白天相对，统称］；,半夜；,,,,,,,,,,,,,,,,,,,,,,1,1,1,1,1,1,1,Eurasia,mand1415,cmn,Chinese,CN,,Shantung,mand1415,Mandarin Chinese,China,,34,110,Sino-Tibetan,
Cantonese,0,0,0,0,0,上午；,中午;,晏晝;,夜晚；,白天；,夜晚;,半夜;,,,,,,,,,,,,,,,,,,,,,,1,1,1,1,1,1,1,Eurasia,yuec1235,yue,Chinese,CN,,Cantonese,yuec1235,Yue Chinese,China,,23,113,Sino-Tibetan,
Abkhaz,1,0,0,0,0,ашьыжь;,шьыбжьон;,шьыбжьон;,ахәылԥаз;,ҽынла;,аҵх;,ҵхабжьон;,ašʹyžʹ;,šʹybžʹon;,šʹybžʹon;,ahəylṕaz;,ƈynla;,ac̄h;,c̄habžʹon;,早晨;,下午;,下午;,晚上;,白天;,夜晚;,午夜;,morning;,noon;,noon;,evening;,daytime;,night;,midnight;,1,0.25,0.25,1,1,1,1,Eurasia,abkh1244,abk,Northwest Caucasian,GE,Ci12,Abkhaz,abkh1244,Abkhaz,Caucasus,,43.08333333,41,Northwest Caucasian,
Acehnese,1,0,0,0,1,beungeuh;,asa;,asa;,malam;,bak uroe;,malam;,tingeuh malam;,,,,,,,,早期的;,失望的;,失望的;,晚上;,白天;,晚上;,午夜;,early;,disappointed;,disappointed;,evening;,during the day;,evening;,midnight;,0.25,0.25,0.25,0.25,0.5,0.25,0.5,Eurasia,achi1257,ace,Malayo-Sumbawan,ID,,,,,,,5.5,95.5,Austronesian,
Qafar(Afar),0,0,0,0,1,maaca;,laqo;,carra;,bara;,ayroh uddur;,bara;,barak gude;,,,,,,,,早晨;,中午;,下午;,晚上;,一天中的时间；,晚上;,午夜;,morning;,noon;,afternoon;,evening;,time of day;,evening;,midnight;,1,1,1,1,0,1,0.5,Africa,afar1241,aar,Lowland East Cushitic,ET ER DJ,Ca6,Afar,afar1241,Afar,Northeast Tropical Africa,,12,42,Afro-Asiatic,
Arabic,0,0,0,0,0,صباح؛,الظهر؛,بعد الظهر؛,مساء؛,خلال النهار؛,ليلة؛,منتصف الليل؛,sabahi;,alzuhra;,baed alzuhri;,masa'i;,khilal alnahar;,laylat;,muntasaf alliyli;,早晨;,中午;,下午;,晚上;,白天;,夜晚;,午夜;,Morning;,Noon;,Afternoon;,Evening;,During the day;,Night;,Midnight;,1,1,0.5,1,0.5,1,0.5,Eurasia,stan1318,arb,Semitic,KW SO SY OM QA EG TN MA LY KM JO LB ER YE SA IQ PS DZ AE BH SD IL,CCMCarab1395,,,,,,25,33,Afro-Asiatic,
Alur,0,1,0,0,0,kugweno;,dyeceng matek;,othyeno;,othyeno;,i dieceng;,dyewor;,dyewor maling;,,,,,,,,早晨;,中午;,晚上;,晚上;,在白天；,夜晚;,午夜;,morning;,noon;,evening;,evening;,in the daytime;,night;,midnight;,1,0.5,0.25,0.25,0.5,1,0.5,Africa,alur1250,alz,Nilotic,,Aj17,Alur,alur1250,Alur,West-Central Tropical Africa,,2.36,31,Nilo-Saharan,
Amharic,0,0,0,0,0,ጠዋት፤,ቀትር;,ከሰአት፤,ምሽት፤,በቀን ውስጥ;,ለሊት፤,እኩለ ሌሊት;,t’ewati;,k’etiri; ,kese’āti; ,mishiti;, bek’eni wisit’i; ,lelīti; ,ikule lēlīti;,早晨;,中午;,下午;,晚上;,白天;,夜晚;,午夜;,Morning;,Noon;,Afternoon;,Evening;,During the day;,At night;,Midnight;,1,1,1,1,0.5,1,0.5,Africa,amha1245,amh,Semitic,ET,Ca7,Amhara,amha1245,Amharic,Northeast Tropical Africa,,10,38,Afro-Asiatic,
Acholi,1,0,0,0,0,odiku;,idye ceng;,idye ceng;,otyeno;,i dyeceng;,dye wor;,cwiny di wo;,,,,,,,,早晨;,下午;,下午;,晚上;,下午;,夜晚;,午夜;,morning;,afternoon;,afternoon;,evening;,afternoon;,night;,midnight;,1,0.25,0.25,1,0.5,0.5,0.5,Africa,acol1236,ach,Western Nilotic,UG SS,CCMCacol1236,Acoli,acol1236,Acoli,East Tropical Africa,,3,32.66666667,Nilo-Saharan,
Assamese,0,0,0,0,0,পুৱা;,দুপৰীয়া;,আবেলি;,সন্ধিয়া;,দিনৰ ভাগত;,নিশা;,মাজনিশা;,puwa;,duporiya;,abeli;,sandhiya;,dinor vagot;,nishaa;,majonishaa;,早晨;,中午;,下午;,晚上;,白天；,夜晚;,午夜;,morning;,noon;,afternoon;,evening;,During the daytime;,night;,midnight;,1,1,1,1,0.5,1,1,Eurasia,assa1263,asm,Indic,IN,,,,,,,26,93,Indo-European,
Azerbaijani,1,0,0,0,0,səhər;,günorta;,günorta;,axşam;,gündüz;,gecə;,gecə yarısı;,,,,,,,,早晨;,下午;,下午;,晚上;,白天;,夜晚;,午夜;,morning;,noon;,afternoon;,evening;,daytime;,night;,midnight;,1,0.25,0.25,1,1,1,0.5,Eurasia,azer1255,azb azj,Turkic,AZ IR,,,,,,,40.5,48.5,Altaic,
Awadhi,0,0,0,0,0,सबेर;,दुपहरी;,दुपहर;,सांझि;,दिन के समय;,राति;,आधी राति;,saber;,dupaharee;,dupahar;,saanjhi;,din ke samay;,raati;,aadhee raati;,早晨;,中午;,下午;,晚上;,一天中的时间；,夜晚;,午夜;,morning;,noon;,afternoon;,evening;,time of day;,night;,midnight;,1,1,1,1,0,1,0.5,Eurasia,awad1243,awa,Indic,IN NP,,,,,,,27.5,81.5,Indo-European,
Avar,1,0,0,0,0,рогьел;,къалъулгӀуж;,къалъулгӀуж;,къасимех;,къоялда жаниб в течение дня;;,сордо;,сордо бащалъараб заман;,rohel;,qaļulⱨuƶ;,qaļulⱨuƶ;,qasimex;,qojaļ v tecenie dnja;;,sordo;,sordo başşaļarab zaman;,早晨;,下午;,下午;,晚上;,白天;;,夜晚;,午夜;,morning;,afternoon;,afternoon;,evening;,during the day;;,night;,midnight;,1,0.25,0.25,1,0.5,1,0.5,Eurasia,avar1256,ava,Avar-Andic-Tsezic,AZ RU,,,,,,,42.5,46.5,Northeast Caucasian,
Aymara,0,0,0,0,1,qharüru;,chika uru;,jayp'u;,aruma;,uruxa;,aruma;,chika aruma;,,,,,,,,明天;,中午;,晚的;,晚上;,那天；,晚上;,午夜;,tomorrow;,noon;,late;,evening;,the day of the ;,evening;,midnight;,0.25,0.5,0.25,0.25,0,0.25,0.5,South America,cent2142,ayr,Aymaran,,Sf2,Aymara,cent2142,Central Aymara,Western South America,,-17,-69,Aymaran,
Balinese,0,0,0,0,1,semeng;,tengai tepet;,sanja;,peteng;,rikala rahina;,peteng;,tengah lemeng;,,,,,,,,早晨;,中午;,下午;,晚上;,白天;,晚上;,午夜;,morning;,noon;,afternoon;,evening;,during the day;,evening;,midnight;,1,0.5,1,0.25,0.5,0.25,0.5,Papunesia,bali1278,ban,Malayo-Sumbawan,ID,Ib3,Balinese,bali1278,Balinese,Malesia,,-8.333333333,115.25,Austronesian,
Balochi,1,0,0,0,0,سُہب؛,نیمروچ؛,نیمروچ؛,بیگاہ؛,روش ئے وختا,شپ؛,شپ نیم؛,sohb;,némróch;,némróch;,bégáh;,rósh ay wktá,shap;,shap ném;,早晨;,下午;,下午;,晚上;,白天。,夜晚;,午夜;,morning;,afternoon;,afternoon;,evening;,during the day.,night;,midnight;,1,0.25,0.25,1,0.5,1,0.5,Eurasia,west2368,bgn,Iranian,,Ea10,Marri,east2304,Eastern Balochi,Indian Subcontinent,,28,62,Indo-European,
Bashkir,0,0,0,0,0,иртә;,төш;,төштән һуң;,кис;,көндөҙ;,төн;,төн уртаһы;,irtə;,töš;,töštən ḫuň;,kis;,köndöz̦;,tön;,tön urtaḫy;,早期的;,梦;,下午;,晚上;,白天;,夜晚;,午夜;,early;,dream;,afternoon;,evening;,during the day;,night;,midnight;,0.25,0.25,0.5,1,1,1,0.5,Eurasia,bash1264,bak,Turkic,RU,ch12,Bashkir,bash1264,Bashkir,Eastern Europe,,53,58,Altaic,
Basque,0,1,0,0,0,goiza;,eguerdia;,arratsaldea;,arratsaldea;,egunez;,gaua;,gauerdia;,,,,,,,,早晨;,中午;,下午;,下午;,白天;,夜晚;,午夜;,morning;,noon;,afternoon;,afternoon;,daytime;,night;,midnight;,1,1,0.25,0.25,1,1,1,Eurasia,basq1248,eus,Basque,,SCCS50,Spanish Basques,west1508,Western Low Navarrese,Southwestern Europe,,43,-3.833333333,Isolates,
Batak Karo,1,0,0,0,0,pepagi;,ciger;,Ciger;,karaben;,siang wari;,Berngi;,peteng;,,,,,,,,早晨;,下午;,下午;,晚上;,白天;,夜晚;,午夜;,morning;,afternoon;,Afternoon;,evening;,daytime;,Night;,midnight;,1,0.25,0.25,1,0.5,1,1,Papunesia,bata1293,btx,Northwest Sumatra-Barrier Islands,ID,Ib4,Toba Batak,bata1289,Batak Toba,Malesia,,3.25,98.25,Austronesian,
Batak Toba,0,0,0,0,0,manogot;,arian;,potang;,borngin ni ari;,di arian;,borngin;,tonga borngin;,,,,,,,,早晨;,中午;,下午;,晚上;,白天;,夜晚;,午夜;,morning;,noon;,afternoon;,evening;,during the day;,night;,midnight;,1,1,1,0.5,0.5,1,0.5,Papunesia,bata1289,bbc,Northwest Sumatra-Barrier Islands,ID,,Toba Batak,bata1289,Batak Toba,Malesia,,2.5,99,Austronesian,
Batak Simalungun,0,0,0,0,0,sogod;,samon;,samon samon;,borngin;,siang ari;,borngin,tongah borgin;,,,,,,,,早晨;,疮;,下午;,晚上;,白天;,晚上,午夜;,morning;,sore;,afternoon;,evening;,daytime;,evening,midnight;,1,0,0.5,0.25,0.5,0.25,0.5,Papunesia,,bts,,,,,,,,,3.04,98.91,Austronesian,
Baoure,0,0,0,0,0,n'glɛmu;,midi;,amindi sin;,n'dɔssua;,0,kuɛ guɛ;,minui;,,,,,,,,早晨;,中午;,下午;,晚上;,0,夜晚;,午夜;,morning;,noon;,afternoon;,evening;,0,night;,midnight;,1,1,0.5,1,0,0.5,1,Africa,baou1238,bci,Tano,CI,Af9,Baule,baou1238,Baoulé,West Tropical Africa,,7,-5,Niger-Congo,
Belarusian,0,0,0,0,0,раніца;,поўдзень;,пасля абеду;,вечар;,дзённы;,ноч;,поўнач;,ranica;,poŭdzień;,paslia abiedu;,viečar;,dzionny;,noč;,poŭnač;,早晨;,南;,晚饭后；,晚上;,白天;,夜晚;,午夜;,morning;,noon;,afternoon;,evening;,daytime;,night;,midnight;,1,0.25,0,1,1,1,1,Eurasia,bela1254,,,,,Byelorussians,bela1254,Belarusian,Eastern Europe,,53.23,25.6,Indo-European,
Bambara,0,0,0,0,1,sɔgɔma;,midi;,wula;,su;,tile fɛ;,su;,dugutila;,,,,,,,,早晨;,中午;,下午;,晚上;,在白天；,晚上;,午夜;,morning;,noon;,afternoon;,evening;,during the daytime;,evening;,midnight;,1,1,1,0.25,0.5,0.25,1,Africa,bamb1269,bam,Western Mande,ML,,Bambara,bamb1269,Bambara,West Tropical Africa,,12.5,-7.5,Niger-Congo,
Bhojpuri,0,0,0,0,0,भोर;,दुपहरिया;,दुपहरिया बाद;,सांझि;,दिन के समय में;,रात;,आधी रात;,bhor;,duphriya;,duphriya bad;,sanjhi;,din ke smy men;,rat;,adhi rat;,早晨;,中午;,下午;,晚上;,在白天；,夜晚;,午夜;,morning;,noon;,afternoon;,evening;,during the daytime;,night;,midnight;,1,1,0.5,1,0.5,1,0.5,Eurasia,bhoj1244,bho,Indic,IN,Ef11,Uttar Pradesh,bhoj1244,Bhojpuri,Indian Subcontinent,,26,84,Indo-European,
Breton,0,0,0,0,0,mintin;,kreisteiz;,enderv;,nozvezh;,e-pad an deiz;,noz;,hanternoz;,,,,,,,,早晨;,中午;,下午;,晚上;,白天;,夜晚;,午夜;,morning;,noon;,afternoon;,evening;,during the day;,night;,midnight;,1,1,1,1,0.5,1,1,Eurasia,bret1244,bre,Celtic,FR,,,,,,,48,-3,Indo-European,
Bikol,0,0,0,0,1,aga;,udto;,hapon;,banggi;,sa aldaw;,banggi;,matanga;,,,,,,,,早晨;,中午;,下午;,晚上;,白天;,晚上;,午夜;,morning;,noon;,afternoon;,evening;,during the day;,evening;,midnight;,1,1,1,0.25,0.5,0.25,1,Papunesia,cent2087,bcl,Greater Central Philippine,PH,,,,,,,13.33333333,123.5,Austronesian,
Burmese,0,0,0,0,0,နံနက်;,နေ့လယ်;,မွန်းလွဲပိုင်း;,ညနေ;,နေ့ဘက်;,ည;,သန်းခေါင်ယံ;, nannaat;, naelaal;, mwannlwalpine;, nyanay;, nae bhaat;, ny;, saannhkaungyan;,早晨;,下午;,下午;,晚上;,白天;,夜晚;,午夜;,Morning;,Noon;,Afternoon;,Evening;,Daytime;,Night;,Midnight;,1,1,1,1,1,1,1,Eurasia,nucl1310,mya,Burmese-Lolo,MM,Ei3,Burmese,nucl1310,Burmese,Indo-China,,21,96,Sino-Tibetan,
Buryat,1,0,0,0,0,үглөө;,үдэ;,үдэ;,үдэшэ;,үдэрэй туршада;,һүни;,һүниин тэн;,üglöö;,üdé;,üdé;,üdéšé;,üdéréj turšada;,ḫüni;,ḫüniin tén;,早晨;,下午;,下午;,晚上;,白天;,夜晚;,午夜;,morning;,afternoon;,afternoon;,evening;,during the day;,night;,midnight;,1,0.25,0.25,1,0.5,1,0.5,Eurasia,buri1258,,,,,,,,,,51.83,107.6,Altaic,
Canadian,1,0,0,0,1,leebi;,shwane;,shwane;,gbɛkɛ;,yɛ gbi lɛ mli;,gbɛkɛ;,maŋkɛ;,,,,,,,,早晨;,下午;,下午;,晚上;,白天;,晚上;,午夜;,morning;,afternoon;,afternoon;,evening;,during the day;,evening;,midnight;,1,0.25,0.25,0.25,0.5,0.25,1,NA,NA,NA,NA,NA,Cf5,French Canadians,queb1247,Québécois,Indo-European,,47,-72,Eastern Canada,
Cebuano,0,0,0,0,1,buntag;,udto;,hapon;,gabii;,adlaw;,gabii;,tungang gabii;,,,,,,,,早晨;,中午;,下午;,夜晚;,天;,夜晚;,午夜;,morning;,noon;,afternoon;,night;,day;,night;,midnight;,1,1,1,0.25,0,0.25,0.5,Papunesia,cebu1242,ceb,Greater Central Philippine,PH,Ia12,Sugbuanon,cebu1242,Cebuano,Malesia,,10,124,Austronesian,
Crimean Tatar,0,0,0,0,0,saba;,üyle;,kündüz;,aqşam;,kündüz vaqıtında;;,gece;,gece yarısı;,,,,,,,,早晨;,中午;,下午;,晚上;,白天;;,夜晚;,午夜;,morning;,noon;,afternoon;,evening;,during the day;;,night;,midnight;,1,1,1,1,0.5,1,0.5,Eurasia,crim1257,crh,Turkic,UZ,,,,,,,45,34.08333333,Altaic,
Chamorro,1,0,0,0,0,oga'an;,talu'ani;,talu'ani;,pupuengi;,gi diha;,puengi;,tatalu puengi;,,,,,,,,早晨;,下午;,下午;,晚上;,白天;,夜晚;,午夜;,morning;,afternoon;,afternoon;,evening;,during the day;,night;,midnight;,1,0.25,0.25,1,0.5,1,0.5,Papunesia,cham1312,cha,Chamorro,,If8,Chamorro,cham1312,Chamorro,Northwestern Pacific,,13.45,144.75,Austronesian,
Chechen,1,0,0,0,0,Ӏуьйре;,делкъе;,делкъе;,суьйре;,дийнахь;,буьйса;,ахбуьйса;,Jüyre;,delq̇e;,delq̇e;,süyre;,diynaẋ;,büysa;,axbüysa;,早晨;,下午;,下午;,晚上;,白天;,夜晚;,午夜;,Morning;,afternoon;,afternoon;,evening;,during the day;,night;,midnight;,1,0.25,0.25,1,1,1,1,Eurasia,chec1245,che,Nakh,RU,Ci7,Chechen,chec1245,Chechen,Caucasus,,43.25,45.83333333,Northeast Caucasian,
Chichewa,0,0,0,1,0,m'mawa;,0,masana;,madzulo;,masana;,usiku;,pakati pausiku;,,,,,,,,在早晨;,0,下午;,晚上;,下午;,晚上;,午夜;,morning;,0,noon;,evening;,afternoon;,night;,midnight;,1,0,0.25,1,0.25,1,0.5,Africa,nyan1308,nya,Bantu,MZ MW ZM ZW,,Chewa,chew1246,Chewa,South Tropical Africa,,-14,34,Niger-Congo,
Kiga,0,0,0,0,0,orire ota;,shaaha mukaaga;,kyamushana;,omwabazyo;,omu ihangwe;,omukiro;,eitumbi;,,,,,,,,早上好;,中午;,午餐;,晚上;,白天;,夜晚;,午夜;,good morning;,noon;,lunch;,evening;,during the day;,night;,midnight;,0.5,0.5,1,1,0.5,1,1,Africa,chig1238,cgg,Bantu,UG,Ad13,Kiga,chig1238,Chiga,West-Central Tropical Africa,,-0.916666667,29.83333333,Niger-Congo,
Chuukese,0,0,0,0,0,nesossor;,neonowas;,esopw ran;,nekunion;,atun ewe rán;,pwiin;,nukenipwin;,,,,,,,,早晨;,中午;,下午;,晚上;,白天;,夜晚;,午夜;,morning;,noon;,afternoon;,evening;,during the day;,night;,midnight;,1,1,0.5,1,0.5,1,1,Papunesia,chuu1238,chk,Oceanic,FM,If2,Trukese,chuu1238,Chuukese,Northwestern Pacific,,7.333333333,151.75,Austronesian,
Chuvash,0,0,0,0,1,ир;,кантӑрла;,кун;,каç;,в течение дня;;,каç;,çур çӗр;,ir;,kantărla;,kun;,kaç;,v tečenie dnâ;;,kaç;,çur çĕr;,早期的;,中午;,下午;,夜晚;,白天;;,夜晚;,午夜;,early;,noon;,afternoon;,night;,during the day;;,night;,midnight;,0.25,1,1,0.25,0.5,0.25,1,Eurasia,chuv1255,chv,Turkic,RU,ch14,Chuvash,chuv1255,Chuvash,Eastern Europe,,55.5,47.5,Altaic,
Corsican,0,0,0,0,0,mane;,meziornu;,dopu meziornu;,sera;,durante u ghjornu;,notte;,mezanotte;,,,,,,,,早晨;,中午;,下午;,晚上;,白天;,夜晚;,午夜;,morning;,noon;,afternoon;,evening;,during the day;,night;,midnight;,1,1,0.5,1,0.5,1,1,Papunesia,dhao1237,nfa,,,,,,,,,-10.81,122.66,Austronesian,
Dari,0,0,0,0,0,صبح؛,ظهر؛,بعد از چاشت؛,شام؛,در جریان روز؛,شب؛,نیمه شب؛,sobh;,zanpar;,bad az chasht;,sham;,dar jarian ruz;,shab;,nimeh shab;,早晨;,中午;,下午;,晚上;,白天;,夜晚;,午夜;,morning;,noon;,afternoon;,evening;,During the day;,night;,midnight;,1,1,0.5,1,0.5,1,0.5,Eurasia,dari1249,prs,Iranian,AF,,,,,,,35,66,Indo-European,
Dhivehi,1,0,0,0,0,morning;,afternoon;,afternoon;,evening;,during the day;,night;,midnight;,hen'dhunu;,mendhuru;,mendhuru;,haveeru;,dhuvaalu vaguthugaeve;,reygan'du;,dhanvaru;,早晨;,下午;,下午;,晚上;,白天;,夜晚;,午夜;,morning;,afternoon;,afternoon;,evening;,during the day;,night;,midnight;,1,0.25,0.25,1,0.5,1,1,Eurasia,dhiv1236,div,Indic,MV,,,,,,,4.166666667,73.5,Indo-European,
Dinka,0,0,0,0,0,Akɔ̈l;,Ɣɔ̈ɔ̈r;,gëëŋ;,aköl lɔ̈ŋ;,në akɔ̈lic;,waköu;,wëëric;,,,,,,,,早晨;,中午;,下午;,晚上;,下午;,夜晚;,午夜;,Morning;,Noon;,afternoon;,evening;,in the afternoon;,night;,midnight;,1,1,1,0.5,0.25,1,1,Africa,dink1262,din,Western Nilotic,SS,Aj11,Dinka,sout2832,Southwestern Dinka,Northeast Tropical Africa,,8.5,28,Nilo-Saharan,
Dyula,0,0,0,0,0,sɔgɔmada;,midi;,wula;,wulafɛ;,tilefɛ;,suu;,dugutilan;,,,,,,,,早晨;,中午;,下午;,晚上;,白天;,安静的;,午夜;,morning;,noon;,afternoon;,evening;,during the day;,quiet;,midnight;,1,1,1,1,1,0.25,1,Africa,dyul1238,dyu,Western Mande,BF ML CI,Ag27,Diula,dyul1238,Dyula,West Tropical Africa,,9.833333333,-4.666666667,Niger-Congo,
Dogri,0,0,0,0,0,बड़ला;,दपैह्‌र;,दपैहर;,तरकालां;रात;,दिन दा वक्त;,रात;,अद्धी रात;,badla;,dpaihr;,dpaihar;,raat;,din da vakt;,raat;,addhi raat;,早晨;,中午;,下午;,夜晚;,一天中的时间；,夜晚;,午夜;,morning;,noon;,afternoon;,night;,the time of day;,night;,midnight;,0.25,1,1,1,0,1,1,Eurasia,dogr1250,dgo,Indic,IN,Na15,Tlicho,dogr1252,Dogrib,Subarctic,,33,75,Indo-European,
Dzongkha,0,0,0,0,0,དྲོ་པ;,ཉིན༌དགུང;,ཉིན༌མ;,ཕྱི་རུ;,ཉིན་མའི་སྐབས།;,ཕྱི༌རུ;,ནུབ་མོ་ཕྱེད;,dro pa;,nyin*dgung;,nyin*ma;,phyi*ru;,nyin m'i skabs/;,phyi*ru;,nub mo phyed;,早晨;,中午;,下午;,晚上;,白天;,晚上;,午夜;,morning;,noon;,afternoon;,evening;,during the day;,evening;,midnight;,1,1,1,1,0.5,1,1,Eurasia,,dzo,,,,,nucl1307,,,,27.41,89.58,Sino-Tibetan,
Ewe,0,0,0,0,0,ŋdi;,ŋdɔ;,ŋdᴐ;,fiɛ̃;,ŋkeke me;,zã;,zã titina;,,,,,,,,早上好;,中午;,下午好;,花费;,白天;,花费;,午夜;,good morning;,noon;,good afternoon;,good evening;,during the day;,spend;,midnight;,1,1,1,1,0.5,1,0.5,Africa,ewee1241,ewe,Gbe,TG GH,Ewe,aguu1242,Agu (Ewe),Atlantic-Congo,,,6.333333333,0.416666667,Niger-Congo,
Estonian,0,0,0,0,0,hommikul;,keskpäeval;,pärastlõunal;,õhtu;,päeval;,öö;,südaöö;,,,,,,,,在早晨;,中午；,下午;,晚上;,白天;,夜晚;,午夜;,morning;,noon;,afternoon;,evening;,day;,night;,midnight;,1,1,1,1,1,1,1,Eurasia,esto1258,ekk,Finnic,EE,ch16,Estonians,esto1258,Estonian,Eastern Europe,,59,26,Uralic,
Faroese,0,0,0,0,0,morgun;,middagur;,seinnapartur;,kvøld;,dagtíð;,nátt;,midnátt;,,,,,,,,早晨;,中午;,下午;,晚上;,一天中的时间；,夜晚;,午夜;,morning;,noon;,afternoon;,evening;,time of day;,night;,midnight;,1,1,1,1,0,1,1,Eurasia,faro1244,fao,Germanic,DK,,,,,,,62,-7,Indo-European,
Frisian,1,0,0,0,0,moarn;,middei;,middei;,jûne;,oerdeis,nacht;,middernacht;,,,,,,,,早晨;,下午;,下午;,晚上;,白天,夜晚;,午夜;,morning;,afternoon;,afternoon;,evening;,daytime,night;,midnight;,1,0.25,0.25,1,1,1,1,Eurasia,west2354,fry,Germanic,NL DE,,,fris1239,,,,53,5,Indo-European,
Friulian,0,0,0,0,0,matine;,misdì;,dopomisdì;,sere;,di dì;,gnot;,miezegnot;,,,,,,,,早晨;,中午;,下午;,晚上;,白天；,夜晚;,午夜;,morning;,noon;,afternoon;,evening;,by day;,night;,midnight;,1,1,1,1,0.5,1,1,,friu1240,,,,,,,,,,46.1473,13.0493,Indo-European,
Filipino,0,0,0,0,1,umaga;,tanghali;,hapon;,gabi;,araw;,gabi;,hatinggabi;,,,,,,,,早晨;,中午;,下午;,夜晚;,天;,夜晚;,午夜;,morning;,noon;,afternoon;,evening;,day;,evening;,midnight;,1,1,1,0.25,0,0.25,1,Papunesia,fili1244,fil,,,,,fili1244,,,,12.27,123.46,Austronesian,None
Fijian,0,1,0,0,0,Mataka;,Ena sigalevu tutu;,Yakavi;,Yakavi;,ena loma ni siga;,bogi,Lomaloma ni bogi;,,,,,,,,明天;,中午；,晚上;,晚上;,在中午；,夜晚,午夜;,Tomorrow;,At noon;,Evening;,Evening;,in the middle of the day;,night,Midnight;,0.25,0.5,0.25,0.25,0.5,1,0.5,Papunesia,fiji1243,fij,Oceanic,FJ,Ih14,Mbau Fijians,bauu1243,Bau (Fijian),Southwestern Pacific,,-17.83333333,178,Austronesian,
Finnish,0,0,0,0,0,aamu;,keskipäivä;,iltapäivällä;,ilta;,päivällä;,yö;,keskiyö;,,,,,,,,早晨;,正午;,下午;,晚上;,白天；,夜晚;,午夜;,morning;,noon;,afternoon;,evening;,during the day;,night;,midnight;,1,1,1,1,1,1,1,Eurasia,finn1318,fin,Finnic,FI,,,,,,,62,25,Uralic,
Fongbe,0,1,0,0,0,zanzan;,zanzan;,gbadanu;,gbadanu;,kéze mɛ;,zǎn;,zanzan;,,,,,,,,早晨;,早晨;,晚上;,晚上;,白天;,使用;,早晨;,morning;,morning;,evening;,evening;,during the day;,use;,morning;,0.25,0.25,0.25,0.25,0.5,1,0.25,Africa,fonn1241,fon,Gbe,BJ,Af1,Fon,fonn1241,Fon,West Tropical Africa,,6.416666667,2.166666667,Niger-Congo,
Fula,0,1,0,0,0,fajiri;,naange;,asiri;,asiri;,e nder ñalawma;,jemma;,cakka jemma;,,,,,,,,早晨;,太阳;,晚上;,晚上;,白天;,夜晚;,午夜;,morning;,sun;,evening;,evening;,during the day;,night;,midnight;,1,0.25,0.25,0.25,0.5,1,0.5,Africa,pula1263,fuc,Peul-Serer,SN,Cb23,Tukulor,pula1263,Pulaar,West Tropical Africa,,15,-14,Niger-Congo,
Greenlandic,0,0,0,0,0,ullaaq;,ulloqeqqa;,unnuk;,unnugiaq;,ulloq unnuarlu;,unnuaq;,unnuap qeqqa;,,,,,,,,早晨;,中午;,下午;,晚上;,日夜;,夜晚;,午夜;,morning;,noon;,afternoon;,evening;,day and night;,night;,midnight;,1,1,1,1,0.5,1,0.5,Eurasia,kala1399,kal,Eskimo,GL,Na25,Kalaallit (West Greenland),kala1399,Kalaallisut,Subarctic America,,64,-51,Eskimo-Aleut,
Georgian,1,0,0,0,0,დილა;,შუადღე;,შუადღე;,საღამო;,დღისით;,ღამე;,შუაღამე;,dila;,shuadghe;,shuadghe;,ghame;,dghis ganmavlobashi;,ghame;,shuaghame;,早晨;,下午;,下午;,晚上;,白天;,夜晚;,午夜;,Morning;,Afternoon;,Afternoon;,Evening;,Daytime;,Night;,Midnight;,1,0.25,0.25,1,1,1,1,Eurasia,nucl1302,kat,Kartvelian,GE,,,,,,,42,44,Kartvelian,
Guarani,0,0,0,0,1,Ko'ẽ;,asajepyte;,ka'aru;,pyhare;,ára pukukue;,pyhare;,pyharepytũ;,,,,,,,,早晨;,中午;,晚的;,晚上;,全天；,晚上;,午夜;,Morning;,noon;,late;,evening;,throughout the day;,evening;,midnight;,1,1,0,0.25,0,0.25,1,South America,para1311,gug,Maweti-Guarani,PY,,,,,,,-26,-56,Tupian,
Hausa,0,1,0,0,0,safiya;,tsakar rana;,maraice;,maraice;,a cikin yini;,dare;,tsakar dare;,,,,,,,,早晨;,中午;,晚上;,晚上;,白天;,夜晚;,午夜;,morning;,noon;,evening;,evening;,during the day;,night;,midnight;,1,0.5,0.25,0.25,0.5,1,0.5,Africa,haus1257,hau,West Chadic,NG NE,Cb26,Zazzagawa Hausa,haus1257,Hausa,West Tropical Africa,,12,7,Afro-Asiatic,
Hawaiian,1,0,0,0,0,kakahiaka;,awakea;,awakea;,ahiahi;,lā;,pō;,aumoe;,,,,,,,,早晨;,下午;,下午;,晚上;,天;,夜晚;,午夜;,morning;,afternoon;,afternoon;,evening;,day;,night;,midnight;,1,0.25,0.25,1,0,1,1,Papunesia,hawa1245,haw,Oceanic,US,Ij6,Hawaiians,hawa1245,Hawaiian,North-Central Pacific,,19.58333333,-155.5,Austronesian,
Hiligaynon,0,0,0,0,1,aga;,Ugto adlaw;,hapon;,gab-i;,sa adlaw;,gab-i;,tungang gabii;,,,,,,,,早晨;,中午;,下午;,晚上;,白天;,晚上;,午夜;,morning;,Noon;,afternoon;,evening;,during the day;,evening;,midnight;,1,0.5,1,0.25,0.5,0.25,0.5,Papunesia,hili1240,hil,Greater Central Philippine,PH,,,,,,,10.25,123,Austronesian,
Hakachin,1,0,0,0,0,zingkaa;,chun;,chun;,zaan lei;,chun chung ah;;,zaan;,zaantim;,,,,,,,,早晨;,下午;,下午;,晚上;,白天时间；,夜晚;,午夜;,morning;,afternoon;,afternoon;,evening;,during the day;,night;,midnight;,1,0.25,0.25,0.5,0.5,1,1,Eurasia,haka1240,cnh,,,,,,,,,22.87,92.82,Sino-Tibetan,
Hebrew,1,0,0,0,0,שַׁחַר;,צָהֳרַיִים,צָהֳרַיִים,עֶרֶב,שְׁעוֹת הַיוֹם;,לַיְלָה;,חֲצוֹת;,shoachar;,tzahora'im;,tzahora'im;,erev;,shem'ot hayom;,laila;,hazot;,黎明;,中午,中午,晚上,白天;,夜晚;,午夜;,Morning;,Afternoon,Afternoon,Evening,Hours of the day;,Night;,Midnight;,1,0.25,0.25,1,0.5,1,1,Eurasia,hebr1245,heb,Semitic,IL,,,,,,,31.5,34.83333333,Afro-Asiatic,
Hungarian,0,0,0,0,0,reggel;,dél;,délután;,este;,napközben;;,éjszaka;,éjfél;,,,,,,,,早晨;,南;,下午;,晚上;,白天;;,夜晚;,午夜;,morning;,noon;,afternoon;,evening;,during the day;;,night;,midnight;,1,1,1,1,1,1,1,Eurasia,hung1274,hun,Ugric,HU,Ch8,Magyar,hung1274,Hungarian,Middle Europe,,47,20,Uralic,
Iban,0,1,0,0,0,Pagi;,Ngalih hari;,Lemai;,Lemai;,maya siang hari;,Malam;,Tengah malam;,,,,,,,,早晨;,中午;,晚上;,晚上;,白天;,夜晚;,午夜;,Morning;,Noon;,Evening;,Evening;,during the day;,Night;,Midnight;,1,0.5,0.25,0.25,0.5,1,0.5,Papunesia,iban1264,iba,Malayo-Sumbawan,MY,Ib1,Iban,iban1264,Iban,Malesia,,2,112,Austronesian,
Igbo,1,0,0,0,0,ụtụtụ;,ehihie;,ehihie;,mgbede;,ụbọchị;,abalị;,etiti abalị;,,,,,,,,早晨;,下午;,下午;,晚上;,日期;,夜晚;,午夜;,morning;,afternoon;,afternoon;,evening;,day;,night;,midnight;,1,0.25,0.25,1,0,1,0.5,Africa,nucl1417,ibo,Igboid,NG,Af10,Igbo,nucl1417,Igbo,West Tropical Africa,,6,7.333333333,Niger-Congo,
Ilocano,0,0,0,0,1,bigat;,0,malem;,rabii;,aldaw nga aldaw;,rabii;,tengnga ti rabii;,,,,,,,,早晨;,0,下午;,晚上;,天天;,晚上;,午夜;,morning;,0,afternoon;,evening;,day by day;,evening;,midnight;,1,0,1,0.25,0,0.25,0.5,Papunesia,ilok1237,ilo,Northern Luzon,PH,,,,,,,16,121,Austronesian,
Indonesian,0,0,0,0,1,Pagi;,siang;,sore;,malam;,siang hari;,malam;,tengah malam;,,,,,,,,早晨;,下午;,下午;,晚上;,正午;,晚上;,午夜;,Pagi;,siang;,sore;,malam;,siang hari;,malam;,tengah malam;,1,1,1,0.25,0.5,0.25,0.5,Papunesia,stin1234,ind,Malayo-Sumbawan,ID,,,,,,,0,106,Austronesian,
Inuktitut,0,0,0,0,0,Ullaakut;,Qitigartuq ullukut;,Ullukut;,Unnuksaq;,Ullukkut;,Unnuakut;,Qitigartuq unnuakut;,,,,,,,,早晨;,中午;,下午;,晚上;,再會;,夜晚;,午夜;,Morning;,Noon;,Afternoon;,Evening;,Good day;,Night;,Midnight;,1,0.5,1,1,0,1,0.5,North America,east2534,ike,Eskimo,,Na13,Nunatsiarmiut,baff1240,North Baffin Inuktitut,Subarctic America,,62,-76,Eskimo-Aleut,
Japanese,0,0,0,0,0,朝;,正午;,午後;,夕方;,昼間;,夜;,夜中;,,,,,,,,早晨;,中午;,下午;,晚上;,白天;,夜晚;,在夜间；,morning;,midday;,afternoon;,evening;,daytime;,night;,midnight;,1,1,1,1,1,1,1,Eurasia,nucl1643,jpn,Japanese,JP,Ed5,Japanese,nucl1643,Japanese,Eastern Asia,,37,140,Uralic,
Javanese,0,1,0,0,0,esuk;,awan;,sore;,sore;,ing wayah awan;,wengi;,tengah wengi;,,,,,,,,早晨;,中午;,晚上;,晚上;,中午；,夜晚;,午夜;,morning;,noon;,evening;,evening;,at noon;,night;,midnight;,1,0.25,1,1,0.25,1,0.5,,,,,,Ib2,Javanese,java1254,Javanese,Malesia,,-7,110,Austronesian,
Jingpho,1,0,0,0,0,jahpawt manap;,shani ka ang;,shani ka ang;,shana daw;,shani aten;,shana;,yup tung;,tɕə31pʰot31to31‧,ɕə31ni55ɕə31toŋ33‧,ɕə31naʔ55teʔ31to31‧,n33ʒim33‧,ɕə31ni55‧,ɕə31naʔ55‧,jup31tu̱ŋ33‧,,,,,,,,,,,,,,,0.5,0.25,0.25,0.5,0,1,0.5,Eurasia,kach1280,kac,Brahmaputran,,Ei5,Kachin,kach1280,Southern Jinghpaw,Sino-Tibetan,,26,97,Indo-China,
Kazakh,0,0,0,0,0,таңертең;,түскі;,түстен кейін;,кешке;,күндізгі;,түн;,түн ортасы;,,,,,,,,在早晨;,午餐;,下午;,晚上;,白天;,夜晚;,午夜;,morning;,noon;,afternoon;,evening;,daytime;,night;,midnight;,1,1,0.5,1,1,1,0.5,Eurasia,kaza1248,kaz,Turkic,KZ,Eb1,Kazakh,kaza1248,Kazakh,Middle Asia,,50,70,Altaic,
Kannada,1,0,0,0,0,ಬೆಳಿಗ್ಗೆ;,ಮಧ್ಯಾಹ್ನ,ಮಧ್ಯಾಹ್ನ,ಸಂಜೆ;,ಹಗಲಿನ ಸಮಯ;,ರಾತ್ರಿ;,ಮಧ್ಯರಾತ್ರಿ;,beḷigge;,madhyāhna;,madhyāhna;,san̄je;,hagalina samaya;,rātri;,madhyarātri;,早晨;,下午,下午,晚上;,白天;,夜晚;,午夜;,Morning;,Afternoon,Afternoon,Evening;,Daytime;,Night;,Midnight;,1,0.25,0.25,1,0.5,1,1,Eurasia,nucl1305,kan,Dravidian,IN,,,,,,,14,76,Dravidian,
Kanuri,0,0,0,0,0,suwa;,duwar;,kausu;,kajiri;,loktu kawusuwaben;,bənye;,dərtə;,,,,,,,,是;,中午;,下午;,晚上;,在晚上；,夜晚;,午夜;,am;,noon;,afternoon;,evening;,during the evening;,night;,midnight;,0.25,1,1,1,0,1,1,Africa,cent2050,knc,Western Saharan,NG TD NE SD,Cb19,Kanuri,cent2050,Central Kanuri,West Tropical Africa,,12,13,Nilo-Saharan,
Khasi,0,0,0,0,0,mynstep;,shiteng sngi;,nohphai sngi;,janmiet;,ha ka por sngi;,meit;,shiteng miet;,,,,,,,,早晨;,中午;,下午;,晚上;,在白天；,夜晚;,午夜;,morning;,noon;,afternoon;,evening;,in the daytime;,night;,midnight;,1,0.5,0.5,1,0.5,1,0.5,Eurasia,khas1269,kha,Khasian,IN,Ei8,Khasi,khas1269,Khasi,Indian Subcontinent,,25.5,92,Austroasiatic,
Khmer,0,0,0,0,0,ព្រឹក;,ថ្ងៃត្រង់,រសៀល;,ពេលល្ងាច;,ក្នុងអំឡុងពេលថ្ងៃ;,យប់;,កណ្តាលអធ្រាត្រ;, pruk;,thngaitrang, rsiel;, pelolngeach;,knongamlongpel thngai;, yb;, k nta l athreatr;,早晨;,中午,下午;,晚上;,白天;,夜晚;,午夜;,Morning;,Noon,Afternoon;,Evening;,During the day;,Night;,Midnight;,1,1,1,1,0.5,1,1,Eurasia,cent1989,khm,Khmer,KH,Ej15,Ancient Khmer,oldk1249,Old Khmer,Indo-China,,12.5,105,Austroasiatic,
Kinyarwanda,0,0,0,0,0,mu gitondo;,saa sita;,nyuma ya saa sita;,nimugoroba;,ku manywa;,ijoro;,mu gicuku;,,,,,,,,在早晨;,中午;,下午;,晚上;,白天;,夜晚;,在午夜；,in the morning;,at noon;,in the afternoon;,in the evening;,during the day;,at night;,at midnight;,0.5,0.5,0.5,1,0.5,1,0.5,Africa,kiny1244,kin,Bantu,RW,Ae10,Banyaruanda,kiny1244,Kinyarwanda,West-Central Tropical Africa,,-2,30,Niger-Congo,
Kongo,0,0,0,0,0,suka;,midi;,nima ya midi;,nkokila;,ntangu ya mwini;,mpimpa;,midi ya mpimpa;,,,,,,,,早晨;,中午;,下午;,晚上;,一天中的时间；,夜晚;,午夜;,morning;,noon;,afternoon;,evening;,time of day;,night;,midnight;,1,1,0.5,1,0.5,1,0.5,Africa,koon1244,kng,Bantu,CD,Ac14,Bakongo,sans1272,San Salvador Kongo,South Tropical Africa,,-5,15,Niger-Congo,
Konkani,1,0,0,0,0,सकाळ;,दनपार;,दनपार;,सांज;,दिसाच्या वेळार;,रात;,मध्यानरात;,sakala;,danapara;,danapara;,rata;,disacho vela;,rata;,madhyanarata;,早晨;,下午;,下午;,晚上;,在白天；,夜晚;,午夜;,morning;,afternoon;,afternoon;,evening;,during the daytime;,night;,midnight;,1,0.25,0.25,1,0.5,1,1,Eurasia,konk1267,knn,Indic,IN,,,,,,,15.25,74,Indo-European,
Korean,0,0,0,0,0,아침;,정오;,오후;,저녁;,낮 동안;,밤;,자정;,,,,,,,,早晨;,中午;,下午;,晚餐;,白天;,夜晚;,午夜;,Morning;,Noon;,Afternoon;,Evening;,During the day;,Night;,Midnight;,1,1,1,1,0.5,1,1,Eurasia,kore1280,kor,Korean,KR KP,Ed1,Koreans,kore1280,Korean,Eastern Asia,,37.5,128,Uralic,
Kokborok,1,0,0,0,0,phung;,dipor;,dipor;,sarik;,sal jora;,hor;,hor kuthuk;,,,,,,,,早晨;,下午;,下午;,晚上;,最多10天；,火;,晚的;,morning;,afternoon;,afternoon;,evening;,up to 10 days;,fire;,late;,1,0.25,0.25,1,0,1,0.5,Eurasia,kokb1239,trp,Brahmaputran,IN,,,,,,,24.33333333,92.5,Sino-Tibetan,
Komi,0,0,0,0,0,асыв;,лун шӧр;,ӧбед бӧр;,рыт;,луннас;,вой;,вой шӧр;,,,,,,,,早晨;,中午;,下午;,晚上;,白天;,夜晚;,午夜;,morning;,noon;,afternoon;,evening;,during the day;,night;,midnight;,1,0.5,0.5,1,1,1,0.5,Eurasia,komi1269,koi,Permic,RU,,Komi-Permyak,komi1269,Komi-Permyak,Eastern Europe,,59.5,54.5,Uralic,
Kurdish (Sorani),0,0,0,0,0,بەیانی؛,بەیانی؛,دوای نیوەڕۆ؛,ئێوارە؛,لە ڕۆژدا؛,شەو؛,نیوە شەو؛,beîanî;,beîanî;,dwaî nîwerro;,iêware;,le rrojda;,şew;,nîwe şew;,明天;,明天;,下午;,晚上;,白天;,夜晚;,午夜;,tomorrow;,tomorrow;,afternoon;,evening;,during the day;,night;,midnight;,0.25,0.25,0.5,1,0.5,1,0.5,Eurasia,cent1972,ckb,Iranian,IR IQ,,Kurd,cent1972,Central Kurdish,Western Asia,,36,44,Indo-European,
Kirghiz Kyrgyz,0,0,0,0,0,эртең менен;,чак түш;,түштөн кийин;,кечинде;,күндүз;,түн;,түн жарымы;,erteŋ menen;,çak tüş;,tüştön kiyin;,keçinde;,kündüz;,tün;,tün jarımı;,在早晨;,中午;,下午;,晚上;,白天;,夜晚；,午夜;,morning;,noon;,afternoon;,evening;,daytime;,night;,midnight;,0.5,0.5,0.5,1,1,1,0.5,Eurasia,kirg1245,kir,Turkic,KG,,,,,,,42,75,Altaic,
Latin,0,0,0,0,0,mane;,meridies;,meridiem;,vesperi;,interdiu;,nocte;,media nocte;,,,,,,,,早晨;,中午;,南;,晚上;,白天;,晚上;,午夜;,morning;,noon;,noon;,evening;,daytime;,night;,midnight;,1,1,1,1,1,1,0.5,,lati1261,,,,Ce3,Ancient Romans,lati1261,Latin,Southeastern Europe,,41.9,12.45,Indo-European,
Latgale,0,0,0,0,0,reits;,pušdiņlaiks;,piecpušdine;,vokors;,dīnys laikā;,nakts;,pušnakts;,,,,,,,,早晨;,中午;,下午;,晚上;,白天;,夜晚;,午夜;,morning;,noon;,afternoon;,evening;,during the day;,night;,midnight;,1,1,1,1,0.5,1,1,Eurasia,latv1249,lav,Baltic,LV,ch21,Latvians,latv1249,Latvian,Eastern Europe,,57,24,Indo-European,
Lao,0,0,0,0,0,ຕອນເຊົ້າ;,ຕອນທ່ຽງ;,ຕອນບ່າຍ;,ຕອນແລງ;,ກາງເວັນ;,ກາງຄືນ;,ເວລາທ່ຽງຄືນ;,,,,,,,,早晨;,中午;,下午;,晚上;,白天;,夜晚;,午夜;,Morning;,Noon;,Afternoon;,Evening;,Daytime;,Night;,Midnight;,1,1,1,1,1,1,1,Eurasia,laoo1244,lao,Kam-Tai,LA TH,,Lao,laoo1244,Lao,Indo-China,,18,103,Sino-Tibetan,
Limburg,1,0,0,0,0,murrige;,middig;,middig;,oavend;,gedurende de daag;,nach;,middernach;,,,,,,,,明天;,下午;,下午;,晚上;,白天;,夜晚;,午夜;,murrige;,middig;,middig;,oavend;,gedurende de daag;,nach;,middernach;,0.25,0.25,0.25,1,0.5,1,1,Eurasia,dutc1256,nld,Germanic,BE,,,,,,,51,5.5,Indo-European,
Lingala,0,0,0,0,0,ntongo;,midi;,nsima ya nzanga;,mpokwa;,na moi;,butu;,midi ya butu;,,,,,,,,早晨;,中午;,下午;,晚上;,在阳光下；,夜晚;,午夜;,morning;,noon;,afternoon;,evening;,in the sun;,night;,midnight;,1,1,0.5,1,0,1,0.5,Africa,ling1263,lin,Bantu,CD,Ae28,Ngala,ling1263,Kinshasa Lingala,West-Central Tropical Africa,,2,18.5,Niger-Congo,
Lombard,0,0,0,0,0,matina;,mezdì;,dopmezdì;,sira;,durant el dì;,noit;,mezanoit;,,,,,,,,早晨;,中午;,下午;,晚上;,白天;,夜晚;,午夜;,morning;,noon;,afternoon;,evening;,during the day;,night;,midnight;,1,1,1,1,0.5,1,1,Eurasia,lomb1257,lmo,,,,,,None,,,45.88,9.4,Indo-European,
Rundi,0,0,0,0,0,mu gitondo;,ku mutaga;,ku muhingamo;,ku mugoroba;,ku murango;,ijoro;,sasita y'ijoro;,,,,,,,,早晨;,中午;,下午;,晚上;,白天;,夜晚;,午夜;,morning;,noon;,afternoon;,evening;,during the day;,night;,midnight;,0.5,0.5,0.5,0.5,0.5,1,0.5,Africa,rund1242,run,Bantu,BI,Ae8,Rundi,rund1242,Rundi,West-Central Tropical Africa,,-3.5,30,Niger-Congo,
Luo,1,0,0,0,0,okinyi;,onyango;,onyango;,odhiambo;,ei odiechieng',otieno;,chuny otieno;,,,,,,,,早晨;,下午;,下午;,晚上;,白天,夜晚;,午夜;,morning;,afternoon;,afternoon;,evening;,during the day,night;,midnight;,1,0.25,0.25,1,0.5,1,0.5,Africa,luok1236,luo,Western Nilotic,KE TZ,Aj6,Luo,luok1236,Luo (Kenya and Tanzania),East Tropical Africa,,-0.5,34.75,Nilo-Saharan,
Luganda,0,0,0,0,0,ku makya;,ttuntu;,mu tuntu;,akawawungeezi;,emisana;,ekiro;,matumbi budde;,,,,,,,,早晨;,中午;,下午;,晚上;,白天;,夜晚;,午夜;,morning;,noon;,afternoon;,evening;,during the day;,night;,midnight;,0.5,1,0.5,1,1,1,0.5,Africa,gand1255,lug,Bantu,UG,Ad7,Ganda,gand1255,Ganda,East Tropical Africa,,0.5,32.16666667,Niger-Congo,
Luxemburgeois,1,0,0,0,0,Moien;,Mëtteg;,Mëtteg;,Owend;,während dem Dag;,Nuecht;,Mëtternuecht;,,,,,,,,早晨;,下午;,下午;,晚上;,白天;,夜晚;,午夜;,Morning;,Afternoon;,Afternoon;,Evening;,During the day;,Night;,Midnight;,1,0.25,0.25,1,0.5,1,1,Eurasia,luxe1241,ltz,Germanic,LU,,,,,,,49.83333333,6.166666667,Indo-European,
Madurese,0,0,0,0,1,lagghuk;,ang-siang;,sore;,malem;,seyang;,malem;,tenga malem;,,,,,,,,早晨;,中午;,下午;,晚上;,白天;,晚上;,午夜;,morning;,noon;,afternoon;,evening;,daytime;,evening;,midnight;,1,1,1,0.25,1,0.25,0.5,Papunesia,nucl1460,mad,Malayo-Sumbawan,ID,,,,,,,-7,113.5,Austronesian,
Maithili,0,0,0,0,0,भोर;,दुपहर;,बेर-उपहर;,सांझ;,दिन मे;,रात्रि;,आधा-राति;,bhor;,dupahar;,ber-upahar;,ratri;,dinak samay;,ratri;,aadhaa-rati;,早晨;,中午;,下午;,晚上;,白天;,夜晚;,午夜;,morning;,noon;,afternoon;,evening;,during the day;,night;,midnight;,1,1,1,1,0.5,1,1,Eurasia,mait1250,mai,Indic,IN NP,Ef10,Bihari,mait1250,Maithili,Indian Subcontinent,,26,86,Indo-European,
Makassar,0,0,0,0,1,baribbasa;,allo;,karueng;,bangngi;,allo;ri wattu alloa,bangngi;,lantang bangngia;,,,,,,,,早晨;,天;,下午;,晚上;,白天；白天,晚上;,午夜;,morning;,day;,afternoon;,evening;,day;during the day,evening;,midnight;,1,0,1,0.25,0.5,0.25,0.5,Papunesia,maka1311,mak,South Sulawesi,ID,Ic1,Macassarese,maka1311,Makasar,Malesia,,-5.416666667,119.5833333,Austronesian,
Malay,0,1,0,0,0,pagi；,tengah hari；,Petang；,Petang；,pada siang hari；,Malam;,Setengah malam；,,,,,,,,早晨;,中午;,晚上;,晚上;,白天;,夜晚;,午夜;,morning；,noon；,evening；,evening；,during the day；,evening;,midnight；,1,0.5,0.25,0.25,0.5,1,0.5,Eurasia,stan1306,zsm,Malayo-Sumbawan,MY,Ej16,Negri Sembilan,nege1240,Negeri Sembilan Malay,Malesia,,3,102,Austronesian,
Malagasy,0,0,0,0,0,maraina;,mitataovovonana;,tolakandro;,hariva;,antoandro;,alina;,mamatonalina;,,,,,,,,早晨;,中午;,下午;,晚上;,白天;,夜晚;,午夜;,morning;,noon;,afternoon;,evening;,noon;,night;,midnight;,1,1,1,1,1,1,1,Africa,plat1254,plt,Barito,MG,Eh9,Antaisaka,tesa1236,Tesaka Malagasy,Western Indian Ocean,,-20,47,Austronesian,
Malayalam,0,0,0,0,0,രാവിലെ;,0,ഉച്ചകഴിഞ്ഞ്;,വൈകുന്നേരം;,പകൽ സമയം;,രാത്രി;,അർദ്ധരാത്രി;,ravile;,uchaykku;,uchakazhinju;,raathri;,pakal samayam;,raathri;,ardharaathri;,早晨;,0,下午;,晚上;,白天;,夜晚;,午夜;,Morning;,0,Afternoon;,Evening;,Daytime;,Night;,Midnight;,1,0,1,1,0.5,1,1,Eurasia,mala1464,mal,Dravidian,IN,Eg6,Kerala,mala1464,Malayalam,Indian Subcontinent,,10,76.5,Dravidian,
Maltese,0,0,0,0,0,filgħodu;,nofsinhar;,wara nofsinhar;,filgħaxija;,bi nhar;,bil-lejl;,nofsillejl;,,,,,,,,早晨;,中午;,下午;,晚上;,白天;,晚上;,午夜;,morning;,noon;,afternoon;,evening;,daytime;,night;,midnight;,1,1,0.5,1,0.5,0.5,1,Eurasia,malt1254,mlt,Semitic,MT,,,,,,,35.91666667,14.41666667,Afro-Asiatic,
Mam,0,0,0,0,1,nchi´j;,chilka qij;,q'ale;,aq'b'il;,toj q´ij;,aq'b'il;,tkuj aq´b´il;,,,,,,,,早晨;,中午;,下午;,晚上;,希望;,晚上;,午夜;,morning;,noon;,afternoon;,evening;,hope;,evening;,midnight;,1,0.5,1,0.25,0,0.25,0.5,North America,mamm1241,mam,Mayan,GT,Sa8,Mam,mamm1241,Mam,Central America,,15,-91.83333333,Mayan,
Manx,0,1,0,0,0,maddin;,munlaa;,fastyr;,fastyr;,traa laa;,oie;,mean oie;,,,,,,,,早晨;,中午;,晚上;,晚上;,一天中的时间；,夜晚;,午夜;,morning;,noon;,evening;,evening;,time of day;,night;,midnight;,1,1,0.25,0.25,0,1,0.5,Eurasia,manx1243,glv,Celtic,GB,,,,,,,54.16666667,-4.5,Indo-European,
Maori,0,1,0,0,0,ata;,poupoutanga;,ahiahi;,ahiahi;,awatea;,po;,waenganui po;,,,,,,,,早晨;,中午;,晚上;,晚上;,白天;,夜晚;,午夜;,morning;,noon;,afternoon;,evening;,daytime;,night;,midnight;,1,1,0.25,0.25,1,1,0.5,Papunesia,maor1246,mri,Oceanic,NZ,Ij2,Māori,maor1246,Maori,New Zealand,,-40,176,Austronesian,
Marshallese,1,0,0,0,0,jibboñ;,raelap;,raelap;,jota;,ilo ran eo;,boñ;,lukwon boñ;,,,,,,,,早晨;,下午;,下午;,晚上;,在白天；,夜晚;,午夜;,morning;,afternoon;,afternoon;,evening;,in the day;,night;,midnight;,1,0.25,0.25,1,0.5,1,0.5,Papunesia,mars1254,mah,Oceanic,MH,,,,,,,7.116666667,171.05,Austronesian,
Marwadi,0,0,0,0,0,सूबै;,दोफारी;,दोपारी;,दंत्या;,दिन रै मांय;,रात;,ढळती रात;,soobai;,dophaaree;,dopaaree;,dantya;,din ro bakhat;,raat;,dhalatee raat;,早晨;,中午;,下午;,晚上;,白天;,夜晚;,午夜;,morning;,noon;,afternoon;,evening;,During the day;,night;,midnight;,1,1,1,1,0.5,1,0.5,Eurasia,,rwr,,,,,,,,,27,75.07,Indo-European,
Meithei (Manipuri),0,0,0,0,1,morning;,noon;,evening;,night;,during the daytime;,night;,midnight;,,,,,,nūmīdāṅⸯ,,早晨;,中午;,晚上;,夜晚;,在白天；,夜晚;,午夜;,morning;,noon;,evening;,night;,during the daytime;,night;,midnight;,1,1,0.25,0.25,0.5,1,0.5,Eurasia,mani1292,mni,Manipuri,IN,,,,,,,24.75,94,Sino-Tibetan,
Mongolian,0,0,0,0,0,өглөө;,үд дунд;,үдээс хойш;,орой;,өдрийн цагаар;,шөнө;,шөнө дунд;,öglöö;,üd dund;,üdees khoish;,shönö;,ödriin tsagaar;,shönö;,shönö dund;,早晨;,中午；,下午;,晚上;,白天;,夜晚;,午夜;,morning;,noon;,afternoon;,evening;,daytime;,night;,midnight;,1,1,0.5,1,0.5,1,0.5,,halh1238,,,,Eb3,Khalka,halh1238,Halh Mongolian,Mongolia,,48.324,106.289,Altaic,
Miao,0,0,0,0,0,sawv ntxov;,0,tav su;,yav tsaus ntuj;,nruab hnub;,hmo ntuj;,ib tag hmo;,ɕi33ta44‧,ȶoŋ33n̥ʰɛ33‧,tei35m̥ʰaŋ44‧,ɕi44m̥ʰaŋ44‧,ȶoŋ33n̥ʰɛ33‧,ȶu33m̥ʰaŋ44‧,taŋ22m̥ʰaŋ44‧,早晨;,0,下午;,晚上;,白天;,夜晚;,午夜;,morning;,afternoon;,afternoon;,night;,daytime;,nighttime;,midnight;,1,0,1,1,1,1,1,Eurasia,hmon1333,mww,Hmongic,CN VN,Ed4,Miao,horn1235,Horned Miao,Hmong-Mien,,26,107,Sino-Tibetan,
Minan,0,1,0,0,0,pagi;,siang;,sanjo;,sanjo;,siang hari;,malam;,tangah malam;,,,,,,,,早晨;,中午;,晚上;,晚上;,白天;,夜晚;,午夜;,morning;,noon;,evening;,evening;,daytime;,night;,midnight;,1,1,0.25,0.25,0.5,1,0.5,Eurasia,balk1252,rmn,Indic,GR,,,,,,,38,23.58333333,Indo-European,
Mizo,1,0,0,0,0,zing;,chawhnu;,chawhnu;,tlailam,nilengin;,zan;,zanlai;,,,,,,,,早晨;,下午;,下午;,晚上,尼仑金；,夜晚;,午夜;,morning;,afternoon;,afternoon;,evening,nilengin;,night;,midnight;,1,0.25,0.25,1,0,1,1,Eurasia,lush1249,lus,Kuki-Chin,BD IN,Ei20,Kuki,lush1249,Mizo,Indian Subcontinent,,23.16666667,92.83333333,Sino-Tibetan,
Nahuatl (Eastern Huasteca),0,0,0,0,1,mostla;,tlajkotonal;,tiotlak;,tlayoua;,tonali;,tlayoua;,tlakoyoual;,,,,,,,,明天;,中午;,下午;,晚上;,时期;,晚上;,午夜;,tomorrow;,noon;,afternoon;,evening;,period;,evening;,midnight;,0.25,1,1,0.25,0,0.25,1,North America,huas1257,nhe nhw,Aztecan,MX,,,,,,,22,-99,Uto-Aztecan,
Ndebele (Southern) Northern Ndebele,0,0,1,0,1,ekuseni;,emini;,ngemva kwedina;,ubusuku;,emini;,ubusuku;,phakathi kobusuku;,,,,,,,,早期的;,中午;,下午;,晚上;,中午;,晚上;,午夜;,early;,noon;,afternoon;,evening;,noon;,evening;,midnight;,0.25,0.25,0.5,0.25,0.25,0.25,0.5,Africa,nort2795,nde,Bantu,ZA,Ab9,Ndebele,nort2795,Zimbabwean Ndebele,South Tropical Africa,,-25.33333333,29,Niger-Congo,
Ndumbe(Ndombe?)Ndonga,1,0,0,0,0,kuseni;,sikati;,sikati;,goko;,chiindi chamasyikati;,mansiku;,aakati kabo;,,,,,,,,早晨;,下午;,下午;,晚上;,一天中的时间；,夜晚;,午夜;,morning;,afternoon;,afternoon;,evening;,time of day;,night;,midnight;,1,0.25,0.25,1,0,1,0.5,Africa,ndon1254,ndo,Bantu,AO NA,Ab19,Ambo,ndon1254,Ndonga,South Tropical Africa,,-18,17,Niger-Congo,
Sotho (Northern),0,0,1,0,0,mesong;,mosegare;,mathapama;,mantšiboa;,mosegare;,bošego;,bošegogare;,,,,,,,,早晨;,中午;,下午;,晚上;,中午;,夜晚;,午夜;,morning;,noon;,afternoon;,evening;,noon;,night;,midnight;,1,0.25,1,1,0.25,1,1,Africa,pedi1238,nso,Bantu,ZA,,,,,,,-24,29,Niger-Congo,
Southern Sotho,0,0,0,0,0,hoseng;,mots'ehare;,thapama;,mantsiboea;,motsheare;,bosiu;,khitla;,,,,,,,,早晨;,中午;,下午;,晚上;,白天;,夜晚;,午夜;,morning;,noon;,afternoon;,evening;,noon;,night;,midnight;,1,1,1,1,1,1,1,Africa,sout2807,sot,Bantu,LS ZA,Ab8,Sotho,sout2807,Southern Sotho,Southern Africa,,-28,27,Niger-Congo,
Nuer,1,0,0,0,0,runwa̱ŋ;,cäŋdär;,cäŋdär;,thia̱ŋ;,kɛ cäŋdäär;,wär;,wädär;,,,,,,,,早晨;,下午;,下午;,申请;,在白天；,靴子；,午夜;,morning;,afternoon;,afternoon;,apply;,in the daytime;,boot;,midnight;,1,0.25,0.25,0.25,0.5,0.25,1,Africa,nuer1246,nus,Western Nilotic,ET SS,Aj3,Nuer,nuer1246,Nuer,Northeast Tropical Africa,,8.333333333,32,Nilo-Saharan,
Occitan,0,0,0,0,0,matin;,miègjorn;,tantossada;,vèspre;,pendent lo jorn;,nuèch;,mièjanuèch;,,,,,,,,早晨;,中午;,下午;,晚上;,白天;,夜晚;,午夜;,morning;,noon;,afternoon;,evening;,during the day;,night;,midnight;,1,1,1,1,0.5,1,1,Eurasia,occi1239,oci,Romance,FR,,,,,,,44,2,Indo-European,
Oriya,0,0,0,0,0,ସକାଳ;,ମଧ୍ୟାହ୍ନ;,ଅପରାହ୍ନ;,ସନ୍ଧ୍ୟା ;,ଦିନକାଳ;,ରାତି ;,ମଧ୍ୟରାତ୍ରି;,sakala;,madhyana;,aparana;,rati ;,dinakala;,rati ;,madhyaratri;,,,,,,,,Morning;,Noon;,Afternoon;,Evening;,Daytime;,Night;,Midnight;,1,1,1,1,1,1,1,Eurasia,oriy1255,ory,Indic,IN,Eg7,Hill Bhuiya,oriy1255,Odia,Indian Subcontinent,,21,85,Indo-European,
Oromo,0,0,0,0,0,ganama;,waaree;,waaree booda;,galgala;,guyyaa keessatti;,halkan;,halkan walakkaa;,,,,,,,,早晨;,中午;,下午;,晚上;,在白天；,夜晚;,午夜;,morning;,noon;,afternoon;,evening;,in the daytime;,night;,midnight;,1,1,0.5,1,0.5,1,0.5,Africa,bora1271,gax,Lowland East Cushitic,KE ET,Ca11,Arusi,bora1271,Borana-Arsi-Guji Oromo,Northeast Tropical Africa,,4.5,38.5,Afro-Asiatic,
Ossetic,0,0,0,0,0,райсом;,æмбисбон;,фæсæмбисбон;,изæр;,боныгон;,æхсæв;,æмбисæхсæв;,rajsom;,æmbisbon;,fæsæmbisbon;,æhsæv;,bonygon;,æhsæv;,æmbisæhsæv;,早晨;,中午;,下午;,晚上;,白天;,夜晚;,午夜;,morning;,noon;,afternoon;,evening;,during the day;,night;,midnight;,1,1,1,1,1,1,1,Eurasia,osse1243,oss,Iranian,RU GE,,,,,,,43.18,44.23,Indo-European,
Quechua,0,0,0,0,0,tutapay;,chawpi punchaw;,chisinkuy;,tutapi;,p’unchawpi;,tuta;,chawpi tuta;,,,,,,,,早晨;,中午;,下午;,晚上;,在白天；,夜晚;,午夜;,morning;,noon;,afternoon;,evening;,in the daytime;,night;,midnight;,1,0.5,0.5,1,1,1,0.5,South America,chiq1249,qxa,Quechuan,PE,Sf1,Inca,cusc1236,Cusco Quechua,Western South America,,-8.5,-77.5,Quechuan,
Kapampangan,0,0,0,0,1,abak;,0,gatpanapun;,bengi;,keng aldo;,bengi;,kapitangan ning bengi;,,,,,,,,早晨;,下午;,下午;,晚上;,白天;,晚上;,午夜;,morning;,afternoon;,afternoon;,evening;,during the day;,evening;,midnight;,1,0.25,0.25,0.25,0.5,0.25,0.5,Papunesia,pamp1243,pam,Central Luzon,PH,,,,,,,15.33333333,120.5,Austronesian,
Pangasinan,0,0,0,0,1,kabuasan;,ugto;,ngarem;,labi;,legan na agew,labi;,pegley-labi;,,,,,,,,早晨;,中午;,下午;,晚上;,白天,晚上;,午夜;,morning;,noon;,afternoon;,evening;,during the day,evening;,midnight;,1,1,1,0.25,0.5,0.25,0.5,Papunesia,pang1290,pag,Northern Luzon,PH,,,,,,,15.91666667,120.3333333,Austronesian,
Bemba,1,1,0,0,0,ulucelo;,icungulo;,icungulo;,icungulo;,akasuba;,ubushiku;,pakati kabushiku;,,,,,,,,早晨;,晚上;,晚上;,晚上;,太阳;,日期;,午夜;,morning;,evening;,evening;,evening;,sun;,date;,midnight;,1,0.25,0.25,0.25,0,1,0.5,Africa,bemb1257,bem,Bantu,CD,Ac3,Bemba,town1238,Town Bemba,South Tropical Africa,,-10,28.25,Niger-Congo,
Panjabi (Gurmukhi),1,0,0,0,0,ਸਵੇਰ;,ਦੁਪਹਿਰ;,ਦੁਪਹਿਰ;,ਸ਼ਾਮ;,ਦਿਨ ਵੇਲੇ;,ਰਾਤ;,ਅੱਧੀ ਰਾਤ;,savēra;,dupahira;,dupahira;,rāta;,dina vēlē;,rāta;,adhī rāta;,早晨;,下午;,下午;,晚上;,白天;,夜晚;,午夜;,Morning;,Afternoon;,Afternoon;,Evening;,Daytime;,Night;,Midnight;,1,0.25,0.25,1,0.5,1,0.5,Eurasia,panj1256,pan,Indic,PK IN,Ea13,Punjabi,west2386,Western Panjabi,Indian Subcontinent,,31,74,Indo-European,
Sanskrit,,,,,,प्रातः;,अपराह्न;,अपराह्नः;,सायंकालः;,दिवा;,निशा;,मध्यरात्री;,pratah;,aparahn;,aparahnah;,nisha;,diva;,nisha;,madhyaratri;,早晨;,中午;,下午;,晚上;,女神；,夜晚;,午夜;,morning;,noon;,afternoon;,evening;,Diva;,night;,midnight;,0.25,1,0.25,0.5,1,0,1,Eurasia,sans1269,san,,,Ef3,,sans1269,Sanskrit,,,30,75,Indo-European,
Sami,0,0,0,0,0,iđit;,gaskabeaivi;,eahketbeaivi;,eahket;,beaivvi áigge,idja;,gaskaidja;,,,,,,,,早晨;,中午;,下午;,晚上;,白天,夜晚;,午夜;,morning;,noon;,afternoon;,evening;,during the day,night;,midnight;,1,1,1,1,0.5,1,0.5,Eurasia,sout2674,sma,Saami,SE,Cg4,Sami,nort2671,North Saami,Northern Europe,,64.66666667,16.75,Uralic,
Samoan,1,0,0,0,0,taeao;,aoauli;,aoauli;,afiafi;,i le ao;,po;,tulua o po;,,,,,,,,早晨;,下午;,下午;,晚上;,白天;,夜晚;,午夜;,morning;,afternoon;,afternoon;,evening;,during the day;,night;,midnight;,1,0.25,0.25,1,0.5,1,0.5,Papunesia,samo1305,smo,Oceanic,AS WS,Ii1,American Samoans,samo1305,Samoan,Southwestern Pacific,,-13.91666667,-171.8333333,Austronesian,
Sango,0,0,0,0,1,ndapere;,kombite;,be-kombite;,lakui;,na ngoi ti lâ;,lakui;,bi;,,,,,,,,早期的;,中午;,下午;,晚上;,白天;,晚上;,夜晚;,early;,noon;,afternoon;,evening;,during the day;,evening;,night;,0.25,1,0.5,0.25,0.5,0.25,1,Africa,sang1328,sag,Ubangi,CF,,,,,,,5,18,Niger-Congo,
Santali,0,0,0,0,0,Sẹtak̕;,Dupuṛ re;,Tarasiń;,Ạyup̕ bela;,din okte;,ńindạ;,Tala ńindạ;,,,,,,,,早晨;,中午；,下午;,晚上;,一天中的时间；,夜晚;,午夜;,Morning;,At noon;,Afternoon;,Evening;,time of day;,night;,Midnight;,1,0.5,1,1,0,1,0.5,Eurasia,sant1410,sat,Munda,IN,Ef1,Santal,sant1410,Santali,Indian Subcontinent,,24.5,87,Austroasiatic,
Scottish Gaelic,0,1,0,0,0,madainn;,meadhan-latha;,feasgar;,feasgar;,rè an latha,oidhche;,meadhan oidhche;,,,,,,,,早晨;,中午;,下午;,下午;,白天,夜晚;,午夜;,morning;,noon;,afternoon;,evening;,during the day,night;,midnight;,1,0.5,0.25,0.25,0.5,1,0.5,Eurasia,scot1245,gla,Celtic,GB,,,,,,,57,-4,Indo-European,
Shan,0,0,0,0,0,ႁူဝ်ၼႂ်;,ဝၼ်းတဵင်ႈ;,ဝၢႆးဝၼ်း;,တၢမ်းၶမ်ႈ;,ၵၢင်ဝၼ်း၊,ၵၢင်ၶမ်ႈ;,ၶိုၼ်းတဵင်ႈ;,hūwnaü;,wanːteṅ⹎;,wāyːwanː;,kāṅkʰam⹎;,"kāṅwanː,",kāṅkʰam⹎;,kʰünːteṅ⹎;,早晨;,中午;,下午;,晚上;,白天;,夜晚;,午夜;,morning;,noon;,afternoon;,evening;,During the day;,night;,midnight;,1,1,1,1,1,1,1,Eurasia,shan1277,shn,Kam-Tai,MM,,,,,,,22,98,Sino-Tibetan,
Shona,1,0,1,1,0,mangwanani;,masikati;,masikati;,manheru;,masikati;,husiku;,pakati peusiku;,,,,,,,,早晨;,下午;,下午;,晚上;,下午;,夜晚;,午夜;,morning;,afternoon;,afternoon;,evening;,afternoon;,night;,midnight;,1,0.25,0.25,1,0.25,1,0.5,Africa,shon1251,sna,Bantu,ZW,Ab18,Shona,shon1251,Shona,South Tropical Africa,,-18,31,Niger-Congo,
Sicilian,0,0,0,0,0,matina;,menzijornu;,filuvèspiri;,sira;,di jornu;,notti;,menzanotti;,,,,,,,,上午;,南方;,下午;,傍晚;,白天;,夜晚;,午夜;,morning;,south;,afternoon;,evening;,by day;,night;,midnight;,1,,1,1,0.5,1,1,Eurasia,sici1248,scn,,,,,,,,,37.57,14.04,Indo-European,
Silesian,0,0,0,0,0,rano;,połednie;,popołednie;,wieczōr;,w czasie dnia;,noc;,pōłnoc;,,,,,,,,早晨;,南;,下午;,晚上;,白天;,夜晚;,北;,morning;,south;,afternoon;,evening;,during the day;,night;,north;,1,1,1,1,0.5,1,1,Eurasia,sile1253,szl,,,,,,,,,50.97,16.95,Indo-European,
Sindhi,0,0,0,0,0,صبح؛,0,منجهند؛,شام,ڏينهن دوران,رات؛,اڌ رات؛,subh;,0,manjhand;,sham;, denhan,doran rat;,adh rat;,早晨;,0,下午;,叙利亚,白天,夜晚;,午夜;,Morning;,0,Afternoon;,Evening,During the day,Night;,Midnight;,1,0,1,1,0.5,1,1,Eurasia,sind1272,snd,Indic,PK IN,Ea1,Sindhi,sind1272,Sindhi,Indian Subcontinent,,26,69,Indo-European,
Somali,0,0,0,0,0,subax;,duhurkii;,galabnimo;,fiidkii;,maalintii;,habeen;,saqda dhexe;,,,,,,,,早晨;,中午;,下午;,晚上;,白天;,夜晚;,午夜;,morning;,noon;,afternoon;,evening;,day;,night;,midnight;,1,1,1,1,1,1,0.5,Africa,soma1255,som,Lowland East Cushitic,SO,Ca2,Somali (Dolbahanta),nort3051,Northern Somali,Northeast Tropical Africa,,3,45,Afro-Asiatic,
Susu,0,0,0,0,0,djècèkhè;,nou'maré;,midi dangui khanbi;,noun maré;,lOxE;,koyè;,kouwè;,,,,,,,,早晨;,中午;,下午;,晚上;,日期;,夜晚;,今晚;,morning;,noon;,afternoon;,evening;,date;,night;,tonight;,1,1,0.5,0.5,0,1,1,Africa,susu1250,sus,Western Mande,GN,,Susu,susu1250,Susu,West Tropical Africa,,10,-13,Niger-Congo,
Sundanese,0,0,1,0,1,isuk;,beurang;,soré;,peuting;,beurang;,peuting;,tengah peuting;,,,,,,,,早晨;,中午;,下午;,夜晚;,中午;,夜晚;,午夜;,morning;,noon;,afternoon;,night;,noon;,night;,midnight;,1,1,1,0.25,1,0.25,0.5,Papunesia,sund1252,sun,Malayo-Sumbawan,ID,,,,,,,-7,107,Austronesian,
Swati,0,0,1,0,0,ekuseni;,emini;,entsabama;,entsambama;,emini;,busuku;,ekhatsi nebusuku;,,,,,,,,早晨;,中午;,下午;,晚上;,中午;,夜晚;,午夜;,morning;,noon;,afternoon;,evening;,noon;,night;,midnight;,1,0.25,1,1,0.25,1,0.5,Africa,swat1243,ssw,Bantu,ZA SZ,Ab2,Swazi,swat1243,Swati,Southern Africa,,-26.5,31,Niger-Congo,
Swahili/Kiswahili,1,0,0,0,0,asubuhi;,mchana;,mchana;,jioni;,mchana;wakati wa mchana,usiku;,usiku wa manane;,,,,,,,,早晨;,下午;,下午;,晚上;,中午;白天,夜晚;,午夜;,morning;,afternoon;,afternoon;,evening;,afternoon;daytime,night;,midnight;,1,0.25,0.25,1,0.5,1,0.5,Africa,swah1253,swh,Bantu,TZ,,,,,,,-6.5,39,Niger-Congo,
Steppe Mari,0,0,1,0,0,поро эр;,кечывалым;,түштөн кийин;,кас;,кечывалым;,йӱд;,пелйӱд;,poro ér;,kečyvalym;,tüštön kijin;,jüd;,kečyvalym;,jüd;,peljüd;,早晨;,午餐;,下午;,晚上;,午餐;,夜晚;,午夜;,morning;,lunch;,afternoon;,evening;,lunch;,night;,midnight;,1,1,0.5,1,0,1,1,Eurasia,east2328,mhr,Mari,RU,Ch4,Mari,east2328,Eastern Mari,Eastern Europe,,57,48,Uralic,
Tahitian,0,0,0,0,1,i te po'ipo'i,Fa'ata'āviri;,tā 'oe;,pō;,i te mahana;,pō;,tu'ira'a pō;,,,,,,,,在早晨,中午;,你的;,晚上;,白天;,晚上;,午夜;,in the morning,Noon;,your;,evening;,during the day;,evening;,midnight;,0.5,1,0.25,0.25,0.5,0.25,0.25,Papunesia,tahi1242,tah,Oceanic,PF,Ij8,Tahitians,tahi1242,Tahitian,South-Central Pacific,,-17.66666667,-149.5833333,Austronesian,
Tamil,0,0,0,0,0,காலை;,நண்பகல்;,மதியம்;,மாலை;,பகல்நேரம்;,இரவு;,நள்ளிரவு;,kālai;,naṇpakal;,matiyam;,iravu;,pakalnēram;,iravu;,naḷḷiravu;,早晨;,中午;,下午;,晚上;,白天;,夜晚;,午夜;,Morning;,Noon;,Afternoon;,Evening;,Daytime;,Night;,Midnight;,1,1,1,1,1,1,1,Eurasia,tami1289,tam,Dravidian,IN LK,,Tamil,tami1289,Tamil,Indian Subcontinent,,11,78.5,Dravidian,
Tamazight,1,0,0,0,0,Taṣebḥit;,tameddit;,tameddit;,tameddi;,Deg wass,iḍ;,nsaf yiḍ;,taṣebḥit;,tameddit;,tameddit;,id;,ass;,id;,nsaf yiḍ;,早晨;,下午;,下午;,晚上;,白天,夜晚;,午夜;,Morning;,afternoon;,afternoon;,evening;,During the day,night;,midnight;,1,0.25,1,1,0.5,1,1,Africa,,tia,,,Cd7,Beraber,cent2194,Central Moroccan Berber,Northern Africa,,27.02,1.86,Afro-Asiatic,
Tajik,1,0,0,0,0,субҳ;,нисфирӯзӣ;,нисфирӯзӣ;,шом;,рӯзона;,шаб;,нисфи шаб;,suʙh;,nisfirūzī;,nisfirūzī;,şaʙ;,rūzona;,şaʙ;,nisfi şaʙ;,早晨;,下午;,下午;,晚上;,白天;,夜晚;,午夜;,morning;,afternoon;,afternoon;,evening;,daytime;,night;,midnight;,1,0,1,1,1,1,0.5,Eurasia,taji1245,tgk,Iranian,TJ,,,,,,,38.66666667,70,Indo-European,
Tatar,0,0,0,0,0,иртә;,төш;,төштән соң;,кич;,көндез;,төн;,төн уртасы,irtä;,töš;,töštän soñ;,tön;,köndez;,tön;,tön urtasy,早晨;,梦;,下午;,晚上;,白天;,夜晚;,午夜,morning;,afternoon;,afternoon;,evening;,daytime;,night;,midnight,1,0,0.5,1,1,1,0.5,Eurasia,tata1255,tat,Turkic,RU,ch20,Kazan tatar,midd1325,Central Tatar,Eastern Europe,,56,49.5,Altaic,
Tiv,1,0,0,0,0,pepe;,atetan;,atetan;,aikie;,atetan; ken atetan,tugh;,atô utu;,,,,,,,,早晨;,下午;,下午;,晚上;,下午;白天,夜晚;,午夜;,morning;,afternoon;,afternoon;,evening;,afternoon; during the day,night;,midnight;,1,0.25,0.25,0.25,0.5,1,0.5,Africa,tivv1240,tiv,Tivoid,NG,Ah3,Tiv,tivv1240,Tiv,West Tropical Africa,,7.5,9,Niger-Congo,
Tigrinya,0,0,0,0,1,ጉሓት፤,ምሸት፤,ድሕሪ ሰዓት፤,ምሸት፤,ናይ መዓልቲ፤,ምሸት፤,ፍርቂ ለይቲ፤,guḥāt;,mǝšat;,dǝḥǝri saʿāt;,mǝšat;,nāy maʿālǝti;,mǝšat;,fǝrǝqi layǝti;,早晨;,晚上;,下午;,晚上;,当天的；,晚上;,午夜;,,,,,,,,1,0,1,0.25,0,0.25,1,Africa,tigr1271,tir,Semitic,ET ER,Ca3,Tigrinya,tigr1271,Tigrinya,Northeast Tropical Africa,,14.5,38.5,Afro-Asiatic,
Tswana,1,0,1,1,0,phakela;,motshegare;,motshegare;,maitsibowa;,motshegare;,bosigo;,bosigogare;,,,,,,,,早晨;,下午;,下午;,晚上;,下午;,夜晚;,午夜;,morning;,afternoon;,afternoon;,evening;,afternoon;,night;,midnight;,1,0.25,0.25,1,0.25,1,1,Africa,tswa1253,tsn,Bantu,ZA BW,Ab13,Tswana,tswa1253,Tswana,Southern Africa,,-24,26,Niger-Congo,
Tsonga,1,0,0,0,1,mixo;,nhlikanhi;,nhlikanhi;,madyambu;,nkarhi wa nhlikanhi;,madyambu;,xikarhi ka vusiku;,,,,,,,,早晨;,下午;,下午;,晚上;,一天中的时间；,晚上;,午夜;,morning;,afternoon;,afternoon;,evening;,the time of day;,evening;,midnight;,1,0.25,0.25,0.25,0,0.25,0.5,Africa,tson1249,tso,Bantu,MZ ZA,,Tsonga,tson1249,Tsonga,South Tropical Africa,,-24,32,Niger-Congo,
Tetum/Tetun,0,0,0,0,1,dadeer;,meiudia;,lokraik;,kalan;,iha loron;,kalan;,kalan boot;,,,,,,,,早晨;,中午;,下午;,晚上;,白天;,晚上;,午夜;,morning;,noon;,afternoon;,evening;,during the day;,evening;,midnight;,1,1,1,0.25,0.5,0.25,0.5,Papunesia,tetu1245,tet,Central Malayo-Polynesian,TL,Ic3,Belu,tetu1245,Tetum,Malesia,,-9,126,Austronesian,
Telugu,1,0,0,0,0,ఉదయం;,మధ్యాహ్నం;,మధ్యాహ్నం;,సాయంత్రం;,పగటిపూట;,రాత్రి;,అర్ధరాత్రి;,udayaṁ;,madhyāhnaṁ;,madhyāhnaṁ;,rātri;,pagaṭipūṭa;,rātri;,ardharātri;,早晨;,下午;,下午;,晚上;,白天;,夜晚;,午夜;,Morning;,Afternoon;,Afternoon;,Evening;,Daytime;,Night;,Midnight;,1,0,1,1,1,1,1,Eurasia,telu1262,tel,Dravidian,IN,,Telugu,telu1262,Telugu,Indian Subcontinent,,16,79,Dravidian,
Tongan,0,0,0,0,0,pongipongi;,ho'ata;,ho'atā;,efiafi;,lolotonga 'a e 'aho .,pō;,tu'apō;,,,,,,,,早晨;,下午;,下午;,晚上;,在白天。,夜晚;,午夜;,morning;,afternoon;,afternoon;,evening;,during the day .,night;,midnight;,1,0.25,0.25,1,0.5,1,1,Papunesia,tong1325,ton,Oceanic,TO,Ii12,Tongans,tong1325,Tonga (Tonga Islands),Southwestern Pacific,,-21.16666667,-175.1666667,Austronesian,
Thai,0,0,0,0,0,เช้า;,กลางวัน;เที่ยง,ตอนบ่าย;,ตอนเย็น;,กลางวัน;,กลางคืน;,เที่ยงคืน;,chêā;,klāng wạn;Theī̀yng,txn b̀āy;,klāng khụ̄n;,klāng wạn;,klāng khụ̄n;,theī̀yng khụ̄n;,早晨;,中午;中午,下午;,晚上;,白天;,夜间;,午夜;,Morning;,Daytime;Noon,Afternoon;,Evening;,Daytime;,Nighttime;,Midnight;,1,0.25,1,1,1,1,1,Eurasia,thai1261,tha,Kam-Tai,TH,Ej9,Thai,thai1261,Thai,Indo-China,,16,101,Sino-Tibetan,
Tulu,0,0,0,0,0,ಕಾಂಡೆ;,ಮದ್ದೆನ;,ಮಧ್ಯಾನ;,ಬಯ್ಯ;,ಪಗೆಲ್;,ರಾತ್ರೆ;,ನಡುಇರ್ಲ್;,kāṇḍe;,maddena;,madhyāna;,rātre;,pagel;,rātre;,naḍu'irl;,早晨;,中午;,下午;,晚上;,白天;,夜晚;,午夜;,morning;,noon;,afternoon;,evening;,daytime;,night;,midnight;,1,1,1,1,1,1,1,Eurasia,tulu1258,tcy,Dravidian,IN,,,,,,,12.75,75.33333333,Dravidian,
Tumbuka,0,0,0,0,1,mulenji;,muhanya;,namise;,usiku;,nyengo ya muhanya;,usiku;,pakati pa usiku;,,,,,,,,早晨;,中午;,下午;,晚上;,一天中的时间；,晚上;,午夜;,morning;,noon;,afternoon;,evening;,time of day;,evening;,midnight;,1,1,1,0.25,0,0.25,0.5,Africa,,tum,,,Ac36,Tumbuka,tumb1250,Tumbuka,South Tropical Africa,,-11.33,33.37,Niger-Congo,
Tuvan,0,0,0,0,0,эртенгиниң;,дүъш;,дүүш соо;,кежээ,хүндүс;,дүн;,дүн ортузу;,értenginiň;,düʺš;,düüš soo;,kežéé,hündüs;,dün;,dün ortuzu;,早晨;,中午;,下午;,晚上,白天;,夜晚;,午夜;,morning;,noon;,afternoon;,evening,during the day;,night;,midnight;,1,1,0.5,1,1,1,0.5,Eurasia,tuvi1240,tyv,Turkic,RU MN,,,,,,,52,95,Altaic,
Turkish,0,0,0,0,0,Sabah;,öğlen;,öğleden sonra;,akşam;,gündüz;,gece;,gece yarısı;,,,,,,,,早晨;,下午;,下午;,晚上;,白天;,夜晚;,午夜;,Morning;,noon;,afternoon;,evening;,day;,night;,midnight;,1,1,0.5,1,1,1,0.5,Eurasia,nucl1301,tur,Turkic,TR,Ci5,Turks,nucl1301,Turkish,Western Asia,,39,35,Altaic,
Turkmen,0,0,0,0,0,irden;,günortan;,günortan;öýlän,agşam;,gündiz;,gije;,ýary gije;,,,,,,,,在早晨;,中午;,下午;晚上,晚上;,白天;,夜晚;,午夜;,morning;,noon;,afternoon;,evening;,daytime;,night;,midnight;,1,0.25,0.25,1,1,1,0.5,Eurasia,turk1304,tuk,Turkic,TM,Eb5,Turkmen,turk1304,Turkmen,Middle Asia,,40,58,Altaic,
Twi,0,0,0,0,0,anɔpa;,prɛmtoberɛ;,awia;,anwummerɛ;,awiabere;,anadwo;,anadwo kɔnkɔn;,,,,,,,,早晨;,中午;,下午;,晚上;,下午;,夜晚;,午夜;,morning;,noon;,afternoon;,evening;,in the afternoon;,night;,midnight;,1,1,1,1,0.25,1,1,Africa,akan1251,twi,Kwa,,,,,,,,6.75,-1.5,Niger-Congo,
Udmurt,0,0,0,0,0,ӵукна;,лымшор;,нуназе бере;,ӝыт;,нуназе;,уй;,уйшор;,č̈ukna;,lymšor;,nunaze bere;,uj;,nunaze;,uj;,ujšor;,早晨;,南;,下午;,晚上;,午餐;,夜晚;,午夜;,morning;,south;,afternoon;,evening;,lunch;,night;,midnight;,1,0,0.5,1,0,1,1,Eurasia,udmu1245,udm,Permic,RU,ch26,Udmurt,sout2681,South Udmurt,Eastern Europe,,57.5,52.5,Uralic,
Uyghur,0,0,0,0,0,ئەتىگەن,چۈش,چۈشتىن كېيىن,كەچ,كۈندۈزى,كېچە,يېرىم كېچىدە,'etiɡen,chysh,chyshtin keyin,keche,kyndyzi,keche,yerim kechide,早晨,梦,下午,晚上,白天,夜晚,午夜,early,noon,afternoon,evening,day,evening,midnight,1,0,0.5,1,1,1,1,Eurasia,uigh1240,uig,Turkic,CN,,,,,,,40,80,Altaic,
Uzbek,0,0,0,0,0,ertalab;,peshin;,tushdan keyin;,kechqurun;,kunduzi;,kechasi;,yarim tun;,,,,,,,,早晨;,中午;,下午;,晚上;,白天;,晚上;,午夜;,morning;,noon;,afternoon;,evening;,daytime;,night;,midnight;,1,1,0.5,1,1,1,1,Eurasia,uzbe1247,None,Turkic,UZ AF,Eb8,Uzbek,nort2690,Northern Uzbek,Middle Asia,,39,66,Altaic,
Venda,1,0,1,1,0,matsheloni;,masiari;,masiari;,madekwana;,masiari;,vhusiku;,vhusikukati;,,,,,,,,早晨;,下午;,下午;,晚上;,下午;,夜晚;,午夜;,morning;,afternoon;,afternoon;,evening;,afternoon;,night;,midnight;,1,0.25,0.25,1,0,1,1,Africa,vend1245,ven,Bantu,ZA ZW,Ab6,Venda,vend1245,Venda,Southern Africa,,-22,30,Niger-Congo,
Venetian,0,0,0,0,0,matina;,mesodì;,pomerijo;,sera;,durante el giorno,note;,mesanote;,,,,,,,,早晨;,中午;,下午;,晚上;,白天,晚上；,午夜;,morning;,noon;,afternoon;,evening;,during the day,night;,midnight;,1,1,1,1,0.5,1,1,Eurasia,vene1258,"	vec",Italic,,,,,,,,45.503581,12.214167,Indo-European,
Vietnamese,0,0,0,0,0,buổi sáng;,buổi trưa;,buổi chiều;,buổi tối;,ban ngày;,đêm;,nửa đêm;,,,,,,,,早晨;,中午;,下午;,晚上;,天;,夜晚;,午夜;,morning;,noon;,afternoon;,evening;,day;,night;,midnight;,1,0.5,0.5,1,0.5,1,0.5,Eurasia,viet1252,vie,Vietic,#REF!,Ej4,Annamese,viet1252,Vietnamese,Indo-China,,10.5,106.5,Austroasiatic,
Wari',0,0,0,0,1,aga;,udto;,kulop;,gab-i;,adlaw;,gab-i;,katutnga;,,,,,,,,早期的;,中午;,下午;,晚上;,太阳;,晚上;,午夜;,early;,noon;,afternoon;,evening;,sun;,evening;,midnight;,1,1,1,1,0,0.25,1,South America,wari1268,pav,Chapacura-Wanham,BR,,,,,,,-11.33333333,-65,Chapacura-Wanham,
Wolof,0,1,0,0,0,ci suba;,diggante;,ngoon;,ngoon;,bëccëg;,guddaay;,xaaju guddi;,,,,,,,,早晨;,关系;,晚上;,晚上;,白天;,沥青;,午夜;,morning;,relationship;,evening;,evening;,daytime;,pitch;,midnight;,1,1,0.25,1,1,1,0.5,Africa,nucl1347,wol,Wolof,GM SN,Cb2,Wolof,nucl1347,Wolof,West Tropical Africa,,15.25,-16,Niger-Congo,
Xhosa,0,1,0,0,0,safiya;,tsakar rana;,maraice;,maraice;,rana;,dare;,tsakar dare;,,,,,,,,早晨;,中午;,晚上;,晚上;,天;,夜晚;,午夜;,morning;,noon;,evening;,evening;,day;,night;,midnight;,1,0.5,0.25,1,0,1,0.5,Africa,xhos1239,xho,Bantu,ZA,CCMCxhos1239,Xhosa,xhos1239,Xhosa,Southern Africa,,-32,27,Niger-Congo,
Yakut,0,0,0,1,0,сарсыарда;,күн ортото;,күнүс;,киэһээ;,күнүс;,түүн;,түүн ортото;,sarsyarda;,kün ortoto;,künüs;,kiéḫéé; ,künüs;,tüün;,tüün ortoto;,早晨;,中午;,下午;,晚上;,下午;,夜晚;,午夜;,morning;,noon;,afternoon;,evening;,afternoon;,night;,midnight;,1,0.5,0.25,1,0.25,1,0.5,Eurasia,yaku1245,sah,Turkic,RU,,,,,,,62,130,Altaic,
Yoruba,1,0,0,0,0,owurọ;,ọsan;,ọsan;,oru;,osan;,ale,ọganjọ,,,,,,,,早晨;,橙子;,橙子;,夜晚;,橙子;,夜晚,午夜,morning;,afternoon;,afternoon;,night;,afternoon;,evening,midnight,1,0,1,1,0,1,1,Africa,yoru1245,yor,Defoid,NG BJ,,,,,,,8,4.333333333,Niger-Congo,
Yiddish,0,0,0,0,0,מאָרגן;,מיטאָג;,נאָכמיטאָג;,אָוונט,טאָגטיים;,נאַכט;,האַלבנאַכט;,morgn;,mitog;,nokhmitog;,ovnt,togteym;,nakht;,halbnakht;,明天;,晚餐;,下午;,晚上,白天;,夜晚;,午夜;,tomorrow;,dinner;,Afternoon;,Evening,daytime;,night;,midnight;,1,0.5,1,1,1,1,1,Eurasia,yidd1255,ydd,Germanic,UA BY DE LT PL,,,,,,,52,23,Indo-European,
Yucatec Maya,0,0,0,0,1,sáastal;,chúumuk' k'iin;,chíinil k'iin;,áak'ab;,k'iin;,áak'ab;,chúumuk áak'ab;,,,,,,,,早晨;,中午;,下午;,晚上;,天气;,晚上;,午夜;,morning;,noon;,afternoon;,evening;,weather;,evening;,midnight;,1,0.5,0.5,0.25,0,0.25,0.5,North America,yuca1254,yua,Mayan,MX,Sa6,Yucatec Maya,yuca1254,Yucatec Maya,Mexico,,20,-89,Mayan,
Zapotec,0,0,0,0,1,siadó;,galaa dxí;,huadxí;,huaxhinni;,dxi;,huaxhinni;,galaa gueela;,,,,,,,,早期的;,中午;,晚的;,晚上;,日期;,晚上;,午夜;,early;,noon;,late;,evening;,date;,evening;,midnight;,1,0.5,1,0.25,0,0.25,0.5,North America,isth1244,zai,Zapotecan,MX,,Zapotec,yala1267,Yalálag Zapotec,,,16.416667,-95,Oto-Manguean,
Zulu,0,0,1,0,0,ekuseni;,emini;,ntambama;,kusihlwa;,emini;,ebusuku;,phakathi kwamabili;,,,,,,,,早晨;,白天;,下午;,晚上;,白天;,晚上;,午夜;,morning;,noon;,afternoon;,evening;,midday;,night;,midnight;,1,0.25,1,1,0.25,1,0.5,Africa,zulu1248,zul,Bantu,ZA,Ab12,Zulu,zulu1248,Zulu,Southern Africa,,-30,30,Niger-Congo,
Central Tibetans,0,0,0,0,0,ཞོགས་པ;,ཉིན་གུང;,ཕྱི་དྲོ;,དགོང་མོ;,ཉིན་མོ།;,མཚན་མོ;,མཚན་གུང;,zhogs pa;ŋa55tʂo55‧,nyin gung;ȵĩ11koŋ13‧,phyi dro;koŋ11tʂo55‧,mtshan mo;sa55rup11tʂop53‧,nyin mo/;ȵi11mɛ13kʰoŋ0‧,mtshan mo;tsʰɛ55mo55‧,mtshan gung;nam11tʃʰɛ53‧,早晨;,中午;,下午;,甚至;,天;,夜晚;,午夜;,morning;,noon;,afternoon;,even;,day;,night;,midnight;,1,1,1,1,0,1,1,Eurasia,tibe1272,bod,Bodic,CN,Ee4,Central Tibetans,dbus1238,Ü,Sino-Tibetan,,30,91,Sino-Tibetan,
Warlpiri,0,0,0,0,0,mungalyurru,"yama-kaninjarni,karlarla, mirntangali","wuraji-wuraji,yama-kakarrara","wuuly-wuulypa,wuulypari,wuraji",ngurljurrpa," warurru,munga,wuulypar,",kulkurru-kari,,,,,,,,NA,NA,NA,NA,NA,NA,NA,NA,NA,NA,NA,NA,NA,NA,1,0.5,0.5,0.5,1,1,0.5,Australia,warl1254,wbp,Western Pama-Nyungan,AU,Id10,Walbiri,warl1254,Warlpiri,Pama-Nyungan,,-20,132.3333333,Pama-Nyungan,
Tiwi,0,1,0,0,1,japinari,anjiruwa,awurlanari,japinawamini,yirrimanungura ,japinawamini,0,,,,,,,,NA,NA,NA,NA,NA,NA,NA,NA,NA,NA,NA,NA,NA,NA,1,1,1,0.25,1,0.25,0,Australia,tiwi1244,tiw,Tiwian,AU,Id3,Tiwi,tiwi1244,Tiwi,NA,,-11.5,131,Isolates,
Diyari,0,0,0,0,0,thangkuthangkuparna,0,0,kalkawarra,0,thinka,0,,,,,,,,NA,NA,NA,NA,NA,NA,NA,NA,NA,NA,NA,NA,NA,NA,1,0,0,1,0,1,0,Australia,dier1241,dif,Central Pama-Nyungan,AU,Id4,Diyari,dier1241,Dieri,Pama-Nyungan,,-28,139,Pama-Nyungan,
Quileute,0,1,0,0,0,vhi/85,roch9mtiya,k2op7qmtiya,k2op7qmtiya,0,/aw85,mal95l,,,,,,,,NA,NA,NA,NA,NA,NA,NA,NA,NA,NA,NA,NA,NA,NA,1,1,0.25,0.25,0,1,1,North America,quil1240,qui,Chimakuan,US,Nb18,Quileute,quil1240,Quileute,Chimakuan,,47.91666667,-124.25,Chimakuan,
Quinault,0,0,0,0,1,ƛ̓ɑx̣oɫ,puckwəɫ,nɑmpuckwəɫ,ʔiwəʔnoʔ,0,ʔiwəʔnoʔ,puutɑs,,,,,,,,NA,NA,NA,NA,NA,NA,NA,NA,NA,NA,NA,NA,NA,NA,1,1,1,0.25,0,0.25,1,North America,quin1251,NA,NA,NA,Nb25,Quinault,quin1251,Quinault,Salishan,,47.42,-124.16,Salishan,
Karok,0,0,0,0,0,máh'iit,supáh'aachip,0,ikxúrar / ikxurara,0,ikxáram,ikxarám'aachip,,,,,,,,NA,NA,NA,NA,NA,NA,NA,NA,NA,NA,NA,NA,NA,NA,1,1,0,1,0,1,0.5,North America,karo1304,kyh,Karok,US,Nb34,Karuk,karo1304,Karuk,NA,,41.66666667,-123,Hokan,
Hupa,0,0,0,0,0,xutł'e'-dung',de:dixwo-yinuqa-wing'a'-mił,yitse'ni-wing'a',wilwił-ding,jingkyo:wit;jingkyoh-ding,xutł'e',xutł'e'e:mił,,,,,,,,NA,NA,NA,NA,NA,NA,NA,NA,NA,NA,NA,NA,NA,NA,0.5,0.5,0.5,0.5,0.5,0,0,North America,hupa1239,hup,Athapaskan,US,Nb35,Hupa,hupa1239,Hupa-Chilula,Athabaskan-Eyak-Tlingit,,41.08333333,-123.6666667,Athabaskan-Eyak-Tlingit,
Yuki,0,0,1,0,0,k'aw-lom,i-nay',0,0,i-nay',na*k,na*k hu:-ya*p,,,,,,,,NA,NA,NA,NA,NA,NA,NA,NA,NA,NA,NA,NA,NA,NA,0.5,0.25,0,0,0.25,1,0.5,North America,yuki1243,yuk,Yuki,US,Nc7,Yuki,yuki1243,Northern Yukian,Yuki-Wappo,,39.66666667,-123.5,Yuki-Wappo,
Shawnee,0,0,0,1,0,K'wa lah wah pàh kee,Lawahqua,0,oo-la-quie-thie,0,Tùp ex kee,Lah we tùp ex kee,,,,,,,,NA,NA,NA,NA,NA,NA,NA,NA,NA,NA,NA,NA,NA,NA,0.5,2,0,0.5,0,0.5,0.5,North America,shaw1249,sjw,Algonquian,US,Nf13,Shawnee,shaw1249,Shawnee,Algic,,40,-83,Algic,
Seneca,0,0,0,0,0,wë:níshäsé’a:neh,ha’déwë:níshäëh,hegä̀:hgwa:’ah,o’gä̀:s’ah,ëde:ka:’. ë:deh,o’ga:as,ha’déwahsö:twëh,,,,,,,,NA,NA,NA,NA,NA,NA,NA,NA,NA,NA,NA,NA,NA,NA,0.5,0.5,0.5,1,1,1,0.5,North America,sene1264,see,Northern Iroquoian,US,Ng10,Seneca,sene1264,Seneca,Iroquoian,,42.5,-77.5,Iroquoian,
Penobscot,0,0,0,0,1,kati-pahsskʷáyi,pàhsskʷe,kisí-pahsskʷe,àlohk,spə̀tayi,0,memαwi-epahsítəpahkat,,,,,,,,NA,NA,NA,NA,NA,NA,NA,NA,NA,NA,NA,NA,NA,NA,0.5,1,0.5,1,1,0,0.5,NA,NA,NA,NA,NA,Ng4,Penobscot,peno1243,Penobscot,Algic,,45,-68,Algic,
Timucua,0,0,0,0,0,pilaniqi,chitohiriba,afa,0,0,pilani,0,,,,,,,,NA,NA,NA,NA,NA,NA,NA,NA,NA,NA,NA,NA,NA,NA,1,1,1,0,0,1,0,North America,timu1245,tjm,Timucua,US,Ng8,Timucua,timu1245,Timucua,NA,,30.25,-82.5,Isolates,
Mangghuer,0,0,0,0,0,ʂteːɾompɐ‧,tuɾkuŋ‧,ɕuɾuː‧,xɐɾɐlɐtɕɐ‧,tuɾlɐ‧,ɕuloŋ‧,tɕeɾin ɕuloŋ‧,,,,,,,,NA,NA,NA,NA,NA,NA,NA,NA,NA,NA,NA,NA,NA,NA,1,1,1,1,1,1,0.5,Eurasia,tuuu1240,mjg,Mongolic,CN,Eb2,Tu,tuuu1240,Monguoric,Mongolic-Khitan,,36,102,Altaic,
Dagur,0,0,0,0,0,utur əməl‧,utur twɑn‧,utur xwɑinə‧,oreː tɑjɑː‧,utur‧,sunj‧,sunj twɑn‧,,,,,,,,NA,NA,NA,NA,NA,NA,NA,NA,NA,NA,NA,NA,NA,NA,0.5,0.5,0.5,0.5,1,1,0.5,Eurasia,daur1238,dta,Mongolic,CN,Eb4,Dagur,daur1238,Dagur,Mongolic-Khitan,,48,124,Altaic,
Nanai,0,0,0,0,0,ərtə‧,iniŋ tʰokʰun‧,0,torpu‧,jiniŋ‧,ɕiŋsəri‧,wənnaxa‧,,,,,,,,NA,NA,NA,NA,NA,NA,NA,NA,NA,NA,NA,NA,NA,NA,0,0.5,0,1,1,1,1,Eurasia,nana1257,gld,Tungusic,RU,Ec9,Nanai,nana1257,Nanai,Tungusic,,49.5,137,Altaic,
Mun,0,0,0,0,0,ɡuːŋ33dɔːm35ɡjɔu55‧,dɔːm44nɔi22‧,ka33daŋ35dɔːm44nɔi22‧,ma22dɔu55ɡjam42‧,ɡuːŋ33nɔi22‧,ɡuːŋ33ɡjam42‧,dam33mun31‧,,,,,,,,NA,NA,NA,NA,NA,NA,NA,NA,NA,NA,NA,NA,NA,NA,0.5,1,0.5,0.5,1,1,1,Eurasia,kimm1245,mji,Mienic,CN,Ed14,Man,kimm1245,Kim Mun,Hmong-Mien,,19,110,Sino-Tibetan,
JIANGSU_SUZHOU_CHANGSHU,0,0,0,0,0,zɑ̃2.mᴇ3.tsøʏ0‧上晚昼,tsoŋ4.tsøʏ4.sin4.li0‧中昼心里,Ǿo2.mᴇ3.tsøʏ0‧下晚昼,Ǿiɑ4.kʰuɑ4.tɩ0‧夜快点,ȵiəʔ2.li51‧日里,Ǿiɑ4.li0‧夜里,pø4.Ǿiɑ4.sᴇ4.kã0‧半夜三更,,,,,,,,NA,NA,NA,NA,NA,NA,NA,NA,NA,NA,NA,NA,NA,NA,0.5,0.5,0.5,0.5,1,1,0.5,NA,wuch1236,NA,NA,NA,Ed15b,Kiangsu,wuch1236,Wu Chinese,Sino-Tibetan,,31.67,120.8,Sino-Tibetan,
Nuosu,0,0,0,0,0,bu31 dzi31‧,mo31 l̥ɯ55‧,mu33 kʰɯ55‧,kʰɯ55 mɔ31‧,mo31 l̥ɯ31‧,se55 pʰɔ33‧,βa33 bu33‧,,,,,,,,NA,NA,NA,NA,NA,NA,NA,NA,NA,NA,NA,NA,NA,NA,1,1,1,1,1,1,1,Eurasia,sich1238,iii,Tibeto-Burman,CN,Ed2,Lolo,sich1238,Sichuan Yi,Sino-Tibetan,,28,103,Sino-Tibetan,
Manchu,0,0,0,0,0,udiː ordən‧,udur dwɑnj‧,udiː xwɑin‧,ɡəɡən suːɡj‧,udurin‧,sunj‧,sun dwɑndin‧,,,,,,,,NA,NA,NA,NA,NA,NA,NA,NA,NA,NA,NA,NA,NA,NA,0.5,0.5,0.5,0.5,1,1,0.5,Eurasia,manc1252,mnc,NA,CN,Ed3,Manchu,manc1252,Manchu,Tungusic,,49.5,127.5,Altaic,
Min (Southern),0,0,0,0,0,tsa44.kʰi44‧早起,lit31.tau42‧日昼,Ǿe31.tau42‧下昼,bəʔ31.Ǿam35.kiã42‧卜暗囝,lit35.si0‧日时,mĩ44.si0‧暝时,puã42.mĩ44‧半暝,,,,,,,,NA,NA,NA,NA,NA,NA,NA,NA,NA,NA,NA,NA,NA,NA,1,1,1,0.5,1,1,1,Eurasia,minn1241,nan,NA,TW CN,Ed6,Min Chinese,chao1239,Chaoshan,Sino-Tibetan,,25,118,Sino-Tibetan,
Bai,0,0,0,0,0,tɯ21tse32kʋ35‧,jɯ44tsʰa55tsɿ21tɕa44‧,ɣɯ33tse32kʋ35‧,ɕy33ku21mieɹ31‧,ȵi44xɯ31‧,jɔ32xɯ31‧,pa32jɔ32‧,,,,,,,,NA,NA,NA,NA,NA,NA,NA,NA,NA,NA,NA,NA,NA,NA,0.5,0.5,0.5,0.5,1,1,1,Eurasia,cent2004,bca,Tibeto-Burman,CN,Ed8,Minchia,cent2004,Central Bai,Sino-Tibetan,,26,100,Sino-Tibetan,
Hlai (Baoding),0,0,0,0,0,kaːu33vaŋ33‧,tseɯ55vaŋ11‧,ui51vaŋ11‧,tʰaɯ11vaŋ33‧,pai33vaŋ11‧,pai33ko33‧,tʰom55sap11‧,,,,,,,,NA,NA,NA,NA,NA,NA,NA,NA,NA,NA,NA,NA,NA,NA,0.25,1,1,1,1,1,1,Eurasia,hlai1239,lic,Hlai,NA,Ed9,Li,hlai1239,Hlai,Tai-Kadai,,19,109,Sino-Tibetan,
Sherpa,0,0,0,0,0,topla,0,nyimidingla,gomu,0,nembi,0,,,,,,,,NA,NA,NA,NA,NA,NA,NA,NA,NA,NA,NA,NA,NA,NA,1,0,1,1,0,1,0,Eurasia,sher1255,xsr,Bodic,NA,Ee6,Sherpa,sher1255,Solu-Khumbu Sherpa,Sino-Tibetan,,28,87,Sino-Tibetan,