language_name,yesterday,today,tomorrow,the day,the day before yesterday,the day after tomorrow,two days,two days before now,two days after now,four days,four days before now,four days from now,three days,three days before now,three days from now,value_yesterday,value_today,value_tomorrow,value_day_after_tomorrow,value_day_before_yesterday,Macroarea,Latitude,Longitude,Glottocode,ISO639P3code,Family,Genus,Country_ID,society_ID,society,dominant subsistence type,,Macroarea,Subsistence economy: gathering [EA001],Subsistence economy: hunting [EA002],Subsistence economy: fishing [EA003],Subsistence economy: animal husbandry [EA004],Subsistence economy: agriculture [EA005],,,Population size [EA202],,Mean size of local communities [EA031],,,,,,,,,,,,
English,yesterday,today,tomorrow,the day,the day before yesterday,the day after tomorrow,two days,two days before now,two days after now,four days,four days before now,four days from now,three days,three days before now,three days from now,1,1,1,0.5,0.5,Eurasia,52,0,stan1293,eng,Indo-European,,eng,,,,,,,,,,,,,,,,,,,,,,,,,,,
Albanian,dje,sot,nesër,ditën,pardje,pasnesër,dy ditë,dy ditë më parë,dy ditë pas tani,katër ditë,katër ditë më parë,katër ditë nga tani,tre ditë,tre ditë më parë,tre ditë nga tani,1,1,1,1,1,Eurasia,41,20,,sqi,Indo-European,Albanian,RS AL,Ce1,Gheg,gheg1238,Gheg Albanian,Southeastern Europe,0-5%,0-5%,0-5%,36-45%,56-65%,1900,Mountain Gheg of No. Albania,,,200-399,,,,,,,,,,,,
Armenian,երեկ,այսօր,վաղը,օրը,նախօրեին,վաղը մյուս օրը,երկու օր,երկու օր առաջ,երկու օր անց,չորս օր,չորս օր առաջ,չորս օրից,երեք օր,երեք օր առաջ,երեք օրից,1,1,1,1,0.5,Eurasia,40,45,nucl1235,hye,Indo-European,Armenian,AM,,Armenians,nucl1235,Eastern Armenian,Caucasus,0-5%,0-5%,0-5%,26-35%,66-75%,1900,,,,50000,,,,,,,,,,,,
Bengali,গতকাল,আজ,আগামীকাল,দিন,গতকালের আগের দিন,পরশু,দুই দিন,এখন থেকে দুই দিন আগে,এখন দুই দিন পর,চার দিন,এখন থেকে চার দিন আগে,এখন থেকে চার দিন,তিন দিন,এখন থেকে তিন দিন আগে,এখন থেকে তিন দিন,1,1,1,0.5,1,Eurasia,24,90,beng1280,ben,Indo-European,Indic,BD IN,Ef2,Bengali,beng1280,Bengali,Indian Subcontinent,0-5%,0-5%,16-25%,16-25%,56-65%,1940,,,,50000,,,,,,,,,,,,
Bosnian,juče,danas,sutra,dan,prekjučer,prekosutra,dva dana,dva dana ranije,dva dana kasnije,četiri dana,četiri dana ranije,četiri dana od sada,tri dana,tri dana ranije,tri dana od sada,1,1,1,1,1,Eurasia,43,18,bosn1245,bos,Indo-European,Slavic,BA,,,,,,None,,,,,,,,,,,,,,,,,,,,,
Bulgarian,вчера,днес,утре,деня,завчера,вдругиден,два дни,преди два дни,след два дни,четири дни,четири дни преди сега,след четири дни,три дни,преди три дни,след три дни,1,1,1,1,1,Eurasia,42.5,25,bulg1262,bul,Indo-European,Slavic,BG,Ch5,Bulgarians,bulg1262,Bulgarian,Southeastern Europe,0-5%,0-5%,0-5%,16-25%,76-85%,1940,,1700,1934,50000,,,,,,,,,,,,
Catalan,ahir,avui,demà,el dia,"abans d'ahir昨天之前
",passat demà过去的明天,dos dies,dos dies abans d'ara,dos dies després d'ara,quatre dies,fa quatre dies,d'aquí quatre dies,tres dies,fa tres dies,d'aquí tres dies,1,1,1,0,0,Eurasia,41.75,2,stan1289,cat,Indo-European,Romance,ES,Ce6,Spaniards,stan1288,Spanish,Southwestern Europe,None,,,,,,,,,,,,,,,,,,,,,
Croatian,jučer,danas,sutra,dan,prekjučer,prekosutra,dva dana,prije dva dana,dva dana kasnije,četiri dana,četiri dana prije sada,četiri dana od sada,tri dana,prije tri dana,tri dana od sada,1,1,1,1,1,Eurasia,45.812092,15.975308,sout1528,hbs,Indo-European,Slavic,,CCMCcroa1245,Croatian Standard,croa1245,Croatian Standard,Southeastern Europe,None,,,,,,,,,,,,,,,,,,,,,
Czech,včera,dnes,zítra,den,předevčírem,pozítří,dva dny,před dvěma dny,dva dny poté,čtyři dny,před čtyřmi dny,za čtyři dny,tři dny,před třemi dny,za tři dny,1,1,1,1,1,Eurasia,50,15,czec1258,ces,Indo-European,Slavic,CZ,Ch3,Czechs,czec1258,Czech,Middle Europe,0-5%,0-5%,0-5%,26-35%,66-75%,1940,,8800000,1950,50000,,,,,,,,,,,,
Danish,i går,i dag,i morgen,dagen,i forgårs,i overmorgen,to dage,to dage før nu,to dage efter nu,fire dage,fire dage før nu,fire dage fra nu,tre dage,tre dage før nu,tre dage fra nu,1,1,1,1,1,Eurasia,56,10,dani1285,dan,Indo-European,Germanic,DK,CCMCdani1285,Danish,dani1285,Danish,Northern Europe,None,,,,,,,,,,,,,,,,,,,,,
Dutch,gisteren,vandaag,morgen,de dag,eergisteren,overmorgen,twee dagen,twee dagen voor nu,twee dagen na nu,vier dagen,vier dagen voor nu,vier dagen vanaf nu,drie dagen,drie dagen voor nu,drie dagen vanaf nu,1,1,1,1,1,Eurasia,52.5,6,dutc1256,nld,Indo-European,Germanic,NL,Cg1,Dutch,dutc1256,Dutch,Middle Europe,0-5%,0-5%,6-15%,26-35%,56-65%,1950,,,,50000,,,,,,,,,,,,
French,hier,aujourd'hui,demain,le jour,avant-hier,après-demain,deux jours,deux jours avant maintenant,deux jours après maintenant,quatre jours,quatre jours avant maintenant,dans quatre jours,trois jours,trois jours avant maintenant,dans trois jours,1,1,1,0.5,0.5,Eurasia,48,2,stan1290,fra,Indo-European,Romance,CH FR,CCMCstan1290,French,stan1290,French,Southwestern Europe,None,,,,,,,,,,,,,,,,,,,,,
Galician,onte,hoxe,mañá,o día,antes de onte,pasadomañá 看Catalan语,dous días,dous días antes,dous días despois de agora,catro días,catro días antes,dentro de catro días,tres días,tres días antes,dentro de tres días,1,1,1,0,1,Eurasia,43,-8,gali1258,glg,Indo-European,Romance,ES,Ce2,Portuguese,gali1257,Galician Portuguese,Southwestern Europe,0-5%,0-5%,6-15%,36-45%,46-55%,1950,with special reference to the village of Rio de Onor in the extreme northeast,,,None,,,,,,,,,,,,
German,gestern,heute,morgen,heute,vorgestern,übermorgen,zwei Tage,zwei Tage vor jetzt,zwei Tage nach jetzt,vier Tage,vier Tage vor jetzt,vier Tage ab jetzt,drei Tage,drei Tage vor jetzt,drei Tage ab jetzt,1,1,1,1,1,Eurasia,52,10,stan1295,deu,Indo-European,Germanic,CH DE AT,CCMCstan1295,German,stan1295,German,Middle Europe,None,,,,,,,,,,,,,,,,,,,,,
Greek,εχθές,σήμερα,αύριο,την ημέρα,προχθές,μεθαύριο,δύο μέρες,δύο μέρες πριν,δύο μέρες μετά τώρα,τέσσερις μέρες,τέσσερις μέρες πριν,τέσσερις μέρες από τώρα,τρεις μέρες,τρεις μέρες πριν,τρεις μέρες από τώρα,1,1,1,1,1,Eurasia,39,22,mode1248,ell,Indo-European,Greek,GR,Ef9,Gujarati,guja1252,Gujarati,Indian Subcontinent,0-5%,0-5%,6-15%,26-35%,56-65%,1950,,,,50000,,,,,,,,,,,,
Gujarati,ગઈકાલે,આજે,આવતીકાલે,દિવસ,ગઈકાલના આગલા દિવસે,કાલ પછીનો દિવસ,બે દિવસ,આજથી બે દિવસ પહેલા,હવે બે દિવસ પછી,ચાર દિવસ,આજથી ચાર દિવસ પહેલા,હવેથી ચાર દિવસ,ત્રણ દિવસ,આજથી ત્રણ દિવસ પહેલા,હવેથી ત્રણ દિવસ,1,1,1,0.5,0.5,Eurasia,23,72,guja1252,guj,Indo-European,Indic,IN,Ef9,Gujarati,guja1252,Gujarati,Indian Subcontinent,0-5%,0-5%,6-15%,16-25%,66-75%,1920,,,,50000,,,,,,,,,,,,
Hindi,कल,आज,कल,दिन,परसों,परसों,परसों,दो दिन,अब से दो दिन पहले,अब से दो दिन बाद,चार दिन,अब से चार दिन पहले,अब से चार दिन बाद,तीन दिन,अब से तीन दिन पहले,0.25,1,0.25,0,1,Eurasia,25,77,hind1269,hin,Indo-European,Indic,IN,CCMChind1269,Hindi,hind1269,Hindi,Indian Subcontinent,None,,,,,,,,,,,,,,,,,,,,,
Icelandic,í gær,í dag,á morgun,daginn,í fyrradag,daginn eftir á morgun,tvo daga,tveimur dögum áður,tveimur dögum síðar,fjóra daga,fjórum dögum áður,eftir fjóra daga,þrjá daga,þremur dögum áður,eftir þrjá daga,0.5,0.5,0.5,0.5,0.5,Eurasia,65,-17,icel1247,isl,Indo-European,Germanic,IS,Cg2,Icelanders,icel1247,Icelandic,Northern Europe,0-5%,16-25%,26-35%,36-45%,6-15%,,,50000,1950,,,,,,,,,,,,,
Irish,inné,inniu,amárach,an lae,an lá roimh inné,an lá i ndiaidh lae amárach,dhá lá,dhá lá roimhe sin,dhá lá tar éis anois,ceithre lá,ceithre lá roimhe seo,ceithre lá ó anois,trí lá,trí lá roimhe seo,trí lá ó anois,1,1,1,0.5,0.5,Eurasia,53,-8,iris1253,gle,Indo-European,Celtic,IE,Cg3,Irish,iris1253,Irish,Northern Europe,0-5%,6-15%,0-5%,36-45%,46-55%,1930,,50000,1930,2963000,,,,,,,,,,,,
Italian,ieri,oggi,domani,il giorno,l'altroieri,dopodomani,due giorni,due giorni prima di adesso,due giorni dopo di adesso,quattro giorni,quattro giorni prima di adesso,tra quattro giorni,tre giorni,tre giorni prima di adesso,tra tre giorni,1,1,1,0.5,1,Eurasia,43,12,ital1282,ita,Indo-European,Romance,CH IT,,Neapolitans,neap1235,Continental Southern Italian,Southeastern Europe,0-5%,0-5%,6-15%,6-15%,76-85%,1960,,,,50000,,,,,,,,,,,,
Latvian,vakar,šodien,rīt,diena,aizvakar,parīt pēc rītdienas,divas dienas,divas dienas iepriekš,divas dienas pēc šī brīža,četras dienas,pirms četrām dienām,četras dienas no šī brīža,trīs dienas,trīs dienas iepriekš,trīs dienas no šī brīža,1,1,1,1,0.5,Eurasia,57,24,latv1249,lav,Indo-European,Baltic,LV,,Latvians,latv1249,Latvian,Eastern Europe,0-5%,0-5%,6-15%,16-25%,66-75%,1881,,1312000,1897,50000,,,,,,,,,,,,
Lithuanian,vakar,šiandien,rytoj,dieną,užvakar,poryt,dvi dienas,prieš dvi dienas,po dviejų dienų,keturias dienas,prieš keturias dienas,keturios dienos nuo dabar,tris dienas,prieš tris dienas,nuo trijų dienų,1,1,1,1,0,Eurasia,55,24,lith1251,lit,Indo-European,Baltic,LT,,Lithuanians,lith1251,Lithuanian,Eastern Europe,0-5%,0-5%,6-15%,36-45%,46-55%,,,217000,1950,50000,,,,,,,,,,,,
Macedonian,вчера,денес,утре,денот,завчера,задутре,два дена,два дена пред сега,два дена после сега,четири дена,четири дена пред сега,четири дена од сега,три дена,три дена пред сега,три дена од сега,1,1,1,1,1,Eurasia,41.66666667,21.75,mace1250,mkd,Indo-European,Slavic,MK,,Macedonian,mace1250,Macedonian,Southeastern Europe,None,,,,,,,,,,,,,,,,,,,,,
Marathi,काल,आज,उद्या,दिवस,कालच्या आदल्या दिवशी,परवा,दोन दिवस,आता दोन दिवस आधी,आता दोन दिवसांनी,चार दिवस,आता चार दिवस आधी,आतापासून चार दिवस,तीन दिवस,आता तीन दिवस आधी,आतापासून तीन दिवस,1,1,1,0.5,0,Eurasia,19,76,mara1378,mar,Indo-European,Indic,IN,CCMCmara1378,Marathi,mara1378,Marathi,Indian Subcontinent,None,,,,,,,,,,,,,,,,,,,,,
Nepali,हिजो,आज,भोलि,दिन,हिजो अघिल्लो दिन,भोलिको दिन,दुई दिन,अहिले दुई दिन अगाडि,अब दुई दिन पछि,चार दिन,आजभन्दा चार दिन अगाडि,अब देखि चार दिन,तीन दिन,अहिले तीन दिन अघि,अब देखि तीन दिन,1,1,1,0.5,0,Eurasia,28,85,nepa1254,npi,Indo-European,Indic,NP,CCMCnepa1254,Nepali,nepa1254,Nepali,Indian Subcontinent,None,,,,,,,,,,,,,,,,,,,,,
Norwegian,i går,i dag,i morgen,dagen,i forgårs,i overmorgen,to dager,to dager før nå,to dager etter nå,fire dager,fire dager før nå,fire dager fra nå,tre dager,tre dager før nå,tre dager fra nå,0.5,0.5,0.5,0.5,0.5,Eurasia,61,8,norw1258,nor,Indo-European,Germanic,NO,CCMCnorw1258,Norwegian,norw1258,Norwegian,Northern Europe,None,,,,,,,,,,,,,,,,,,,,,
Pashto,پرون,نن,سبا,ورځ,یوه ورځ مخکې,بله ورځ,دوه ورځې,له نن څخه دوه ورځې مخکې,دوه ورځې وروسته,څلور ورځې,له نن څخه څلور ورځې مخکې,له نن څخه څلور ورځې,درې ورځې,له نن څخه درې ورځې مخکې,له نن څخه درې ورځې,1,1,1,0,0,Eurasia,33,67,cent1973,pst,Indo-European,Iranian,PK AF,CCMCpash1269,Pashto,pash1269,Pashto,Indian Subcontinent,None,,,,,,,,,,,,,,,,,,,,,
Persian,دیروز,امروز,فردا,روز,پریروز,پس فردا,دو روز,دو روز قبل از الان,دو روز بعد از الان,چهار روز,چهار روز قبل از این,چهار روز دیگر,سه روز,سه روز قبل از الان,سه روز دیگر,1,1,1,0,0.5,Eurasia,32,54,west2369,pes,Indo-European,Iranian,IR,,,,,,None,,,,,,,,,,,,,,,,,,,,,
Polish,wczoraj,dzisiaj,jutro,dzień,przedwczoraj,pojutrze,dwa dni,dwa dni przedtem,dwa dni potem,cztery dni,cztery dni temu,cztery dni od teraz,trzy dni,trzy dni przedtem,trzy dni od teraz,1,1,1,1,1,Eurasia,52,20,poli1260,pol,Indo-European,Slavic,PL,CCMCpoli1260,Polish,poli1260,Polish,Middle Europe,None,,,,,,,,,,,,,,,,,,,,,
Portuguese(Portugal),ontem,hoje,amanhã,o dia,anteontem,depois de amanhã,dois dias,dois dias antes de agora,dois dias depois de agora,quatro dias,quatro dias antes de agora,quatro dias a partir de agora,três dias,três dias antes de agora,três dias a partir de agora,1,1,1,1,0.5,Eurasia,39,-8,port1283,por,Indo-European,Romance,PT,,Portuguese,gali1257,Galician Portuguese,Southwestern Europe,0-5%,0-5%,6-15%,36-45%,46-55%,1950,,None,,,,,,,,,,,,,,
Romanian,ieri,astăzi,mâine,ziua,alaltăieri,poimâine,doua zile,cu două zile înainte de acum,după două zile,patru zile,cu patru zile înainte de acum,de acum patru zile,trei zile,cu trei zile înainte de acum,peste trei zile,1,1,1,1,1,Eurasia,46,25,roma1327,ron,Indo-European,Romance,RO,,Romanian,roma1327,Romanian,Southeastern Europe,None,,,,,,,,,,,,,,,,,,,,,
Russian,вчера,сегодня,завтра,день,позавчера,послезавтра,два дня,два дня до настоящего момента,два дня после настоящего момента,четыре дня,четыре дня до настоящего момента,четыре дня от настоящего момента,три дня,три дня от настоящего момента,три дня от настоящего момента,1,1,1,1,1,Eurasia,56,38,russ1263,rus,Indo-European,Slavic,RU,SCCS54,Russians,russ1263,Russian,Eastern Europe,0-5%,0-5%,0-5%,26-35%,66-75%,1955,,,,"	50000",,,,,,,,,,,,
Serbian-Croatian,јуче,данас,сутра,дан,прекјуче,прекосутра,два дана,два дана раније,два дана касније,четири дана,четири дана раније,четири дана од сада,три дана,три дана раније,три дана од сада,1,1,1,1,1,Eurasia,44,19,sout1528,hbs,Indo-European,Slavic,RS BA HR,,Serbs,serb1264,Serbian Standard,Southeastern Europe,0-5%,0-5%,0-5%,36-45%,56-65%,1950,,2200,1953,50000,,,,,,,,,,,,
Sinhala,ඊයේ,අද,හෙට,දවස,පෙරේදා,අනිද්දා,දින දෙකක්,දැන් දවස් දෙකකට කලින්,දැන් දවස් දෙකකට පස්සේ,දින හතරක්,දැන් දවස් හතරකට කලින්,දැන් සිට දින හතරක්,දින තුනක්,දැන් දවස් තුනකට කලින්,දැන් සිට දින තුනක්,1,1,1,0,0,Eurasia,7,80.5,sinh1246,sin,Indo-European,Indic,LK,Eh6,Sinhalese,sinh1246,Sinhala,Indian Subcontinent,0-5%,0-5%,6-15%,26-35%,56-65%,1950,,2157000,1954,50000,,,,,,,,,,,,
Slovak,včera,dnes,zajtra,deň,predvčerom,pozajtra,dva dni,pred dvoma dňami,po dvoch dňoch,štyri dni,pred štyrmi dňami,o štyri dni,tri dni,pred tromi dňami,o tri dni,1,1,1,1,1,Eurasia,49,20,slov1269,slk,Indo-European,Slavic,SK,CCMCslov1269,Slovak,slov1269,Slovak,Middle Europe,None,,,,,,,,,,,,,,,,,,,,,
Slovene,včeraj,danes,jutri,dan,predvčerajšnjim,pojutrišnjem,dva dni,dva dni prej,čez dva dni,štiri dni,pred štirimi dnevi,čez štiri dni,tri dni,tri dni pred tem,čez tri dni,1,1,1,1,1,Eurasia,46,15,slov1268,slv,Indo-European,Slavic,SI,,Slovenian,slov1268,Slovenian,Southeastern Europe,None,,,,,,,,,,,,,,,,,,,,,
Spanish,ayer,hoy,mañana,el día,anteayer,pasado mañana,dos días,dos días antes de ahora,dos días después de ahora,cuatro días,cuatro días antes de ahora,dentro de cuatro días,tres días,tres días antes de ahora,dentro de tres días,1,1,1,1,0.5,Eurasia,40,-4,stan1288,spa,Indo-European,Romance,ES,Ce6,Spaniards,stan1288,Spanish,Southwestern Europe,0-5%,0-5%,0-5%,26-35%,66-75%,1950,,,,50000,,,,,,,,,,,,
Swedish,i går,i dag,i morgon,dagen,förrgår,i övermorgon,två dagar,två dagar innan nu,två dagar efter nu,fyra dagar,fyra dagar innan nu,fyra dagar från nu,tre dagar,tre dagar innan nu,om tre dagar,0.5,0.5,0.5,0.5,0.5,Eurasia,60,15,swed1254,swe,Indo-European,Germanic,FI SE,CCMCswed1254,Swedish,swed1254,Swedish,Northern Europe,None,,,,,,,,,,,,,,,,,,,,,
Ukrainian,вчора,сьогодні,завтра,день,позавчора,післязавтра,два дні,два дні тому,через два дні,чотири дні,чотири дні тому,через чотири дні,три дні,три дні тому,через три дні,1,1,1,1,1,Eurasia,49,33,ukra1253,ukr,Indo-European,Slavic,UA,,Ukrainians,east2270,East Ukrainian,Eastern Europe,0-5%,0-5%,6-15%,26-35%,56-65%,1930,,,,50000,,,,,,,,,,,,
Urdu,کل,آج,کل,دن,پرسوں,پرسوں,دو دن,اب سے دو دن پہلے,اب دو دن بعد,چار دن,اب سے چار دن پہلے,اب سے چار دن,تین دن,اب سے تین دن پہلے,اب سے تین دن,0.25,1,0.25,0,0,Eurasia,25,67,urdu1245,urd,Indo-European,Indic,PK,,,,,,None,,,,,,,,,,,,,,,,,,,,,
Welsh,ddoe,heddiw,yfory,y dydd,y diwrnod cyn ddoe,y diwrnod ar ôl yfory,dau ddiwrnod,dau ddiwrnod cyn hyn,deuddydd ar ol hyn,pedwar diwrnod,bedwar diwrnod cyn hyn,pedwar diwrnod o nawr,tridiau,dridiau cyn hyn,tri diwrnod o nawr,1,1,1,0.5,0.5,Eurasia,52,-3,wels1247,cym,Indo-European,Celtic,GB,,,,,,None,,,,,,,,,,,,,,,,,,,,,
Mandarin,昨天,今天,明天,今天,前天,后天,两天,前两天,后两天,四天,前四天,四天后,三天,前三天,后三天,1,1,1,1,1,Eurasia,34,110,mand1415,cmn,Sino-Tibetan,Chinese,CN,,Shantung,mand1415,Mandarin Chinese,China,0-5%,0-5%,6-15%,16-25%,66-75%,1930,,,,50000,,,,,,,,,,,,
Cantonese,琴日,今日,聽日,嗰日,前日,後日,兩日,兩日前而家,喺而家之後兩日,四日,喺而家之前四日,由而家開始四日,三日,喺而家之前三日,由而家開始三日,1,1,1,1,1,Eurasia,23,113,yuec1235,yue,Sino-Tibetan,Chinese,CN,,Cantonese,yuec1235,Yue Chinese,China,0-5%,0-5%,0-5%,16-25%,76-85%,1940,,None,,,,,,,,,,,,,,
Abkhaz,иацы,иахьа,уаҵәы,Амш,иацтәи амш,уаҵәашьҭахьтәи амш,ҩымш,ҩымш раԥхьа,ҩымш рышьҭахь уажәшьҭа,ԥшьымш,Уажәы ԥшьымш раԥхьа,Уажәшьҭа ԥшьымш рышьҭахь,Хымш,Уажәы хымш раԥхьа,Уажәшьҭа хымш рышьҭахь,1,1,1,0,0,Eurasia,43.08333333,41,abkh1244,abk,Northwest Caucasian,Northwest Caucasian,GE,Ci12,Abkhaz,abkh1244,Abkhaz,Caucasus,6-15%,0-5%,0-5%,56-65%,26-35%,1880,,,,200-399,,,,,,,,,,,,
Acehnese,baroe,uronyo,singeuh,uroe nyan,uroe seugohlom bunoe,uroe lheuh singoh,dua uroe,dua uroe seugohlom jinoe .,dua uroe lheuh jinoe .,peuet uroe,peuet uroe seugohlom jinoe .,peuet uroe teuk nibak jinoe,lhee uroe,lhee uroe seugolom jinoe .,lhee uroe teuk nibak jinoe,1,1,1,0.5,0.5,Eurasia,5.5,95.5,achi1257,ace,Austronesian,Malayo-Sumbawan,ID,,,,,,None,,,,,,,,,,,,,,,,,,,,,
Qafar(Afar),kimal,asaaku,beera,ayro,kimal naharat tan ayro,beeraak lakal tan ayro,namma ayro,namma ayrok naharal,namma ayrok lakal,affara ayro,affara ayrok naharal,Tawakaak xabba haanam affara ayroh addat,sidiica ayro,sidiica ayrok naharal,sidiica ayrok xabba haanam,1,1,1,0,0.5,Africa,12,42,afar1241,aar,Afro-Asiatic,Lowland East Cushitic,ET ER DJ,Ca6,Afar,afar1241,Afar,Northeast Tropical Africa,6-15%,0-5%,6-15%,76-85%,0-5%,1880,,110000,1950,100-199,,,,,,,,,,,,
Arabic,أمس,اليوم,غدًا,اليوم,قبل أمس,بعد غد,يومين,يومين قبل الآن,يومين بعد الآن,أربعة أيام,أربعة أيام قبل الآن,أربعة أيام من الآن,ثلاثة أيام,ثلاثة أيام قبل الآن,ثلاثة أيام من الآن,1,1,1,0.5,0.5,Eurasia,25,42,stan1318,arb,Afro-Asiatic,Semitic,KW SO SY OM QA EG TN MA LY KM JO LB ER YE SA IQ PS DZ AE BH SD IL,Cd18,Saadi,said1239,Saidi Arabic,Northern Africa,0-5%,6-15%,0-5%,56-65%,26-35%,1920,,38000,1940,Missing data,None,,,,,,,,,,,
Alur,ma nyaworu,tin,urwo,ceng,ceng ma ukadhu,ceng ma lubo urwo,nindu aryo,nindo aryo mapodi kawoni,nindo aryo ingey kawoni,nindu angwen,nindo angwen mapodi kawoni,nindo angwen nicaku kawoni,nindu adek,nindo adek mapodi kawoni,nindo adek nicaku kawoni,1,1,1,0,0,Africa,2.36,31,alur1250,alz,Nilo-Saharan,Nilotic,,Aj17,Alur,alur1250,Alur,West-Central Tropical Africa,0-5%,6-15%,16-25%,16-25%,46-55%,1890,,200000,,,,,,,,,,,,,,
Amharic,ትናንት,ዛሬ,ነገ,ቀኑ,ከትናንት በፊት ባለው ቀን,ከነገ ወዲያ,ሁለት ቀናት,አሁን ከሁለት ቀናት በፊት,ከሁለት ቀናት በኋላ,አራት ቀናት,ከአራት ቀናት በፊት,ከአራት ቀናት በኋላ,ሶስት ቀናት,አሁን ከሶስት ቀናት በፊት,ከሦስት ቀናት በኋላ,1,1,1,0.5,0,Africa,10,38,amha1245,amh,Afro-Asiatic,Semitic,ET,Ca7,Amhara,amha1245,Amharic,Northeast Tropical Africa,0-5%,0-5%,6-15%,26-35%,56-65%,1950,Gondar district,22000,1953,50000,,,,,,,,,,,,
Acholi,la woro,tin,diki,nino ni,nino ma okato前一天,nino ma lubo diki后天 明天,nino aryo,nino aryo ma peya i kare ni,nino aryo inge kombedi,nino angwen,nino angwen ma peya i kare ni,nino angwen ki kombedi,nino adek,nino adek ma peya i kare ni,nino adek ki kombedi,1,1,1,0,0,Africa,3,32.66666667,acol1236,ach,Nilo-Saharan,Western Nilotic,UG SS,Ai32,Lugbara,lugb1240,Lugbara,East Tropical Africa,6-15%,0-5%,0-5%,36-45%,46-55%,1920,,240000,1929,,,,,,,,,,,,,
Assamese,কালি,আজি,কাইলৈ,দিনটো,কালিৰ আগদিনা,কাইলৈৰ পিছদিনা,দুদিন,এতিয়াৰ দুদিন আগতে,এতিয়াৰ দুদিন পিছত,চাৰিদিন,এতিয়াৰ চাৰিদিন আগতে,চাৰিদিন পিছত,তিনিদিন,এতিয়াৰ তিনিদিন আগতে,তিনিদিন পিছত,1,1,1,0.5,0.5,Eurasia,26,93,assa1263,asm,Indo-European,Indic,IN,,,,,,None,,,,,,,,,,,,,,,,,,,,,
Azerbaijani,dünən,bu gün,sabah,gün,dünənki gün,sabahdan sonra,iki gün,indidən iki gün əvvəl,iki gün sonra,dörd gün,indi dörd gün əvvəl,bundan dörd gün sonra,üç gün,indidən üç gün əvvəl,indidən üç gün sonra,1,1,1,0.5,0.5,Eurasia,40.5,48.5,azer1255,azb azj,Altaic,Turkic,AZ IR,,,,,,None,,,,,,,,,,,,,,,,,,,,,
Awadhi,काल्हि,आजु,आवय वाला काल्हि,दिन,कल से पहिले दिन,परसों के बाद का दिन,दुइ दिन,अब से दुइ दिन पहिले,अब दुइ दिन बाद,चार दिन,अब से चार दिन पहिले,अब से चार दिन बाद,तीन दिन,अब से तीन दिन पहिले,अब से तीन दिन बाद,1,1,0.5,0.5,0.5,Eurasia,27.5,81.5,awad1243,awa,Indo-European,Indic,IN NP,,,,,,None,,,,,,,,,,,,,,,,,,,,,
Avar,сон,жакъа,метер,къо;,Метер цебесеб къоялъ .,Нолъ хадусеб къо .明天 后天,кӀиго къо,гьанже кӀиго къоялъ цебе,гьанже кӀиго къоялдасан,Лъабго къо .,Ункъо къоялъ цебе .,Гьанжеялдаса ункъо къоялдасан .,Лъабго къо .,Лъабго къоялъ цебе,Гьанжеялдаса лъабго къоялдасан .,1,1,1,0.5,0,Eurasia,42.5,46.5,avar1256,ava,Northeast Caucasian,Avar-Andic-Tsezic,AZ RU,,,,,,None,,,,,,,,,,,,,,,,,,,,,
Aymara,wasüru,jichhüru,qharüru,uka uruxa,qharüru nayrïr uru,qharüru qhipa uru,pä uru,pä uru nayraqata,pä uru qhipatsti,pusi uru,pusi uru nayraqata,pusi urunak saraqataruw purini,kimsa uru,kimsa uru nayraqata,kimsa urut jichhakama,1,1,1,0.5,0,South America,-17,-69,cent2142,ayr,Aymaran,Aymaran,,Sf2,Aymara,cent2142,Central Aymara,Western South America,0-5%,0-5%,6-15%,26-35%,56-65%,1940,,600000,1936,,,,,,,,,,,,,
Balinese,ibi,dina jani,binmani,rahina,rahina sadurung dibi,rahina benjang,kalih rahina,kalih rahina sadurung mangkin,kalih rahina sasampun mangkin,petang rahina,petang rahina sadurung mangkin,petang rahina saking mangkin,tigang rahina,tigang rahina sadurung mangkin,tigang rahina saking mangkin,1,1,1,0.5,0,Papunesia,-8.333333333,115.25,bali1278,ban,Austronesian,Malayo-Sumbawan,ID,Ib3,Balinese,bali1278,Balinese,Malesia,0-5%,0-5%,0-5%,26-35%,66-75%,1950,,1000000,1959,200-399,,,,,,,,,,,,
Balochi,زِی,مرچی,باندا,روش,کل ئا شہ پیشا روش,باندا پذا روش,دو روش,کل ئا شہ پیشا روش,باندا پذا روش,چار روش,چہ نوں چار روچ پیسر,چار روچ ءَ پد,سئے روش,چہ نوں سئے روچ پیسر,چہ نوں سئے روچ ءَ,1,1,1,0,0.5,Eurasia,28,62,west2368,bgn,Indo-European,Iranian,,Ea10,Marri,east2304,Eastern Balochi,Indian Subcontinent,6-15%,0-5%,0-5%,46-55%,36-45%,1950,,60000,1955,50,,,,,,,,,,,,
Bashkir,кисэнге,бөгөн,иртәгә,көн .,кисәге көн,иртәгәнән һуңғы көн,ике көн .,ике көн элек,ике көндән һуң,дүрт көн .,дүрт көн элек,дүрт көндән,өс көн .,өс көн элек,өс көндән,1,1,1,0,0.5,Eurasia,53,58,bash1264,bak,Altaic,Turkic,RU,ch12,Bashkir,bash1264,Bashkir,Eastern Europe,0-5%,0-5%,0-5%,46-55%,46-55%,1899,,1320000,1897,50000,,,,,,,,,,,,
Basque,atzo,gaur,bihar,eguna,bezperan,biharamunean,bi egun,orain bi egun lehenago,handik bi egunera,lau egun,orain lau egun lehenago,hemendik lau egunetara,hiru egun,orain hiru egun lehenago,hemendik hiru egunetara,1,1,1,0,0,Eurasia,43,-3.833333333,basq1248,eus,Isolates,Basque,,SCCS50,Spanish Basques,west1508,Western Low Navarrese,Southwestern Europe,None,,,,,,,,,,,,,,,,,,,,,
Batak Karo,nderbih,wari enda,pagi,wari e,sada wari ope kemarin,wari kenca pagi,dua wari,dua wari ope denga gundari,dua wari kenca genduari,empat wari dekahna .,empat wari ope denga genduari ,empat wari nari .,telu wari dekahna .,telu wari ope denga genduari .,telu wari nari .,1,1,1,0.5,0,Papunesia,3.25,98.25,bata1293,btx,Austronesian,Northwest Sumatra-Barrier Islands,ID,Ib4,Toba Batak,bata1289,Batak Toba,Malesia,None,,,,,,,,,,,,,,,,,,,,,
Batak Toba,natuari,ari on,sogot,ari i,sadari andorang so nantoari,ari haduan,dua ari,dua ari andorang so saonari .,dua ari dungkon on .,opat ari .,opat ari andorang so saonari .,opat ari nai .,tolu ari .,tolu ari andorang so nuaeng .,tolu ari nai .,1,1,1,0.5,0,Papunesia,2.5,99,bata1289,bbc,Austronesian,Northwest Sumatra-Barrier Islands,ID,,Toba Batak,bata1289,Batak Toba,Malesia,0-5%,0-5%,6-15%,16-25%,66-75%,1930,,1000000,1959,,,,,,,,,,,,,
Batak Simalungun,nantuari,sadarion,patar,ari ai,sadari paima nantuari,patar,dua ari,dua ari paima sonari,dua ari dobkonsi sonari,ompat ari,ompat ari paima sonari,ompat ari hunjon,tolu ari,tolu ari paima sonari,tolu ari hunjon,1,1,1,0.5,0,Papunesia,3.04,98.91,,bts,Austronesian,,,,,,,,None,,,,,,,,,,,,,,,,,,,,,
Baoure,annun'man,andɛ,ayin'man,tʃin .,annunman tʃin ng'ɔ dun mmua,ainman tʃin sin,tʃin n'ɲon,tʃin n'ɲon ka naan y'a ju,cɛn nɲɔn sinnin siɛn’n,tʃin nnan .,cɛn nnan ka naan w’a ju .,ɔ ka cɛn nnan,tʃin nsan .,cɛn nsan ka naan w’a ju .,cɛn nsan kɛ é sé yɛ’n,1,1,1,0,0.5,Africa,7,-5,baou1238,bci,Niger-Congo,Tano,CI,Af9,Baule,baou1238,Baoulé,West Tropical Africa,0-5%,6-15%,16-25%,6-15%,56-65%,1900,,383000,1950,,,,,,,,,,,,,
Belarusian,учора,сёння,заўтра,дзень,пазаўчора,паслязаўтра,два дні,два дні таму,праз два дні,чатыры дні,чатыры дні таму,праз чатыры дні,тры дні,тры дні таму,праз тры дні,1,1,1,1,1,Eurasia,53.23,25.6,bela1254,,Indo-European,,,,Byelorussians,bela1254,Belarusian,Eastern Europe,0-5%,0-5%,6-15%,26-35%,56-65%,1910,,,,5000-50000,,,,,,,,,,,,
Bambara,kunu,bi,sini,o don,don min bɛ kɔn kunun ɲɛ,sini o don kɔfɛ,tile fila,tile fila ka kɔn sisan ɲɛ,tile fila o kɔfɛ sisan,tile naani,tile naani ka kɔn sisan ɲɛ,tile naani ka bɔ sisan,tile saba,tile saba ka kɔn sisan ɲɛ,tile saba ka bɔ sisan,1,0.25,1,0.5,0.5,Africa,12.5,-7.5,bamb1269,bam,Niger-Congo,Western Mande,ML,,Bambara,bamb1269,Bambara,West Tropical Africa,16-25%,0-5%,6-15%,16-25%,46-55%,1920,,"	500000",1902,5000-50000,,,,,,,,,,,,
Bhojpuri,काल्हु के भइल (It happened yesterday),आजु,काल्हु,दिन के बा,काल्हु से एक दिन पहिले के बात बा (It was the day before yesterday),काल्ह के बाद के दिन,दू दिन के बा,अब से दू दिन पहिले के बा,अब से दू दिन बाद,चार दिन के बा,अब से चार दिन पहिले के बा,अब से चार दिन बाद,तीन दिन के बा,अब से तीन दिन पहिले के बा,अब से तीन दिन बाद,0,1,1,0,0.5,Eurasia,26,84,bhoj1244,bho,Indo-European,Indic,IN,Ef11,Uttar Pradesh,bhoj1244,Bhojpuri,Indian Subcontinent,0-5%,0-5%,0-5%,16-25%,76-85%,1945,,1400,1941,50000,,,,,,,,,,,,
Breton,dec'h,hiziv,warc'hoazh,an deiz,an deiz a-raok dec'h,an deiz war-lerc'h,daou zevezh,daou zevezh a-raok bremañ,daou zevezh goude bremañ,pevar devezh |,pevar devezh a-raok bremañ,pevar devezh a-benn bremañ,tri devezh,tri devezh a-raok bremañ,tri devezh a-benn bremañ,1,1,1,0.5,0,Eurasia,48,-3,bret1244,bre,Indo-European,Celtic,FR,,,,,,None,,,,,,,,,,,,,,,,,,,,,
Bikol,kasuhapon,ngonyan,sa aga,an aldaw,an aldaw bago kasuodma,an aldaw pagkatapos kan aga,duwang aldaw,duwang aldaw bago ngunyan,duwang aldaw pagkatapos ngunyan,apat na aldaw,apat na aldaw bago ngunyan,apat na aldaw poon ngonian,tolong aldaw,tolong aldaw bago ngunyan,tolong aldaw poon ngonian,1,0.25,1,0.5,0,Papunesia,13.33333333,123.5,cent2087,bcl,Austronesian,Greater Central Philippine,PH,,,,,,None,,,,,,,,,,,,,,,,,,,,,
Burmese,မနေ့က,ဒီနေ့,မနက်ဖြန်,နေ့ရက်,မနေ့ က,သဘက်ခါ,နှစ်ရက်,အရင်နှစ်ရက်က,အခုနောက်နှစ်ရက်,လေးရက်,အခု လေးရက်လောက်က,ယခုမှလေးရက်,သုံးရက်,အရင်သုံးရက်လောက်က,အခုမှ သုံးရက်,1,1,1,1,1,Eurasia,21,96,nucl1310,mya,Sino-Tibetan,Burmese-Lolo,MM,Ei3,Burmese,nucl1310,Burmese,Indo-China,0-5%,0-5%,0-5%,16-25%,76-85%,1950,,,,50000,,,,,,,,,,,,
Buryat,үсэгэлдэр,мүнөөдэр,үглөөдэр,үдэр,урда үдэр,үглөөдэр（tomorrow）,хоёр үдэр,хоёр үдэр урид,хоёр үдэрэй һүүлдэ,дүрбэн үдэр,дүрбэн үдэр урид,дүрбэн үдэр болоод,гурбан үдэр,гурбан үдэр урид,гурбан үдэр болоод,1,1,1,0,0,Eurasia,51.83,107.6,buri1258,,Altaic,,,,,,,,None,,,,,,,,,,,,,,,,,,,,,
Canadian,nyɛ,ŋmene,wɔ́,gbi lɛ nɔ,gbi ni tsɔ nyɛ hiɛ lɛ,gbi ni nyiɛ wɔsɛɛ lɛ,gbii enyɔ,gbii enyɔ dani amrɔ nɛɛ,gbii enyɔ sɛɛ amrɔ nɛɛ,gbii ejwɛ,gbii ejwɛ dani amrɔ nɛɛ,gbii ejwɛ kɛjɛ bianɛ,gbii etɛ,gbii etɛ dani amrɔ nɛɛ,gbii etɛ kɛjɛ bianɛ,1,1,1,0.5,0,NA,47,-72,NA,NA,Eastern Canada,NA,NA,Cf5,French Canadians,queb1247,Québécois,Eastern Canada,0-5%,0-5%,6-15%,16-25%,66-75%,1930,,,1926,50000+,1930,,,,,,,,,,,
Cebuano,kagahapon,karong adlawa,ugma,ang adlaw,sa miaging adlaw,pagka ugma,duha ka adlaw,duha ka adlaw sa wala pa karon,duha ka adlaw human karon,upat ka adlaw,upat ka adlaw sa wala pa karon,upat ka adlaw gikan karon,tulo ka adlaw,tulo ka adlaw sa wala pa karon,tulo ka adlaw gikan karon,1,1,1,0,0.5,Papunesia,10,124,cebu1242,ceb,Austronesian,Greater Central Philippine,PH,Ia12,Sugbuanon,cebu1242,Cebuano,Malesia,0-5%,0-5%,16-25%,6-15%,66-75%,1950,,2225000,1950,50000,,,,,,,,,,,,
Crimean Tatar,тюневин,бугунь,ярын,кунь .,тюневин эвельки кунь?,ярындан сонъки кунь,эки кунь .,энди эки кунь эвель,энди эки куньден сонъ,дёрт кунь .,энди дёрт кунь эвель,дёрт куньден сонъ .,учь кунь .,шимдиден учь кунь эвель,учь куньден сонъ .,1,1,1,0,0.5,Eurasia,45,34.08333333,crim1257,crh,Altaic,Turkic,UZ,,,,,,None,,,,,,,,,,,,,,,,,,,,,
Chamorro,nigap,pagu,agupa,i ha'åni,i ha'åni antes di på'go,i sigiente diha,dos dihas,dos dihas antes di på'go,dos dihas despues di på'go,kuatro dihas,kuatro dihas antes di på'go,kuatro dihas desde på'go,tres dihas,tres dihas antes di på'go,tres dihas desde på'go,1,1,1,0,0,Papunesia,13.45,144.75,cham1312,cha,Austronesian,Chamorro,,If8,Chamorro,cham1312,Chamorro,Northwestern Pacific,0-5%,0-5%,6-15%,16-25%,66-75%,1950,,3850,1950,400-1000,,,,,,,,,,,,
Chechen,селхана,тахана,кхана,де,селхана хьалхара де;,кхана тӀаьхьара де,ши де;,хӀинца ши де хьалха,хӀинца ши де даьлча;,диъ де;,диъ де хьалха,диъ де даьлча;,кхаа дийнахь;,хӀинца кхо де хьалха,3 де даьлча;,1,1,1,0,0.5,Eurasia,43.25,45.83333333,chec1245,che,Northeast Caucasian,Nakh,RU,Ci7,Chechen,chec1245,Chechen,Caucasus,0-5%,0-5%,0-5%,46-55%,46-55%,1900,,400000,1939,,,,,,,,,,,,,
Chichewa,dzulo,lero,mawa,tsiku,dzulo lake,mawa lake,masiku awiri,masiku awiri zisanachitike,patatha masiku awiri,masiku anayi,masiku anayi zisanachitike,masiku anayi kuchokera pano,masiku atatu,masiku atatu kale,masiku atatu kuchokera pano,1,1,1,0,0,Africa,-14,34,nyan1308,nya,Niger-Congo,Bantu,MZ MW ZM ZW,,Chewa,chew1246,Chewa,South Tropical Africa,6-15%,16-25%,6-15%,6-15%,46-55%,1920,,"	750000",1955,100-199,,,,,,,,,,,,
Kiga,nyomwebazo,eirizoba,nyentsyankare,eizooba,eizooba erya nyomwabazyo,eizooba rya nyenkyakare,ebiro bibiri,ebiro bibiri hati bitakahikire,bwanyima y'ebiro bibiri hati,ebiro bina,ebiro bina hati bitakahikire,ebiro bina kuruga hati,ebiro bishatu,ebiro bishatu bitakahikire hati,ebiro bishatu kuruga hati,1,1,1,0.5,0,Africa,-0.916666667,29.83333333,chig1238,cgg,Niger-Congo,Bantu,UG,Ad13,Kiga,chig1238,Chiga,West-Central Tropical Africa,0-5%,16-25%,0-5%,16-25%,56-65%,1930,,100000,1940,,,,,,,,,,,,,
Chuukese,naneu,ikenai,nesor,ewe ran .,ewe ran me mwen ikenai(今天) .,ewe ran mwirin lesor .,ruu ran,ruu ran me mwen iei .,ruu ran mwirin iei .,fomon ran .,fomon ran me mwen iei .,fomon ran seni iei .,ülüngät rän,ülüngät rän me mwen iei .,ülüngät rän seni iei .,1,1,1,0,0.5,Papunesia,7.333333333,151.75,chuu1238,chk,Austronesian,Oceanic,FM,If2,Trukese,chuu1238,Chuukese,Northwestern Pacific,0-5%,0-5%,46-55%,0-5%,46-55%,1940,,10000,1947,100-199,,,,,,,,,,,,
Chuvash,ӗнер,паян,ыран,кун,ӗнерхи кун,ыранхи кун,икӗ кун,халӗ икӗ кун маларах,икӗ кунтан,тӑватӑ кун,тӑватӑ кун маларах,тепӗр тӑватӑ кунтан,виҫӗ кун,халӗ виҫӗ кун маларах,тепӗр виҫӗ кунтан,1,1,1,0.5,0.5,Eurasia,55.5,47.5,chuv1255,chv,Altaic,Turkic,RU,ch14,Chuvash,chuv1255,Chuvash,Eastern Europe,0-5%,0-5%,0-5%,6-15%,86-100%,1908,,845000,1897,200-399,,,,,,,,,,,,
Corsican,eri,oghje,dumane,u ghjornu,l'avantieri,dopu dumani,dui ghjorni,dui ghjorni nanzu avà,dui ghjorni dopu avà,quattru ghjorni,quattru ghjorni nanzu avà,quattru ghjorni da avà,trè ghjorni,trè ghjorni nanzu avà,da quì à trè ghjorni,1,1,1,0,0,Papunesia,-10.81,122.66,dhao1237,nfa,Austronesian,,,,,,,,None,,,,,,,,,,,,,,,,,,,,,
Dari,دیروز,امروز,فردا,روز,روز قبل از دیروز,روز بعد از فردا,دو روز,دو روز قبل از حالا,دو روز بعد حالا,چهار روز,چهار روز قبل از حالا,چهار روز بعد,سه روز,سه روز قبل از حالا,سه روز بعد,1,1,1,0.5,0.5,Eurasia,35,66,dari1249,prs,Indo-European,Iranian,AF,,,,,,None,,,,,,,,,,,,,,,,,,,,,
Dhivehi,iyye,miadhu,maadhamaa,edhuvaheve,iyyege kuree dhuvahu eve,maadhamaage fahu dhuvahu eve,dhedhuvaheve,meege dhedhuvas kurinneve,mihaaru dhedhuvas fahunneve,hatharu dhuvaheve,meege hatharu dhuvas kurinneve,meege hatharu dhuvas fahunneve,thin dhuvaheve,meege thin dhuvas kurinneve,meege thin dhuvas fahunneve,1,1,1,0.5,0,Eurasia,4.166666667,73.5,dhiv1236,div,Indo-European,Indic,MV,,,,,,None,,,,,,,,,,,,,,,,,,,,,
Dinka,wäär,akölë,në ruun de,Aköl,Aköl tueŋ wäär,miäkduur,nïn karou,nïn kaarou tueŋ,nïn kaarou cï tëëk,nïn kaŋuan,nïn kaŋuan tueŋ,nïn kaŋuan ëmɛn,nïn kadiäk,nïn kadiäk tueŋ,nïn kadiäk ëmɛn,1,1,1,0.5,0,Africa,8.5,28,dink1262,din,Nilo-Saharan,Western Nilotic,SS,Aj11,Dinka,sout2832,Southwestern Dinka,Northeast Tropical Africa,0-5%,6-15%,6-15%,46-55%,26-35%,1900,,500000,,1952,,,,,,,,,,,,
Dyula,kunu,bi,sini,tile,kunu ka kɔn loon ɲɛ,sini dugusagwɛ,tile fila,tile fila ka kɔn sisan ɲɛ,tile fila o kɔ sisan,tile naani,tile naani ka kɔn sisan ɲɛ,tile naani ka bɔ sisan,tile saba,tile saba ka kɔn sisan ɲɛ,tile saba ka bɔ sisan,1,1,1,0.5,0,Africa,9.833333333,-4.666666667,dyul1238,dyu,Niger-Congo,Western Mande,BF ML CI,Ag27,Diula,dyul1238,Dyula,West Tropical Africa,6-15%,6-15%,0-5%,6-15%,66-75%,1910,,160000,1950,,,,,,,,,,,,,
Dogri,पिछले रोज,अज्ज,औंदे कल,दिन दा,कल दे इक दिन पैह्ले,कल दे अगले दिन,दो दिन,दो दिन पहले हुन,दो दिन बाद हुन,चार दिन,चार दिन पैह्लें गै,चार दिन बाद,तीन दिन,त्रै दिन पैह्लें गै,त्रै दिन बाद,1,1,1,0.5,0.5,Eurasia,33,75,dogr1250,dgo,Indo-European,Indic,IN,Na15,Tlicho,dogr1252,Dogrib,Subarctic,16-25%,26-35%,46-55%,0-5%,0-5%,1860,,900,,1959,,,,,,,,,,,,
Dzongkha,ཁ༌ཙ༌,ད་རེས་,ནངས་པ་,ཉིནམ།,ཁ་ཙ་གི་ཧེ་མ།,ནངས་པའི་ཉིནམ་ལུ།,ཞག་གཉིས།,ད་ལྟོའི་ཉིནམ་གཉིས་ཀྱི་སྔོན་ལུ།,ད་ལས་ཕར་ཉིནམ་གཉིས་ཀྱི་ཤུལ་ལུ།,ཞག་བཞི།,ད་ལྟོའི་ཉིནམ་བཞིའི་སྔོན་ལུ།,ད་ལས་ཕར་ ཉིནམ་བཞི།,ཞག་གསུམ།,ད་ལྟོའི་ཉིནམ་གསུམ།,ད་ལས་ཕར་ ཞག་གསུམ་ལུ།,1,1,1,0,0,Eurasia,27.41,89.58,,dzo,Sino-Tibetan,,,,,nucl1307,,,None,,,,,,,,,,,,,,,,,,,,,
Ewe,tsᴐ si va yi,egbe,tsɔ si gbɔna,ŋkekea dzi,ŋkeke si do ŋgɔ na etsɔ,le etsɔ si kplɔe ɖo dzi,ŋkeke eve,ŋkeke eve do ŋgɔ na fifia,ŋkeke eve le fifia megbe,ŋkeke ene,ŋkeke ene do ŋgɔ na fifia,ŋkeke ene tso fifia,ŋkeke etɔ̃,ŋkeke etɔ̃ do ŋgɔ na fifia,ŋkeke etɔ̃ tso fifia,1,1,1,0.5,0,Africa,6.333333333,0.416666667,ewee1241,ewe,Niger-Congo,Gbe,TG GH,Ewe,aguu1242,Agu (Ewe),Atlantic-Congo,,0-5%,6-15%,16-25%,6-15%,56-65%,1900,,700000,,1948,,,,,,,,,,,,
Estonian,eile,täna,homme,päeval,üleeile,ülehomme,kaks päeva,kaks päeva varem,kaks päeva hiljem,neli päeva,neli päeva varem,nelja päeva pärast,kolm päeva,kolm päeva varem,kolme päeva pärast,1,1,1,1,1,Eurasia,59,26,esto1258,ekk,Uralic,Finnic,EE,ch16,Estonians,esto1258,Estonian,Eastern Europe,0-5%,0-5%,6-15%,26-35%,56-65%,1908,,"	350000 ",1897,50000,,,,,,,,,,,,
Faroese,í gjár,í dag,í morgin,dagurin,dagin fyri í gjár,ovurmorgin,tveir dagar,tveir dagar áðrenn nú,tveir dagar eftir nú,fýra dagar,fýra dagar áðrenn nú,um fýra dagar,tríggjar dagar,tríggjar dagar áðrenn nú,um tríggjar dagar,1,1,1,0.5,1,Eurasia,62,-7,faro1244,fao,Indo-European,Germanic,DK,,,,,,None,,,,,,,,,,,,,,,,,,,,,
Frisian,juster,hjoed,moarn,de dei,foar juster,oermoarn,twa dagen,twa dagen earder,twa dagen letter,fjouwer dagen,fjouwer dagen earder,fjouwer dagen fan no,trije dagen,trije dagen earder,trije dagen fan no,1,1,0.25,0,1,Eurasia,53,5,west2354,fry,Indo-European,Germanic,NL DE,,,fris1239,,,None,,,,,,,,,,,,,,,,,,,,,
Friulian,îr,vuê,doman,la dì,la dì prime di ieri,la dì dopo doman,doi dîs,doi dîs prin di cumò,doi dîs dopo cumò,cuatri dîs,cuatri dîs prin di cumò,di cumò indenant cuatri dîs,trê dîs,trê dîs prin di cumò,di trê dîs di cumò,1,1,1,0.5,0.5,,46.1473,13.0493,friu1240,,Indo-European,,,,,,,,None,,,,,,,,,,,,,,,,,,,,,
Filipino,kahapon,ngayon,bukas,ang araw,noong nakaraang araw,kinabukasan,dalawang araw,dalawang araw bago ngayon,dalawang araw pagkatapos ngayon,apat na araw,apat na araw bago ngayon,apat na araw mula ngayon,tatlong araw,tatlong araw bago ngayon,tatlong araw mula ngayon,1,1,1,0,0,Papunesia,12.27,123.46,fili1244,fil,Austronesian,,,,,fili1244,,,None,,,,,,,,,,,,,,,,,,,,,
Fijian,na siga e liu,nikua,mataka,na siga .,na siga ni bera nanoa,na siga ni mataka,rua na siga,rua na siga ni bera oqo,rua na siga ni oti oqo,va na siga,va na siga ni bera oqo,Va na siga mai oqo,tolu na siga,tolu na siga ni bera oqo,tolu na siga mai oqo,0.5,1,1,0.5,0,Papunesia,-17.83333333,178,fiji1243,fij,Austronesian,Oceanic,FJ,Ih14,Mbau Fijians,bauu1243,Bau (Fijian),Southwestern Pacific,6-15%,0-5%,46-55%,0-5%,36-45%,1840,"Bau Chiefdom, Vanua Levu",,,1000-5000,,,,,,,,,,,,
Finnish,eilen,tänään,huomenna,päivä,toissapäivänä,ylihuomenna,kaksi päivää,kaksi päivää sitten,kahden päivän kuluttua nyt,neljä päivää,neljä päivää sitten,neljän päivän päästä,kolme päivää,kolme päivää sitten,kolmen päivän päästä,1,1,1,1,1,Eurasia,62,25,finn1318,fin,Uralic,Finnic,FI,,,,,,None,,,,,,,,,,,,,,,,,,,,,
Fongbe,sɔ́,égbé,sɔ,azǎn ɔ,azǎn e jɛ nukɔn nú sɔ̀ é,sɔ e bɔ d'ewu e,azǎn we,azǎn wè jɛ nukɔn nú dìn,azǎn wè gudo dìn,azǎn ɛnɛ,azǎn ɛnɛ jɛ nukɔn nú dìn,azǎn ɛnɛ ɖíe,azǎn atɔn,azǎn atɔn jɛ nukɔn nú dìn,azǎn atɔn ɖíe,0.25,1,0.25,0.5,0,Africa,6.416666667,2.166666667,fonn1241,fon,Niger-Congo,Gbe,BJ,Af1,Fon,fonn1241,Fon,West Tropical Africa,0-5%,16-25%,6-15%,16-25%,46-55%,1890,City and environs of Abomey,25000,,5000-50000,,,,,,,,,,,,
Fula,kenya,hande,jango,ñalawma oo,ñalnde ko adii hanki,ñalawma caggal janngo,balɗe ɗiɗi,balɗe ɗiɗi ko adii jooni,balɗe ɗiɗi caggal jooni,balɗe nay,balɗe nay ko adii jooni,balɗe nay jooni,balɗe tati,balɗe tati ko adii jooni,balɗe tati caggal jooni,1,1,1,0.5,0.5,Africa,15,-14,pula1263,fuc,Niger-Congo,Peul-Serer,SN,Cb23,Tukulor,pula1263,Pulaar,West Tropical Africa,0-5%,0-5%,6-15%,36-45%,46-55%,1930,,275000,1950,,,,,,,,,,,,,
Greenlandic,ippassaq,ullumi,aqangu,ulloq,ulloq sioqqullugu ippassaq,ulloq kingulleq,ullut marluk,ullut marluk sioqqullugit,ullut marluk qaangiuppata,ullut sisamat,ullut sisamat sioqqullugit,ullut sisamat qaangiuppata,ullut pingasut,ullut pingasut sioqqullugit,ullut pingasut qaangiuppata,1,1,1,0.5,0,Eurasia,64,-51,kala1399,kal,Eskimo-Aleut,Eskimo,GL,Na25,Kalaallit (West Greenland),kala1399,Kalaallisut,Subarctic America,6-15%,16-25%,66-75%,0-5%,0-5%,1910,with special reference to the inhabitants of the Egesminde District,1600,1918,,,,,,,,,,,,,
Georgian,გუშინ,დღეს,ხვალ,დღე,გუშინწინ,ზეგ 第二天的意思,ორი დღე,ორი დღით ადრე,ორი დღის შემდეგ,ოთხი დღე,ოთხი დღით ადრე,ოთხი დღის შემდეგ,სამი დღე,სამი დღით ადრე,სამი დღის შემდეგ,1,1,1,0.5,0,Eurasia,42,44,nucl1302,kat,Kartvelian,Kartvelian,GE,,,,,,None,,,,,,,,,,,,,,,,,,,,,
Guarani,kuehe,ko árape,ko'ẽrõ,ára,pe ára kuehe mboyve,ára ko’ẽrõ rire,mokõi ára,mokõi ára ko’áĝa mboyve,mokõi ára rire ko’áĝa,irundy ára,irundy ára ko’áĝa mboyve,irundy ára ko’áĝa guive,mbohapy ára,mbohapy ára ko’áĝa mboyve,mbohapy ára ko’áĝa guive,1,1,1,0.5,0.5,South America,-26,-56,para1311,gug,Tupian,Maweti-Guarani,PY,Sj10,Cayua,mbya1239,Mbyá Guaraní,Southern South America,16-25%,16-25%,6-15%,0-5%,46-55%,1950,,2000,,,,,,,,,,,,,,
Hausa,jiya,yau,gobe,ranar,Jiya kafin jiya,jibi bayan gobe,kwana biyu,kwana biyu yanzu,bayan kwana biyu yanzu,kwana hudu,saura kwana hudu yanzu,saura kwana hudu,kwana uku,saura kwana uku yanzu,saura kwana uku,1,1,1,0,0.5,Africa,12,7,haus1257,hau,Afro-Asiatic,West Chadic,NG NE,Cb26,Zazzagawa Hausa,haus1257,Hausa,West Tropical Africa,6-15%,0-5%,0-5%,26-35%,56-65%,1950,,"	260000",1948,50000,,,,,,,,,,,,
Hawaiian,i nehinei,i kēia lā,ʻāpōpō,ka lā,i ka la i nehinei,ka la apopo,ʻelua lā,ʻelua lā ma mua o kēia manawa,ʻelua lā ma hope o kēia manawa,ʻehā lā,ʻehā lā ma mua o kēia manawa,ʻehā lā mai kēia manawa,ʻekolu lā,ʻekolu lā ma mua o kēia manawa,ekolu la mai keia la aku,1,1,1,0,0,Papunesia,19.58333333,-155.5,hawa1245,haw,Austronesian,Oceanic,US,Ij6,Hawaiians,hawa1245,Hawaiian,North-Central Pacific,6-15%,0-5%,36-45%,0-5%,46-55%,1800,,None,,,,,,,,,,,,,,
Hiligaynon,kahapon,subong nga adlaw,sa bwas,ang adlaw,ang adlaw antes kahapon,ang adlaw pagkatapos buwas,duha ka adlaw,duha ka adlaw antes subong,duha ka adlaw pagkatapos karon,apat ka adlaw,apat ka adlaw antes subong,apat ka adlaw halin subong,tatlo ka adlaw,tatlo ka adlaw antes subong,tatlo ka adlaw halin subong,1,1,1,0.5,0.5,Papunesia,10.25,123,hili1240,hil,Austronesian,Greater Central Philippine,PH,,,,,,None,,,,,,,,,,,,,,,,,,,,,
Hakachin,nizaan,nihin,thaizing,ni,nizan hlan ni,thaizing hnu nikhat,ni hnih,atu hlan ni hnih,atu hnu ni hnih,ni li,atu hlan ni li,atu in ni li ah,ni thum,atu hlan ni thum,atu in ni thum ah,1,1,1,0.5,0.5,Eurasia,22.87,92.82,haka1240,cnh,Sino-Tibetan,,,,,,,,None,,,,,,,,,,,,,,,,,,,,,
Hebrew,אֶתמוֹל,הַיוֹם,מָחָר,היום,שלשום,מחרתיים,יומיים,יומיים לפני כן,יומיים אחרי עכשיו,ארבעה ימים,ארבעה ימים לפני כן,ארבעה ימים מהיום,שלושה ימים,שלושה ימים לפני כן,שלושה ימים מהיום,1,1,1,1,1,Eurasia,31.5,34.83333333,hebr1245,heb,Afro-Asiatic,Semitic,IL,,,,,,0-5%,16-25%,6-15%,26-35%,36-45%,,,,,5000-50000,,,,,,,,,,,,
Hungarian,tegnap,ma,holnap,a nap,tegnapelőtt,holnapután,két nap,két nappal azelőtt,két nap múlva,négy nap,négy nappal azelőtt,négy nap múlva,három nap,három nappal azelőtt,három nap múlva,1,1,1,1,1,Eurasia,47,20,hung1274,hun,Uralic,Ugric,HU,Ch8,Magyar,hung1274,Hungarian,Middle Europe,0-5%,0-5%,6-15%,16-25%,66-75%,1940,,9400000,1950,50000,,,,,,,,,,,,
Iban,kemari,saritu,pagila,hari nya,sehari sebedau kemari,hari udah pagila,dua hari,dua hari sebedau diatu .,dua ari udah diatu .,empat hari,empat hari sebedau diatu .,empat ari ari diatu,tiga ari,tiga hari sebedau diatu .,tiga ari ari diatu,1,1,1,0.5,0,Papunesia,2,112,iban1264,iba,Austronesian,Malayo-Sumbawan,MY,Ib1,Iban,iban1264,Iban,Malesia,0-5%,0-5%,16-25%,16-25%,56-65%,1950,,11500,1949,,,,,,,,,,,,,
Igbo,ụnyahụ,taa,echi,ụbọchị,ụbọchị gara aga ụnyahụ,n'echi ya,ụbọchị abụọ,ụbọchị abụọ tupu ugbu a,ụbọchị abụọ ka e mesịrị,ụbọchị anọ,ụbọchị anọ tupu ugbu a,ụbọchị anọ site ugbu a,ụbọchị atọ,ụbọchị atọ tupu ugbu a,ụbọchị atọ site ugbu a,1,1,1,0.5,0,Africa,6,7.333333333,nucl1417,ibo,Niger-Congo,Igboid,NG,Af10,Igbo,nucl1417,Igbo,West Tropical Africa,0-5%,0-5%,0-5%,6-15%,86-100%,1930,,4000000,1929,400-1000,,,,,,,,,,,,
Ilocano,idi kalman,ita nga aldaw,inton bigat,ti aldaw,ti aldaw sakbay idi kalman,ti aldaw kalpasan ti bigat,dua nga aldaw,dua nga aldaw sakbay ita,dua nga aldaw kalpasan ita,uppat nga aldaw,uppat nga aldaw sakbay ita,uppat nga aldaw manipud ita,tallo nga aldaw,tallo nga aldaw sakbay ita,tallo nga aldaw manipud ita,1,1,1,0.5,0,Papunesia,16,121,ilok1237,ilo,Austronesian,Northern Luzon,PH,,,,,,None,,,,,,,,,,,,,,,,,,,,,
Indonesian,kemarin,hari ini,besok,hari ini,sehari sebelumnya,sehari setelah kemarin,dua hari,dua hari sebelumnya,dua hari setelah sekarang,empat hari,empat hari sebelumnya,empat hari dari sekarang,tiga hari,tiga hari sebelumnya,tiga hari dari sekarang,1,1,1,0,0.5,Papunesia,0,106,stin1234,ind,Austronesian,Malayo-Sumbawan,ID,,,,,,None,,,,,,,,,,,,,,,,,,,,,
Inuktitut,Ippaksaq,Ullumi,Qaukpat,Ulluq,Ippaksaq sivuniani,Qauppaup kinguniani,Ulluuk marruuk,Marruuk ulluuk sivuniani,Ulluuk marruuk aniguqpatik,Ulluit tisamat,Ulluit tisamat sivuniani,Ulluit tisamat aniguqpata,Ulluit pingasut,Ulluit pingasut sivuniani,Ulluit pingasut aniguqpata,1,1,1,0.5,0,North America,62,-76,east2534,ike,Eskimo-Aleut,Eskimo,,Na13,Nunatsiarmiut,baff1240,North Baffin Inuktitut,Subarctic America,0-5%,46-55%,46-55%,0-5%,0-5%,1880,,,,50,,,,,,,,,,,,
Japanese,昨日,今日,明日,その日,一昨日,明後日,2日,今から2日前,今から2日後,4日,今から4日前,今から4日後,3日,今から3日前,今から3日後,1,1,1,0.5,0.5,Eurasia,37,140,nucl1643,jpn,Uralic,Japanese,JP,Ed5,Japanese,nucl1643,Japanese,Eastern Asia,0-5%,0-5%,0-5%,6-15%,86-100%,,,80000000,,50000,,,,,,,,,,,,
Javanese,wingi,dina iki,sesuk,dina,dina sadurunge wingi,sesuk,rong dina,rong dina sadurunge saiki,rong dina sawise saiki,patang dina,patang dina sadurunge saiki,patang dina wiwit saiki,telung dina,telung dina sadurunge saiki,telung dina wiwit saiki,1,1,1,0.5,0,,-7,110,java1254,,Austronesian,,,Ib2,Javanese,java1254,Javanese,Malesia,0-5%,0-5%,0-5%,16-25%,76-85%,1950,,"	24000",1952,5000-50000,,,,,,,,,,,,
Jingpho,"mani,mə55ni55‧","daini,tai31ni55‧","hpawt de,pʰot55ni55‧",dai shani,"mani na shawng shani,mə55ni55aʔ31ɕoŋ33ɕə31ni55‧","hpawt ni hpang shani,pʰot55tin31ni55‧",lahkawng ya,ya shawng lahkawng ya,lahkawng ya na ai hpang,mali ya tup,Ya kaw nna mali ya daram na sai,Ya kaw nna mali ya na ai hpang,masum ya tup,Ya kaw nna masum ya daram na sai,Ya kaw nna masum ya na ai hpang,1,1,1,0,0.5,Eurasia,25.41666667,97,kach1280,kac,Indo-China,Brahmaputran,,Ei5,Kachin,kach1280,Southern Jinghpaw,Indo-China,6-15%,6-15%,0-5%,16-25%,56-65%,1940,,300000,1901,100-199,,,,,,,,,,,,
Kazakh,кеше,бүгін,ертең,күні,алдыңғы күн,ертеңгі күні,екі күн,осыдан екі күн бұрын,екі күннен кейін,төрт күн,осыдан төрт күн бұрын,төрт күннен кейін,үш күн,осыдан үш күн бұрын,үш күннен кейін,1,1,1,0,0.5,Eurasia,50,70,kaza1248,kaz,Altaic,Turkic,KZ,Eb1,Kazakh,kaza1248,Kazakh,Middle Asia,0-5%,6-15%,0-5%,76-85%,6-15%,1910,,,,50-99,,,,,,,,,,,,
Kannada,ನಿನ್ನೆ,ಇಂದು,ನಾಳೆ,ದಿನ,ನಿನ್ನೆ ಹಿಂದಿನ ದಿನ,ನಾಳೆಯ ಮರುದಿನ,ಎರಡು ದಿನಗಳು,ಈಗ ಎರಡು ದಿನಗಳ ಹಿಂದೆ,ಈಗ ಎರಡು ದಿನಗಳ ನಂತರ,ನಾಲ್ಕು ದಿನಗಳು,ಈಗ ನಾಲ್ಕು ದಿನಗಳ ಹಿಂದೆ,ಇಂದಿನಿಂದ ನಾಲ್ಕು ದಿನಗಳು,ಮೂರು ದಿನಗಳು,ಈಗ ಮೂರು ದಿನಗಳ ಹಿಂದೆ,ಇಂದಿನಿಂದ ಮೂರು ದಿನಗಳು,1,1,1,0,0.5,Eurasia,14,76,nucl1305,kan,Dravidian,Dravidian,IN,,,,,,None,,,,,,,,,,,,,,,,,,,,,
Kanuri,biska,ku,bali,yimdǝ,yim kawu biskayedə,yim ngawo balibe,kawu indi,kawu indi kawu kǝrma dǝro,ngawo kawu indiben,kawu diyau,kawu diyau kawu adǝro,kawu diyau fuwulan,kawu yakkǝ,kawu yakkǝ kawu adǝro,kawu yakkǝ fuwulan,1,1,1,0.5,0.5,Africa,12,13,cent2050,knc,Nilo-Saharan,Western Saharan,NG TD NE SD,Cb19,Kanuri,cent2050,Central Kanuri,West Tropical Africa,6-15%,0-5%,6-15%,16-25%,56-65%,1870,,750000,1952,5000-50000,,,,,,,,,,,,
Khasi,mynnin,mynta ka sngi,lashai,ka sngi,ka sngi shuwa hynnin ka sngi,ka sngi hadien lashai,ar sngi,ar sngi shuwa mynta,ar sngi hadien mynta,saw sngi,saw sngi shuwa mynta,saw sngi naduh mynta .,lai sngi,lai sngi shuwa mynta,lai sngi naduh mynta .,1,1,1,0.5,0.5,Eurasia,25.5,92,khas1269,kha,Austroasiatic,Khasian,IN,Ei8,Khasi,khas1269,Khasi,Indian Subcontinent,6-15%,6-15%,6-15%,16-25%,46-55%,1900,,175000,1901,50-99,,,,,,,,,,,,
Khmer,ម្សិលមិញ,ថ្ងៃនេះ,ថ្ងៃស្អែក,ថ្ងៃ,ថ្ងៃមុនម្សិលមិញ,ថ្ងៃបន្ទាប់ថ្ងៃស្អែក,ពីរថ្ងៃ,ពីរថ្ងៃមុនឥឡូវនេះ,ពីរថ្ងៃក្រោយមក,បួនថ្ងៃ,បួនថ្ងៃមុនឥឡូវនេះ,បួនថ្ងៃចាប់ពីពេលនេះទៅ,បីថ្ងៃ,បីថ្ងៃមុនឥឡូវនេះ,បីថ្ងៃចាប់ពីពេលនេះទៅ,1,1,1,0.5,0.5,Eurasia,12.5,105,cent1989,khm,Austroasiatic,Khmer,KH,Ej15,Ancient Khmer,oldk1249,Old Khmer,Indo-China,6-15%,0-5%,16-25%,6-15%,56-65%,,,3500000,1950,50000,,,,,,,,,,,,
Kinyarwanda,ejo,Uyu munsi,ejo,umunsi,ejobundi,umunsi ukurikira ejo,iminsi ibiri,iminsi ibiri mbere yubu,iminsi ibiri nyuma yubu,iminsi ine,iminsi ine mbere ya none,iminsi ine uhereye none,iminsi itatu,iminsi itatu mbere yubu,iminsi itatu uhereye none,0.25,1,0.25,0,0.5,Africa,-2,30,kiny1244,kin,Niger-Congo,Bantu,RW,Ae10,Banyaruanda,kiny1244,Kinyarwanda,West-Central Tropical Africa,0-5%,6-15%,0-5%,26-35%,56-65%,1910,,2133000,1952,100-199,,,,,,,,,,,,
Kongo,mazono,bubu yai,mbasi,kilumbu,kilumbu ya ntwala ya mazono,kilumbu ya nima ya mbasi,bilumbu zole,Bilumbu zole na ntwala,Bilumbu zole na nima,Bilumbu iya,Bilumbu iya na ntwala,Bilumbu iya katuka ntangu yai,bilumbu tatu,Bilumbu tatu na ntwala,Bilumbu tatu na nima,0.5,0.5,0.5,0,0,Africa,-5,15,koon1244,kng,Niger-Congo,Bantu,CD,Ac14,Bakongo,sans1272,San Salvador Kongo,South Tropical Africa,6-15%,6-15%,6-15%,6-15%,56-65%,1900,,None,,None,,,,,,,,,,,,
Konkani,काल,आयज,फाल्यां,दीस,कालच्या आदल्या दिसा,फाल्यां उपरांतच्या दिसा,दोन दीस,आतां दोन दीस आदीं,आतां दोन दिसांनी,चार दीस,आतां चार दीस आदीं,आतां चार दिसांनी,तीन दीस,आतां तीन दीस आदीं,आतां तीन दिसांनी,0.5,0.5,0.5,0,0,Eurasia,15.25,74,konk1267,knn,Indo-European,Indic,IN,,,,,,None,,,,,,,,,,,,,,,,,,,,,
Korean,어제,오늘,내일,그날,그저께,모레,이틀,이틀 전,이틀 후,4일,4일 전,4일 후,3일,3일 전,3일 후,1,1,1,1,1,Eurasia,37.5,128,kore1280,kor,Uralic,Korean,KR KP,Ed1,Koreans,kore1280,Korean,Eastern Asia,0-5%,0-5%,16-25%,16-25%,56-65%,,,200,1947,50000,,,,,,,,,,,,
Kokborok,miao,tini,khwna,sal,biyalo salni swkang,khwnaini uloni sal,salnwi,salnwi swkang,salnwi ni ulo tabuk,sal brwi,sal brwi swkang,tabuk ni simi sal brwi,saltham,saltham swkang,tabuk ni simi saltham,1,1,1,0,0,Eurasia,24.33333333,92.5,kokb1239,trp,Sino-Tibetan,Brahmaputran,IN,,,,,,None,,,,,,,,,,,,,,,,,,,,,
Komi,тӧрыт,талун,аски,лун;,тӧвшӧр лун;,аскиа лун — послезавтра,кык лун — кык лун,ӧні кежлӧ кык лун — кык лун водзын,ӧні кык лун мысти,нёль лун — четыре дня,ӧні нёль лун водзын,нёль лун мысти — четыре дня,куим лун — куим лун,ӧнӧдз куим лун водзын,куим лун мысти,1,1,1,0,0.5,Eurasia,59.5,54.5,komi1269,koi,Uralic,Permic,RU,,Komi-Permyak,komi1269,Komi-Permyak,Eastern Europe,None,,,,,,,,,,,,,,,,,,,,,
Kurdish (Sorani),دوێنێ,ئەمڕۆ,بەیانی,ڕۆژەکە,ڕۆژێک پێش دوێنێ,ڕۆژی دوای سبەینێ,دوو ڕۆژ,دوو ڕۆژ پێش ئێستا,دوو ڕۆژ دوای ئێستا,چوار ڕۆژ,چوار ڕۆژ پێش ئێستا,چوار ڕۆژ لەمەودوا,سێ ڕۆژ,سێ ڕۆژ پێش ئێستا,سێ ڕۆژ لەمەودوا,1,1,1,0.5,0.5,Eurasia,36,44,cent1972,ckb,Indo-European,Iranian,IR IQ,,Kurd,cent1972,Central Kurdish,Western Asia,0-5%,0-5%,6-15%,36-45%,46-55%,,,30000000,1951,,,,,,,,,,,,,
Kirghiz Kyrgyz,кечээ,бүгүн,эртең,күн,мурунку күн,эртеси күнү,эки күн,эки күн мурун,эки күндөн кийин,төрт күн,төрт күн мурун,төрт күндөн кийин,үч күн,үч күн мурун,үч күндөн кийин,1,1,1,0,0,Eurasia,42,75,kirg1245,kir,Altaic,Turkic,KG,,,,,,None,,,,,,,,,,,,,,,,,,,,,
Latin,heri,hodie,cras,dies,Pridie hesterno die,perendie,duobus diebus,duobus diebus ante nunc,duobus diebus post nunc,quatriduanus,nudiustertius,quatriduanus amodo,triduum,tribus diebus ante nunc,nunc tribus diebus,1,1,1,0.5,0,Eurasia,41.9,12.45,lati1261,,Indo-European,,,Ce3,Ancient Romans,lati1261,Latin,Southeastern Europe,0-5%,0-5%,16-25%,16-25%,56-65%,,,,,50000,,,,,,,,,,,,
Latgale,vakardīne,šudiņ,reit,dīna .,dīna pyrms vakardīnys .,dīna piec reitdīnys .,divejis dīnys .,divejis dīnys pyrms niu .,divejis dīnys piec niu .,četrys dīnys .,četrys dīnys pyrms niu .,nu ituo četrys dīnys .,treis dīnys .,treis dīnys pyrms niu .,piec treis dīnys .,1,1,1,0.5,0.5,Eurasia,57,24,latv1249,lav,Indo-European,Baltic,LV,ch21,Latvians,latv1249,Latvian,Eastern Europe,0-5%,0-5%,6-15%,16-25%,66-75%,1881,,1312000,1897,50000,,,,,,,,,,,,
Lao,ມື້ວານນີ້,ມື້ນີ້,ມື້ອື່ນ,ມື້,ມື້ກ່ອນມື້ວານນີ້,ມື້ຕໍ່ມາ,ສອງມື້,ສອງມື້ກ່ອນນີ້,ສອງມື້ຕໍ່ມາ,ສີ່ມື້,ສີ່ມື້ກ່ອນນີ້,ສີ່​ມື້​ຈາກ​ນີ້​,ສາມມື້,ສາມມື້ກ່ອນນີ້,ສາມມື້ຈາກນີ້,1,1,1,0.5,0,Eurasia,18,103,laoo1244,lao,Sino-Tibetan,Kam-Tai,LA TH,,Lao,laoo1244,Lao,Indo-China,None,,,,,,,,,,,,,,,,,,,,,
Limburg,gistere,vandaag,murrige,de daag,de daag veur gister,de daag nao morge,twie daag,twee daag veur noe,twee daag nao noe,veer daag,veer daag veur noe,nog veer daag,drei daag,drie daag veur noe,achter drie daog,1,1,1,0.5,0.5,Eurasia,51,5.5,dutc1256,nld,Indo-European,Germanic,BE,,,,,,None,,,,,,,,,,,,,,,,,,,,,
Lingala,lobi eleki,lelo,lobi,mokolo yango,mokolo moko liboso ya lobi,mokolo oyo elandi lobi,mikolo mibale,mikolo mibale eleki,mikolo mibale uta sikoyo,mikolo minei,mikolo minei eleki,mikolo minei uta sikoyo,mikolo misato,mikolo misato eleki,mikolo misato uta sikoyo,1,1,1,0.5,0,Africa,2,18.5,ling1263,lin,Niger-Congo,Bantu,CD,Ae28,Ngala,ling1263,Kinshasa Lingala,West-Central Tropical Africa,0-5%,6-15%,36-45%,6-15%,36-45%,1900,,125000,1950,200-399,,,,,,,,,,,,
Lombard,ier,incœ,doman,el dì,el dì prima de ieri,el dì dopu dumani,dü dì,dü dì prima,dü dì dopu incœu,quater dì,quater dì prima,tra quater dì,tri dì,tri dì prima,tra tri dì,1,1,1,0.5,0.5,Eurasia,45.88,9.4,lomb1257,lmo,Indo-European,,,,,,,,None,,,,,,,,,,,,,,,,,,,,,
Rundi,ejo,uno musi,ejo,umusi,umusi w'imbere y'ejo,umusi ukurikira ejo,imisi ibiri,imisi ibiri imbere y'ubu,haciye imisi ibiri ubu,imisi ine,imisi ine imbere y'ubu,imisi ine kuva ubu,imisi itatu,imisi itatu imbere y'ubu,imisi itatu kuva ubu,0.25,1,0.25,0.5,0.5,Africa,-3.5,30,rund1242,run,Niger-Congo,Bantu,BI,Ae8,Rundi,rund1242,Rundi,West-Central Tropical Africa,0-5%,0-5%,6-15%,26-35%,56-65%,1910,,2000000,,,,,,,,,,,,,,
Luo,nyoro,kawuono,kiny,odiechieng',Odiechieng' motelo nyoro,Odiechieng' bang' kiny,ndalo ariyo,ndalo ariyo kapok sani,ndalo ariyo bang' sani,ndalo ang'wen,ndalo ang’wen kapok sani,ndalo ang'wen chakre sani,ndalo adek,ndalo adek kapok sani,ndalo adek chakre sani,1,1,1,0.5,0.5,Africa,-0.5,34.75,luok1236,luo,Nilo-Saharan,Western Nilotic,KE TZ,Aj6,Luo,luok1236,Luo (Kenya and Tanzania),East Tropical Africa,0-5%,6-15%,6-15%,16-25%,56-65%,1940,,"	800000",1947,100-199,,,,,,,,,,,,
Luganda,jjo,leero,enkya,olunaku,olunaku olusooka eggulo,olunaku oluddirira enkya,ennaku bbiri,ennaku bbiri nga wabulayo kati,oluvannyuma lw’ennaku bbiri kati,ennaku nnya,nga wabulayo ennaku nnya kati,ennaku nnya okuva kati,ennaku ssatu,nga wabulayo ennaku ssatu kati,ennaku ssatu okuva kati,1,1,1,0,0.5,Africa,0.5,32.16666667,gand1255,lug,Niger-Congo,Bantu,UG,Ad7,Ganda,gand1255,Ganda,East Tropical Africa,0-5%,6-15%,6-15%,6-15%,66-75%,1880,Kyaddondo district (V: Kampala),"	600000",1900,5000-50000,,,,,,,,,,,,
Luxemburgeois,gëschter,haut,muer,den Dag,viru gëschter,iwwermuer,zwee Deeg,zwee Deeg virdrun,zwee Deeg méi spéit,véier Deeg,véier Deeg virdrun,véier Deeg vun elo,dräi Deeg,dräi Deeg virun elo,dräi Deeg vun elo,1,1,1,0,1,Eurasia,49.83333333,6.166666667,luxe1241,ltz,Indo-European,Germanic,LU,,,,,,None,,,,,,,,,,,,,,,,,,,,,
Madurese,bheri',areh sateyah,lagguna,arè,are sabellunna,lagguna,duwâ' arè,duwâ' arè sabellunna satèya,duwâ' arè saellana satèya,empa' arè,empa' arè sabellunna satèya,empa' arè dâri satèya,tello are,tello are sabellunna sateya,tello arè dâri satèya,1,1,1,0,0,Papunesia,-7,113.5,nucl1460,mad,Austronesian,Malayo-Sumbawan,ID,,,,,,None,,,,,,,,,,,,,,,,,,,,,
Maithili,काल्हि,आइ,काल्हि,दिन,काल्हिसँ एक दिन पहिने,काल्हिक दोसर दिन,दू दिन,दू दिन पहिने आब,आब दू दिनक बाद,चारि दिन,चारि दिन पहिने आब,चारि दिन बाद,तीन दिन,आब तीन दिन पहिने,तीन दिन बाद,0.25,1,0.25,0.5,0,Eurasia,26,86,mait1250,mai,Indo-European,Indic,IN NP,Ef10,Bihari,mait1250,Maithili,Indian Subcontinent,0-5%,0-5%,0-5%,16-25%,76-85%,1880,Ganges River Valley,,,,,,,,,,,,,,,
Makassar,subangngi,anne alloa,ammuko,alloa,allo rioloa,ammuko,rua allo,rua allo riolo kamma kammayya anne,rua allo ribokoangna kamma kammayya anne,appa allo,appa allo riolo kamma kammayya anne,appa allo battu ri kamma kammayya anne,tallung allo,tallung allo riolo kamma kammayya anne,tallung allo battu ri kamma-kammaya anne,1,1,1,0,0,Papunesia,-5.416666667,119.5833333,maka1311,mak,Austronesian,South Sulawesi,ID,Ic1,Macassarese,maka1311,Makasar,Malesia,0-5%,0-5%,16-25%,16-25%,56-65%,1940,Borongloe,,,,,,,,,,,,,,,
Malay,semalam,hari ini,esok,hari itu,hari sebelum semalam,lusa,dua hari,dua hari sebelum ini,dua hari selepas ini,empat hari,empat hari sebelum ini,empat hari dari sekarang,tiga hari,tiga hari sebelum ini,tiga hari dari sekarang,1,1,1,0.5,1,Eurasia,3,102,stan1306,zsm,Austronesian,Malayo-Sumbawan,MY,Ej16,Negri Sembilan,nege1240,Negeri Sembilan Malay,Malesia,0-5%,0-5%,6-15%,6-15%,76-85%,1958,Inas District,,,,,,,,,,,,,,,
Malagasy,omaly,ANIO,rahampitso,ny andro,ny afak’omaly,ny ampitso,roa andro,roa andro mialoha izao,roa andro taorian'izay,efatra andro,efatra andro mialoha izao,efatra andro manomboka izao,telo andro,telo andro mialoha izao,telo andro manomboka izao,1,1,1,0.5,0,Africa,-20,47,plat1254,plt,Austronesian,Barito,MG,Eh9,Antaisaka,tesa1236,Tesaka Malagasy,Western Indian Ocean,0-5%,0-5%,16-25%,26-35%,46-55%,1930,,225000,1951,,,,,,,,,,,,,
Malayalam,ഇന്നലെ,ഇന്ന്,നാളെ,ദിവസം,തലേദിവസം,മറ്റന്നാൾ,രണ്ടു ദിവസം,ഇപ്പോൾ രണ്ട് ദിവസം മുമ്പ്,ഇപ്പോൾ രണ്ട് ദിവസം കഴിഞ്ഞ്,നാലു ദിവസം,ഇപ്പോൾ നാല് ദിവസം മുമ്പ്,ഇനി മുതൽ നാല് ദിവസം,മൂന്നു ദിവസം,ഇപ്പോൾ മൂന്ന് ദിവസം മുമ്പ്,ഇപ്പോൾ മുതൽ മൂന്ന് ദിവസം,1,1,1,1,1,Eurasia,10,76.5,mala1464,mal,Dravidian,Dravidian,IN,Eg6,Kerala,mala1464,Malayalam,Indian Subcontinent,0-5%,0-5%,6-15%,26-35%,56-65%,1799,,,,50000,,,,,,,,,,,,
Maltese,ilbieraħ,illum,għada,il-jum,ta’ qabel il-bieraħ,il-jum ta' wara għada,jumejn,jumejn qabel issa,jumejn wara issa,erbat ijiem,erbat ijiem qabel issa,erbat ijiem minn issa,tlett ijiem,tlett ijiem qabel issa,tlett ijiem minn issa,1,1,1,0.5,0.5,Eurasia,35.91666667,14.41666667,malt1254,mlt,Afro-Asiatic,Semitic,MT,,,,,,None,,,,,,,,,,,,,,,,,,,,,
Mam,ewi,jalin,nejchij,aju q´ij,aju q´ij t-xe t-xe q´ij,aju q´ij te nchi´j,kab´e q´ij,kab´e q´ij t-xe jalin,kab´e q´ij t-xe jalin,kyaje q´ij,kyaje q´ij t-xe jalin,kyaje q´ij tzul,oxe q´ij,oxe q´ij t-xe jalin,oxe q´ij tzul,1,1,1,0,0,North America,15,-91.83333333,mamm1241,mam,Mayan,Mayan,GT,Sa8,Mam,mamm1241,Mam,Central America,0-5%,0-5%,0-5%,6-15%,86-100%,1930,,1000-5000,1930,1300,,,,,,,,,,,,
Manx,jea,jiu,mairagh,yn laa;,yn laa roish jea;,yn laa lurg mairagh;,daa laa,daa laa roish nish,daa laa erreish nish,kiare laa;,ceithir laa roish nish,kiare laa veih shoh,tree laa;,tree laa roish nish,tree laa veih shoh,1,1,1,0.5,0.5,Eurasia,54.16666667,-4.5,manx1243,glv,Indo-European,Celtic,GB,,,,,,None,,,,,,,,,,,,,,,,,,,,,
Maori,inanahi,i tenei ra,apopo,te ra,te ra i mua inanahi,apopo,e rua nga ra,e rua nga ra i mua i tenei wa,e rua nga ra i muri mai inaianei,e wha nga ra,e wha nga ra i mua i tenei wa,e wha nga ra mai i tenei wa,e toru nga ra,e toru nga ra i mua i tenei wa,e toru nga ra mai i tenei wa,1,1,1,0.5,0,Papunesia,-40,176,maor1246,mri,Austronesian,Oceanic,NZ,Ij2,Māori,maor1246,Maori,New Zealand,26-35%,6-15%,16-25%,0-5%,36-45%,1820,,42100,1896,200-399,,,,,,,,,,,,
Marshallese,inne,rainnin,ilju,raan eo,raan eo mokta jen inne,raan eo ālkin ilju,ruo raan,ruo raan mokta jen kiō,ruo raan tokelik kiiō,emān raan,emān raan mokta jen kiō,emān raan jān kiiō,jilu raan,jilu raan mokta jen kiō,jilu raan jān kiiō .,1,1,1,0.5,0.5,Papunesia,7.116666667,171.05,mars1254,mah,Austronesian,Oceanic,MH,,,,,,None,,,,,,,,,,,,,,,,,,,,,
Marwadi,बीतेड़ो काल,आज,काल,ओ दिन,काल सूं पैली रो दिन,परसूं,दो दिन,अबार सूं दो दिन पैली,दो दिन पाछै,च्यार दिन,अबार सूं च्यार दिन पैली,अबै सूं च्यार दिनां पछै,तीन दिन,अबार सूं तीन दिन पैली,अबार सूं तीन दिनां पछै,0.5,1,1,0.5,0,Eurasia,27,75.07,,rwr,Indo-European,,,,,,,,None,,,,,,,,,,,,,,,,,,,,,
Meithei (Manipuri),,,,On that day.,the night before yesterday.,The day after tomorrow.,ꯅꯨꯃꯤꯠ ꯑꯅꯤꯅꯤ꯫,ꯍꯧꯖꯤꯛ ꯅꯨꯃꯤꯠ ꯑꯅꯤꯒꯤ ꯃꯃꯥꯡꯗꯥ꯫,ꯍꯧꯖꯤꯛ ꯅꯨꯃꯤꯠ ꯑꯅꯤꯒꯤ ꯃꯇꯨꯡꯗꯥ꯫,ꯅꯨꯃꯤꯠ ꯃꯔꯤꯅꯤ ꯁꯨꯕꯥ꯫,ꯍꯧꯖꯤꯛ ꯅꯨꯃꯤꯠ ꯃꯔꯤꯅꯤꯒꯤ ꯃꯃꯥꯡꯗꯥ꯫,ꯍꯧꯖꯤꯛ ꯅꯨꯃꯤꯠ ꯃꯔꯤꯅꯤꯒꯤ ꯃꯇꯨꯡꯗꯥ꯫,ꯅꯨꯃꯤꯠ ꯍꯨꯝꯅꯤꯒꯤ ꯃꯅꯨꯡꯗꯥ꯫,ꯍꯧꯖꯤꯛ ꯅꯨꯃꯤꯠ ꯍꯨꯝꯅꯤꯒꯤ ꯃꯃꯥꯡꯗꯥ꯫,ꯍꯧꯖꯤꯛ ꯅꯨꯃꯤꯠ ꯍꯨꯝꯅꯤꯒꯤ ꯃꯇꯨꯡꯗꯥ꯫,1,1,1,0,0.5,Eurasia,24.75,94,mani1292,mni,Sino-Tibetan,Manipuri,IN,,,,,,None,,,,,,,,,,,,,,,,,,,,,
Mongolian,өчигдөр,өнөөдөр,маргааш,өдөр,өмнөх өдөр,маргааш нь,хоёр өдөр,одооноос хоёр хоногийн өмнө,хоёр хоногийн дараа,дөрвөн өдөр,одоогоос дөрөв хоногийн өмнө,одооноос дөрөв хоногийн дараа,гурван өдөр,одооноос гурван өдрийн өмнө,одооноос гурав хоногийн дараа,1,1,1,0,0,,48.324,106.289,halh1238,,Altaic,,,Eb3,Khalka,halh1238,Halh Mongolian,Mongolia,0-5%,6-15%,0-5%,76-85%,6-15%,1940,,,,50,,,,,,,,,,,,
Miao,nag hmo,hnub no,tag kis,hnub,hnub ua ntej nag hmo,hnub tom qab tag kis,ob hnub,ob hnub ua ntej tam sim no,ob hnub tom qab tam sim no,plaub hnub,plaub hnub ua ntej tam sim no,plaub hnub txij tam sim no,peb hnub,peb hnub ua ntej tam sim no,peb hnub txij tam sim no,1,1,1,0.5,0.5,Eurasia,26,105,hmon1333,mww,Sino-Tibetan,Hmongic,CN VN,Ed4,Miao,horn1235,Horned Miao,China,0-5%,6-15%,6-15%,16-25%,56-65%,1940,,2500000,1954,100-199,,,,,,,,,,,,
Minan,patang,hari iko,bisuak,harinyo,sahari sabalun kapatang,hari sasudah bisuak,duo hari,duo hari sabalunnyo kini,duo hari sasudah kini,ampek hari,ampek hari sabalun kini,ampek hari dari kini,tigo hari,tigo hari sabalun kini,tigo hari dari kini,1,1,1,0.5,0.5,Eurasia,38,23.58333333,balk1252,rmn,Indo-European,Indic,GR,,,,,,,,,,,,,,,,,,,,,,,,,,,
Mizo,nimin,vawiin,naktuk,ni khat chu,nimin hma ni khan,naktuk hnu ni,ni hnih chhung a ni,tun hma ni hnih a awm tawh,tun atanga ni hnih hnuah,ni li chhung a ni,tun hma ni li,tun atanga ni li hnuah,ni thum chhung a ni,tun hma ni thum a awm tawh,tun atanga ni thum hnuah,1,1,1,0.5,0.5,Eurasia,23.16666667,92.83333333,lush1249,lus,Sino-Tibetan,Kuki-Chin,BD IN,Ei20,Kuki,lush1249,Mizo,Indian Subcontinent,0-5%,6-15%,0-5%,16-25%,66-75%,1940,,,,None,,,,,,,,,,,,
Nahuatl (Eastern Huasteca),yaljuaya,ama,mostla,tonali,tonali achtoui,mostla,ome tonali,ome tonali achtoui,ome tonali teipa,naui tonali,naui tonali achtoui,naui tonali tlen axkan,eyi tonali,eyi tonali achtoui,eyi tonali tlen axkan,1,1,1,0,0,North America,22,-99,huas1257,nhe nhw,Uto-Aztecan,Aztecan,MX,,,,,,0-5%,6-15%,6-15%,6-15%,66-75%,1520,,300000,1520,50000,,,,,,,,,,,,
Ndebele (Southern) Northern Ndebele,izolo,namhlanjesi,kusasa,ilanga,ilanga langaphambilini,ilanga elilandelako,amalanga amabili,amalanga amabili ngaphambi kwanjesi,ngemva kwamalanga amabili,amalanga amane,amalanga amane ngaphambi kwanje,amalanga amane ukusuka nje,amalanga amathathu,amalanga amathathu ngaphambi kwanje,amalanga amathathu ukusuka nje,1,1,1,0,0,Africa,-25.33333333,29,nort2795,nde,Niger-Congo,Bantu,ZA,Ab9,Ndebele,nort2795,Zimbabwean Ndebele,South Tropical Africa,0-5%,6-15%,0-5%,36-45%,46-55%,1870,,300000,1948,5000-50000,,,,,,,,,,,,
Ndumbe(Ndombe?)Ndonga,ijilo,sunu,juunza,buzuba,buzuba bwakainda jilo,buzuba butobela,mazuba obile,mazuba obile kakutanaba lino,mazuba obile kuzwa lino,mazuba one,mazuba one kakutanaba lino,mazuba one kuzwa lino,mazuba otatwe,mazuba otatwe kakutanaba lino,mazuba otatwe kuzwa lino,1,1,1,0,0,Africa,-18,17,ndon1254,ndo,Niger-Congo,Bantu,AO NA,Ab19,Ambo,ndon1254,Ndonga,South Tropical Africa,0-5%,6-15%,6-15%,26-35%,46-55%,1910,,60000,1948,,,,,,,,,,,,,
Sotho (Northern),maabane,lehono,gosasa,letšatši leo,letšatši pele ga maabane,letšatši la ka morago ga gosasa,matšatši a mabedi,matšatši a mabedi pele ga bjale,matšatši a mabedi ka morago ga bjale,matšatši a mane,matšatši a mane pele ga bjale,matšatši a mane go tloga bjale,matšatši a mararo,matšatši a mararo pele ga bjale,matšatši a mararo go tloga bjale,1,1,1,0.5,0.5,Africa,-24,29,pedi1238,nso,Niger-Congo,Bantu,ZA,Ab15,Pedi,tswe1238,Tswene,Southern Africa,0-5%,6-15%,0-5%,26-35%,56-65%,1860,,100000,1931,200-399,1920,,,,,,,,,,,
Southern Sotho,maobane,kajeno,hosane,letsatsi,letsatsi pele ho maobane,hosane ka mora hosasane,matsatsi a mabeli,matsatsi a mabeli pele ho joale,matsatsi a mabeli hamorao,matsatsi a mane,matsatsi a mane pele ho jwale,matsatsi a mane ho tloha joale,matsatsi a mararo,matsatsi a mararo pele ho jwale,matsatsi a mararo ho tloha joale,1,1,1,0.5,0,Africa,-28,27,sout2807,sot,Niger-Congo,Bantu,LS ZA,Ab8,Sotho,sout2807,Southern Sotho,Southern Africa,6-15%,6-15%,0-5%,26-35%,46-55%,1860,Basuto,900000,1953,200-399,,,,,,,,,,,,
Nuer,pan,ɛnwa̱lɛ,irun,kɛ cäŋ,kɛ cäŋ ëë nhiam,kɛ cäŋ kä ruun,ni̱n da̱ŋ rɛw,kɛ ni̱n da̱ŋ rɛw ɛ ŋot /kenɛ ni̱ cop,kɛ kɔr ni̱ni da̱ŋ rɛw ɛntäämɛ,ni̱n da̱ŋ ŋuaan,kɛ ni̱n da̱ŋ ŋuaan ɛ ŋot /kenɛ ni̱ cop,kɛ ni̱n da̱ŋ ŋuaan ɛ tuɔɔk ni̱ ɛntäämɛ,kɛ ni̱n da̱ŋ diɔ̱k,kɛ ni̱n diɔ̱k ɛ ŋot /kenɛ ni cop ɛntäämɛ,kɛ ni̱n da̱ŋ diɔ̱k ɛ tuɔɔk ni̱ ɛntäämɛ,1,1,1,0.5,0,Africa,8.333333333,32,nuer1246,nus,Nilo-Saharan,Western Nilotic,ET SS,Aj3,Nuer,nuer1246,Nuer,Northeast Tropical Africa,0-5%,0-5%,6-15%,46-55%,36-45%,1930,,430000,1931,,,,,,,,,,,,,
Occitan,ièr,uèi,deman,lo jorn,l'endeman d'abans,l'endeman,dos jorns,dos jorns abans ara,dos jorns après ara,quatre jorns,quatre jorns abans ara,d'ara enlà quatre jorns,tres jorns,tres jorns abans ara,d'ara enlà tres jorns,1,1,1,0,0,Eurasia,44,2,occi1239,oci,Indo-European,Romance,FR,,,,,,None,,,,,,,,,,,,,,,,,,,,,
Oriya,ଗତକାଲି,ଆଜି,ଆସନ୍ତାକାଲି,ଦିନ,ଗତକାଲି,ଆସନ୍ତାକାଲି,ଦୁଇ ଦିନ,ବର୍ତ୍ତମାନ ଦୁଇ ଦିନ ପୂର୍ବରୁ |,ଦୁଇ ଦିନ ପରେ,ଚାରି ଦିନ |,ବର୍ତ୍ତମାନ ଚାରି ଦିନ ପୂର୍ବରୁ |,ବର୍ତ୍ତମାନଠାରୁ ଚାରି ଦିନ |,ତିନି ଦିନ,ତିନି ଦିନ ପୂର୍ବରୁ,ବର୍ତ୍ତମାନଠାରୁ ତିନି ଦିନ,1,1,1,0,0,Eurasia,21,85,oriy1255,ory,Indo-European,Indic,IN,Eg7,Hill Bhuiya,oriy1255,Odia,Indian Subcontinent,6-15%,6-15%,6-15%,16-25%,46-55%,1930,with special reference to the Pauri or Hill Bhuiya,2000000,,50-99,,,,,,,,,,,,
Oromo,kaleessa,har'a,boor,guyyaa,guyyaa kaleessaa duraa,guyyaa boruu itti aanu,guyyaa lama,amma guyyaa lama dura,amma guyyaa lama booda,guyyaa afuriif,amma guyyaa afur dura,guyyaa afur booda,guyyaa sadii,amma guyyaa sadii dura,guyyaa sadii booda,1,1,1,0.5,0,Africa,4.5,38.5,bora1271,gax,Afro-Asiatic,Lowland East Cushitic,KE ET,Ca11,Arusi,bora1271,Borana-Arsi-Guji Oromo,Northeast Tropical Africa,0-5%,6-15%,0-5%,46-55%,36-45%,1890,,,,None,,,,,,,,,,,,
Ossetic,знон,абон,сом,бон,зноны бон(yesterday),райсомы фæстæ бон,дыууæ боны,нырæй дыууæ боны раздæр,дыууæ боны фæстæ,цыппар боны,нырæй цыппар боны раздæр,цыппар боны фæстæ,æртæ боны,нырæй æртæ боны раздæр,æртæ боны фæстæ,1,1,1,0,0,Eurasia,43.18,44.23,osse1243,oss,Indo-European,Iranian,RU GE,,,,,,None,,,,,,,,,,,,,,,,,,,,,
Quechua,qayna punchaw,kunan,paqarin,p’unchaw,qayna punchaw ñawpaq punchaw,paqarin punchawmanta qipa punchaw,iskay punchaw,iskay punchaw ñawpaqtaraq,kunanmanta iskay punchawmanta,tawa punchaw,tawa punchaw ñawpaqtaraq,tawa punchawmanta,kimsa punchaw,kimsa punchaw ñawpaqtaraqmi,kimsa punchawmanta,1,1,1,0,0.5,South America,-8.5,-77.5,chiq1249,qxa,Quechuan,Quechuan,PE,Sf1,Inca,cusc1236,Cusco Quechua,Western South America,0-5%,6-15%,0-5%,16-25%,66-75%,1530,,1500000,1571,5000-50000,,,,,,,,,,,,
Kapampangan,napun,ngeni,bukas,ing aldo,ing aldo bayu napun,ing aldo kaybat ning bukas,aduang aldo,aduang aldo bayu ngeni,aduang aldo kaybat ngeni,apat a aldo,apat a aldo bayu ngeni,apat a aldo manibat ngeni,atlung aldo,atlung aldo bayu ngeni,atlung aldo manibat ngeni,1,1,1,0.5,0.5,Papunesia,15.33333333,120.5,pamp1243,pam,Austronesian,Central Luzon,PH,,,,,,None,,,,,,,,,,,,,,,,,,,,,
Pangasinan,karuman,natan,nabuas,say agew,say agew antis na kahapon,say agew kayari nabuas,duaran agew,duaran agew antis natan,duay agew kayari natan,apatiran agew,apatiran agew antis natan,apatiran agew manlapud natan,taloy agew,taloy agew antis natan,taloy agew manlapud natan,1,1,1,0.5,0.5,Papunesia,15.91666667,120.3333333,pang1290,pag,Austronesian,Northern Luzon,PH,,,,,,None,,,,,,,,,,,,,,,,,,,,,
Bemba,mailo,ilelo,mailo,ubushiku,ubushiku bwakonkelepo,ubushiku bwakonkelepo,inshiku shibili,inshiku shibili ilyo nomba,inshiku shibili panuma ya nomba,inshiku shine,inshiku shine ilyo nomba,inshiku shine ukufuma nomba,inshiku shitatu,inshiku shitatu ilyo nomba,inshiku shitatu ukufuma nomba,1,1,1,0,0,Africa,-10,28.25,bemb1257,bem,Niger-Congo,Bantu,CD,Ac3,Bemba,town1238,Town Bemba,South Tropical Africa,6-15%,6-15%,6-15%,0-5%,66-75%,1900,Zambia branch,100000,1930,100-199,,,,,,,,,,,,
Panjabi (Gurmukhi),ਕੱਲ੍ਹ,ਅੱਜ,ਕੱਲ੍ਹ,ਦਿਨ,ਕੱਲ੍ਹ ਤੋਂ ਇੱਕ ਦਿਨ ਪਹਿਲਾਂ,ਪਰਸੋਂ,ਦੋ ਦਿਨ,ਹੁਣ ਤੋਂ ਦੋ ਦਿਨ ਪਹਿਲਾਂ,ਹੁਣ ਦੋ ਦਿਨ ਬਾਅਦ,ਚਾਰ ਦਿਨ,ਹੁਣ ਤੋਂ ਚਾਰ ਦਿਨ ਪਹਿਲਾਂ,ਹੁਣ ਤੋਂ ਚਾਰ ਦਿਨ,ਤਿੰਨ ਦਿਨ,ਹੁਣ ਤੋਂ ਤਿੰਨ ਦਿਨ ਪਹਿਲਾਂ,ਹੁਣ ਤੋਂ ਤਿੰਨ ਦਿਨ,0.25,1,0.25,0.5,0,Eurasia,31,74,panj1256,pan,Indo-European,Indic,PK IN,Ea13,Punjabi,west2386,Western Panjabi,Indian Subcontinent,0-5%,0-5%,0-5%,16-25%,76-85%,1950,Mohla Village,300,1950,50000,,,,,,,,,,,,
Sanskrit,ह्यः,अद्य,श्वः,दिनम्,श्वः पूर्वदिने,श्वः परदिने,द्वौ दिवसौ,अधुना द्वौ दिवसौ पूर्वं,इदानीं द्वयोः दिवसयोः अनन्तरम्,चतुर्दिनानि,अधुना चतुर्दिनानि पूर्वं,इतः परं चतुर्दिनानि यावत्,त्रयः दिवसाः,अधुना त्रयः दिवसाः पूर्वं,इतः परं त्रयः दिवसाः,1,1,1,0,0,Eurasia,30,75,sans1269,,Indo-European,,,Ef3,Indo-Iranian,sans1269,Sanskrit,Indian Subcontinent,0-5%,6-15%,0-5%,26-35%,56-65%,,,None,,,,,,,,,,,,,,
Sami,ikte,otne,ihttin,beaivvi,ovddit beaivvi,ihttin,guokte beaivvi,guokte beaivvi ovdal dál,guokte beaivvi maŋŋel dál,njeallje beaivvi,njeallje beaivvi ovdal dál,njeallje beaivvi geahčen,golbma beaivvi,golbma beaivvi ovdal dál,golbma beaivvi geahčen,1,1,1,0,0,Eurasia,64.66666667,16.75,sout2674,sma,Uralic,Saami,SE,Cg4,Sami,nort2671,North Saami,Northern Europe,0-5%,16-25%,16-25%,56-65%,0-5%,1950,Konkama District,"	200",1951,50,,,,,,,,,,,,
Samoan,ananafi,aso nei,taeao,le aso,o le aso ua mavae ananafi,o le aso a taeao,lua aso,lua aso ua mavae atu nei,lua aso mulimuli ane nei,fa aso,e fa aso i luma atu o le taimi nei,e fa aso mai le taimi nei,aso e tolu,tolu aso a'o lumana'i nei,tolu aso mai le taimi nei,1,1,1,0.5,0.5,Papunesia,-13.91666667,-171.8333333,samo1305,smo,Austronesian,Oceanic,AS WS,Ii1,American Samoans,samo1305,Samoan,Southwestern Pacific,0-5%,0-5%,26-35%,6-15%,56-65%,1920,with special reference to American Samoa,45000,1926,50-99,,,,,,,,,,,,
Sango,kekereke,laso,kekereke,lango ni .,lango oko kozoni na yenga so ahon .,lango ti peko ti kekereke,lango use,lango use kozoni na fadeso .,lango use na pekoni fadeso .,lango osio,lango osio kozoni na fadeso .,lango osio na pekoni .,lango ota,lango ota kozoni na fadeso .,lango ota na pekoni .,0.25,1,0.25,0,0.5,Africa,5,18,sang1328,sag,Niger-Congo,Ubangi,CF,,,,,,None,,,,,,,,,,,,,,,,,,,,,
Santali,ho̱la,Te̱he̱ń,Gapa,din,teheń khon mit́ din laha,gapa tayom din,bar din,nit khon bar din lahare,bar din tayom nit,pạhil din,nit khon 4 din lahare,nit khon 4 din tayom,te̠ pe̠ din,nit khon pe din lahare,nit khon pe din tayom,1,1,1,0.5,0.5,Eurasia,24.5,87,sant1410,sat,Austroasiatic,Munda,IN,Ef1,Santal,sant1410,Santali,Indian Subcontinent,0-5%,6-15%,6-15%,6-15%,66-75%,1940,,2500000,1931,,,,,,,,,,,,,
Scottish Gaelic,an dè,an diugh,a-màireach,an latha,an latha roimhe an dè,an latha an dèidh a-màireach,dà latha,dà latha roimhe so,dà latha às deidh sin,ceithir làithean,ceithir laithean roimhe so,ceithir laithean o so,tri laithean,tri laithean roimhe so,tri laithean o so,1,1,1,0.5,0.5,Eurasia,57,-4,scot1245,gla,Indo-European,Celtic,GB,,,,,,None,,,,,,,,,,,,,,,,,,,,,
Shan,မိူဝ်ႈဝႃး,မိူဝ်ႈၼႆႉ,မိူဝ်ႈၽုၵ်ႈ,ဝၼ်းထိ,ဝၼ်းမိူဝ်ႈဝႃး,ဝၼ်းမိူဝ်ႈၽုၵ်ႈ,သွင်ဝၼ်း,သွင်ဝၼ်းဢွၼ်တၢင်းမိူဝ်ႈလဵဝ်,ဝၢႆးလင်သွင်ဝၼ်းယၢမ်းလဵဝ်,သီႇဝၼ်း,မိူဝ်ႈဢွၼ်တၢင်း 4 ဝၼ်း,ထႅင်ႈ 4 ဝၼ်း,သၢမ်ဝၼ်း,သၢမ်ဝၼ်းဢွၼ်တၢင်းမိူဝ်ႈလဵဝ်,ထႅင်ႈသၢမ်ဝၼ်း,1,1,1,0.5,0,Eurasia,22,98,shan1277,shn,Sino-Tibetan,Kam-Tai,MM,,,,,,None,,,,,,,,,,,,,,,,,,,,,
Shona,nezuro,nhasi,mangwana,zuva,zuva rakapfuura nezuro,kuswera mangwana,mazuva maviri,mazuva maviri zvisati zvaitika,mazuva maviri gare gare,mazuva mana,mazuva mana zvisati zvaitika,mazuva mana kubva zvino,mazuva matatu,mazuva matatu zvisati zvaitika,mazuva matatu kubva zvino,1,1,1,0.5,0.5,Africa,-18,31,shon1251,sna,Niger-Congo,Bantu,ZW,Ab18,Shona,shon1251,Shona,South Tropical Africa,6-15%,6-15%,6-15%,16-25%,46-55%,1920,with special reference to the Zezuru,700000,1931,100-199,,,,,,,,,,,,
Sicilian,ajeri,oji,dumani,lu jornu,lu jornu prima di ieri,lu jornu doppu dumani,dui jorna,dui jorna prima ora,dui jorna doppu ora,quattru jorna,quattru jorna prima ora,quattru jorna d'ora,tri jorna,tri jorna prima ora,tra ora tra tri jorna,1,1,1,0.5,0.5,Eurasia,37.57,14.04,sici1248,scn,Indo-European,,,,,,,,None,,,,,,,,,,,,,,,,,,,,,
Silesian,wczora,dzisiej,jutro,dziyń,przeddziyń,jutro po jutro,dwa dni,dwa dni wczasnij,dwa dni po teraz,sztyry dni,sztyry dni wczasnij,za sztyry dni,trzi dni,trzi dni wczasnij,ôd trzech dni,1,1,1,0,0,Eurasia,50.97,16.95,"	sile1253",szl,Indo-European,,,,,,,,None,,,,,,,,,,,,,,,,,,,,,
Sindhi,ڪالهه,اڄ,سڀاڻي,ڏينهن,ڪالهه کان اڳ ڏينهن,سڀاڻي کان پوء,ٻه ڏينهن,اڄ کان ٻه ڏينهن اڳ,ٻن ڏينهن کان پوءِ,چار ڏينهن,اڄ کان چار ڏينهن اڳ,هينئر کان چار ڏينهن,ٽي ڏينهن,اڄ کان ٽي ڏينهن اڳ,هينئر کان ٽي ڏينهن,1,1,1,0.5,0,Eurasia,26,69,sind1272,snd,Indo-European,Indic,PK IN,Ea1,Sindhi,sind1272,Sindhi,Indian Subcontinent,0-5%,0-5%,16-25%,26-35%,46-55%,1950,,"	9500000",1961,50000,,,,,,,,,,,,
Somali,shalay,maanta,berrito,maalinta,maalin ka hor shalay,beri ka dib,laba maalmood,laba maalmood ka hor hadda,laba maalmood ka dib hadda,afar maalmood,afar maalmood ka hor hadda,afar maalmood ka dib,saddex maalmood,saddex maalmood ka hor hadda,saddex maalmood ka dib,1,1,1,0.5,0,Africa,3,45,soma1255,som,Afro-Asiatic,Lowland East Cushitic,SO,Ca2,Somali (Dolbahanta),nort3051,Northern Somali,Northeast Tropical Africa,0-5%,0-5%,0-5%,86-100%,6-15%,1950,,,,50,,,,,,,,,,,,
Susu,khoro,too,tina,lOxE,xoro singe,tina xanbi,xi firin,xi firin beenun ya,xi firin dangi xanbi,xi nani,xi nani beenun ya,xi naani bun ma,xi saxan,xi saxan beenun ya,xi saxan bun ma,1,1,1,0,0,Africa,10,-13,susu1250,sus,Niger-Congo,Western Mande,GN,,Susu,susu1250,Susu,West Tropical Africa,0-5%,6-15%,6-15%,16-25%,56-65%,1930,,"	300000",1950,,,,,,,,,,,,,
Sundanese,kamari,kiwari,isukan,poé,poé saméméh kamari,isukan,dua poé,dua dinten sateuacan ayeuna,dua poé sanggeus ayeuna,opat poé,opat dinten sateuacan ayeuna,opat poé ti ayeuna,tilu poé,tilu dinten sateuacan ayeuna,tilu poé ti ayeuna,1,1,1,0.5,0,Papunesia,-7,107,sund1252,sun,Austronesian,Malayo-Sumbawan,ID,,,,,,None,,,,,,,,,,,,,,,,,,,,,
Swati,itolo,lamuhla,kusasa,lilanga,ngelilanga langaphambilini kwayitolo,ngelilanga lelilandzelako,emalanga lamabili,emalanga lamabili ngaphambi kwanyalo,ngemuva kwemalanga lamabili manje,emalanga lamane,emalanga lamane ngaphambi kwanyalo,emalanga lamane kusukela manje,emalanga lamatsatfu,emalanga lamatsatfu ngaphambi kwanyalo,emalanga lamatsatfu kusukela manje,1,1,1,0.5,0.5,Africa,-26.5,31,swat1243,ssw,Niger-Congo,Bantu,ZA SZ,Ab2,Swazi,swat1243,Swati,Southern Africa,6-15%,6-15%,0-5%,16-25%,56-65%,,,"	180000",1946,,,,,,,,,,,,,
Swahili/Kiswahili,jana,leo,kesho,siku,siku moja kabla ya jana,kesho kutwa,siku mbili,siku mbili kabla ya sasa,siku mbili baadaye,siku nne,siku nne kabla ya sasa,siku nne kutoka sasa,siku tatu,siku tatu kabla ya sasa,siku tatu kutoka sasa,1,1,1,0.5,0,Africa,-6.5,39,swah1253,swh,Niger-Congo,Bantu,TZ,,,,,,None,,,,,,,,,,,,,,,,,,,,,
Steppe Mari,кечээ,Таче,эрла,кече,теҥгече ончычсо кече,эрласе кече,кок кече кок кече,ынде кок кече ончыч,ынде кок кече гыч,куд кече,ынде куд кече ончыч,ынде куд кече гыч,кум кече,ынде кум кече ончыч,ынде кум кече гыч,1,1,1,0.5,0,Eurasia,57,48,east2328,mhr,Uralic,Mari,RU,Ch4,Mari,east2328,Eastern Mari,Eastern Europe,0-5%,0-5%,16-25%,26-35%,46-55%,1900,,"	400000",1941,"	400-1000",,,,,,,,,,,,
Tahitian,ʻApaʻau,i teie nei,ananahi,te mahana,te mahana na mua'tu,te mahana i muri a'e ananahi,e piti mahana,e piti mahana na mua ' tu,e piti mahana i muri iho,e maha mahana,e maha mahana na mua ' tu,e maha mahana i muri iho,e toru mahana,e toru mahana na mua ' tu,e toru mahana i muri iho,1,0.25,0.25,0,0.5,Papunesia,-17.66666667,-149.5833333,tahi1242,tah,Austronesian,Oceanic,PF,Ij8,Tahitians,tahi1242,Tahitian,South-Central Pacific,0-5%,0-5%,36-45%,6-15%,46-55%,1900,,None,,,,,,,,,,,,,,
Tamil,நேற்று,இன்று,நாளை,நாள்,நேற்று முன் தினம்,நாளை மறுநாள்,இரண்டு நாட்கள்,இப்போது இரண்டு நாட்களுக்கு முன்பு,இப்போது இரண்டு நாட்களுக்குப் பிறகு,நான்கு நாட்கள்,இப்போது நான்கு நாட்களுக்கு முன்பு,இன்றிலிருந்து நான்கு நாட்கள்,மூன்று நாட்கள்,இப்போது மூன்று நாட்களுக்கு முன்பு,இப்போதிலிருந்து மூன்று நாட்கள்,1,1,1,0.5,0,Eurasia,11,78.5,tami1289,tam,Dravidian,Dravidian,IN LK,,Tamil,tami1289,Tamil,Indian Subcontinent,0-5%,0-5%,16-25%,16-25%,56-65%,1880,,"	3000000",,50000,,,,,,,,,,,,
Tamazight,iḍelli,assa,azekka,ass-nni,ass uqbel iḍelli,ass n uzekka,sin wussan,sin wussan send tura,sin wussan mbeɛd tura,Rebɛa n wussan,Rebɛa wussan send tura,rebɛa wussan seg tura,Kraḍ wussan,Kraḍ wussan send tura,Kraḍ wussan seg tura,1,1,1,0.5,0.5,Africa,27.02,1.86,,tia,Afro-Asiatic,,,Cd7,Beraber,cent2194,Central Moroccan Berber,Northern Africa,0-5%,6-15%,0-5%,36-45%,46-55%,1910,,450000,1925,,,,,,,,,,,,,
Tajik,дируз,имруз,фардо,рӯз,як руз пеш аз дируз,пас аз фардо,ду руз,ду руз пеш аз ин,пас аз ду руз,чор рӯз,чор руз пеш аз ин,пас аз чор руз,се рӯз,се руз пеш аз ин,пас аз се руз,1,1,1,0.5,0.5,Eurasia,38.66666667,70,taji1245,tgk,Indo-European,Iranian,TJ,,,,,,None,,,,,,,,,,,,,,,,,,,,,
Tatar,Кичә,Бүген,иртәгә,көн,кичә,иртәгәдән икенче көн,ике көн,ике көн элек,ике көннән соң,дүрт көн,дүрт көн элек,дүрт көн,өч көн,өч көн элек,өч көннән,1,1,1,0,0.5,Eurasia,56,49.5,tata1255,tat,Altaic,Turkic,RU,ch20,Kazan tatar,midd1325,Central Tatar,Eastern Europe,0-5%,0-5%,0-5%,36-45%,56-65%,1910,,"	675419",1897,50000,,,,,,,,,,,,
Tiv,nyen,nyian,Kpee,iyange la .,iyange i nyian,iyange i kper la,ayange ahar,ayange ahar cii man shighe ne ye .,ayange nga kar ahar yô,ayange anyiin .,ayange anyiin cii man shighe ne ye .,ayange anyiin ken hemen .,ayange atar .,ayange atar cii man shighe ne ye .,ayange atar ken hemen .,1,0.25,0.25,0.5,0,Africa,7.5,9,tivv1240,tiv,Niger-Congo,Tivoid,NG,Ah3,Tiv,tivv1240,Tiv,West Tropical Africa,6-15%,16-25%,6-15%,6-15%,46-55%,,,"	530000",,200-399,,,,,,,,,,,,
Tigrinya,ትማሊ,ሎምዓንቲ,ፅባሕ,እታ መዓልቲ,ቅድሚ ትማሊ ዝነበረ መዓልቲ,ድሕሪ ጽባሕ ዝመጽእ መዓልቲ,ክልተ መዓልቲ,ክልተ መዓልቲ ቅድሚ ሕጂ,ድሕሪ ክልተ መዓልቲ ሕጂ,ኣርባዕተ መዓልቲ,ቅድሚ ሕጂ ኣርባዕተ መዓልቲ,ድሕሪ ኣርባዕተ መዓልቲ,ሰለስተ መዓልቲ,ቅድሚ ሰለስተ መዓልቲ,ድሕሪ ሰለስተ መዓልቲ,1,1,1,0.5,0.5,Africa,14.5,38.5,tigr1271,tir,Afro-Asiatic,Semitic,ET ER,Ca3,Tigrinya,tigr1271,Tigrinya,Northeast Tropical Africa,0-5%,0-5%,0-5%,26-35%,66-75%,1950,,"	1000000",,"	5000-50000",,,,,,,,,,,,
Tswana,maabane,gompieno,kamoso,letsatsi,letsatsi pele ga maabane,morago ga kamoso,malatsi a mabedi,malatsi a mabedi pele ga jaanong,malatsi a mabedi morago ga jaanong,malatsi a le manè,malatsi a le manè pele ga jaanong,malatsi a le mane go tloga jaanong,malatsi a le mararo,malatsi a le mararo pele ga jaanong,malatsi a le mararo go tloga jaanong,1,1,1,0.5,0,Africa,-24,26,tswa1253,tsn,Niger-Congo,Bantu,ZA BW,Ab13,Tswana,tswa1253,Tswana,Southern Africa,0-5%,6-15%,0-5%,36-45%,46-55%,1880,,,,,,,,,,,,,,,,
Tsonga,tolo,namuntlha,mundzuku,siku,siku ra le mahlweni ka tolo,siku leri landzelaka mundzuku,masiku mambirhi,masiku mambirhi emahlweni ka sweswi,masiku mambirhi endzhaku ka sweswi,masiku ya mune,masiku ya mune emahlweni ka sweswi,masiku ya mune ku sukela sweswi,masiku manharhu,masiku manharhu emahlweni ka sweswi,masiku manharhu ku sukela sweswi,1,1,1,0.5,0.5,Africa,-24,32,tson1249,tso,Niger-Congo,Bantu,MZ ZA,,Tsonga,tson1249,Tsonga,South Tropical Africa,0-5%,6-15%,6-15%,26-35%,46-55%,1920,,None,,None,,,,,,,,,,,,
Tetum/Tetun,horiseik,ohin loron,aban,loron,loron antes horisehik,loron tuir mai,loron rua,loron rua antes agora,loron rua hafoin agora,loron haat,loron haat antes agora,loron haat husi agora,loron tolu,loron tolu antes agora,loron tolu husi agora,1,1,1,0.5,0,Papunesia,-9,126,tetu1245,tet,Austronesian,Central Malayo-Polynesian,TL,Ic3,Belu,tetu1245,Tetum,Malesia,0-5%,0-5%,0-5%,26-35%,66-75%,1950,,82000,1952,,,,,,,,,,,,,
Telugu,నిన్న,నేడు,రేపు,రోజు,నిన్నటికి ముందు రోజు,రేపు మరుసటి రోజు,రెండు రోజులు,ఇప్పుడు రెండు రోజుల ముందు,ఇప్పుడు రెండు రోజుల తర్వాత,నాలుగు రోజులు,ఇప్పుడు నాలుగు రోజుల ముందు,ఇప్పటి నుండి నాలుగు రోజులు,మూడు రోజులు,ఇప్పుడు మూడు రోజుల ముందు,ఇప్పటి నుండి మూడు రోజులు,1,1,1,0.5,0,Eurasia,16,79,telu1262,tel,Dravidian,Dravidian,IN,,Telugu,telu1262,Telugu,Indian Subcontinent,0-5%,0-5%,0-5%,26-35%,66-75%,1950,,"	2500",1951,50000,,,,,,,,,,,,
Tongan,aneafi,ahó ni,ʻapongipongi,ko e ʻaho .,ko e 'aho kimu'a 'aneafi .,ko e 'aho hili 'apongipongi .,ʻaho ʻe ua,ʻaho ʻe ua kimuʻa he taimí ni .,ʻaho ʻe ua mei he taimí ni .,ʻaho ʻe fā,ʻaho ʻe fā kimuʻa he taimí ni .,ʻaho ʻe fā mei heni .,ʻaho ʻe tolu .,ʻaho ʻe tolu kimuʻa he taimí ni .,ʻaho ʻe tolu mei heni .,1,1,1,0.5,0.5,Papunesia,-21.16666667,-175.1666667,tong1325,ton,Austronesian,Oceanic,TO,Ii12,Tongans,tong1325,Tonga (Tonga Islands),Southwestern Pacific,0-5%,0-5%,26-35%,6-15%,56-65%,1920,,24000,1921,,,,,,,,,,,,,
Thai,เมื่อวาน,วันนี้,พรุ่งนี้,วันนั้น,วันก่อนวานนี้,วันมะรืนนี้,สองวัน,สองวันก่อนนี้,สองวันหลังจากนั้น,สี่วัน,สี่วันก่อนนี้,สี่วันจากตอนนี้,สามวัน,สามวันก่อนนี้,สามวันจากตอนนี้,1,1,1,1,1,Eurasia,16,101,thai1261,tha,Sino-Tibetan,Kam-Tai,TH,Ej9,Thai,thai1261,Thai,Indo-China,0-5%,0-5%,6-15%,6-15%,76-85%,1940,,10000000,1940,"	1000-5000",,,,,,,,,,,,
Tulu,ಕೋಡೆ,ಇನಿ,ಎಲ್ಲೆ,ದಿನ,ನಿನ್ನೆದ ದುಂಬುದ ದಿನ,ದುಂಬುದ ದಿನ,ರಡ್ಡ್ ದಿನ,ಇತ್ತೆ ರಡ್ಡ್ ದಿನ ದುಂಬು,ಇತ್ತೆ ರಡ್ಡ್ ದಿನೊಡ್ದು ಬೊಕ್ಕ,ನಾಲ್ ದಿನ,ಇತ್ತೆ ನಾಲ್ ದಿನ ದುಂಬು,ಇನಿಡ್ದ್ ನಾಲ್ ದಿನ,ಮೂಜಿ ದಿನ,ಇತ್ತೆ ಮೂಜಿ ದಿನ ದುಂಬು,ಇನಿಡ್ದ್ ಮೂಜಿ ದಿನ,1,1,1,0.5,0,Eurasia,12.75,75.33333333,tulu1258,tcy,Dravidian,Dravidian,IN,,,,,,None,,,,,,,,,,,,,,,,,,,,,
Tumbuka,mayilo,mwahuno,namachelo,zuŵa ilo,Zuŵa lakumanyuma,zuŵa lakulondezgapo machero,mazuŵa ghaŵiri,mazuŵa ghaŵiri pambere sono,panyuma pa mazuŵa ghaŵiri sono,mazuŵa ghanayi,mazuŵa ghanayi pambere sono,mazuŵa ghanayi kufuma sono,mazuŵa ghatatu,mazuŵa ghatatu pambere sono,mazuŵa ghatatu kufuma sono,1,1,1,0,0,Africa,-11.33,33.37,,tum,Niger-Congo,,,Ac36,Tumbuka,tumb1250,Tumbuka,South Tropical Africa,0-5%,16-25%,0-5%,6-15%,66-75%,1920,,"	115000",1945,,,,,,,,,,,,,
Tuvan,дүүн,бо хүн,даарта,хүн,дүүнгү хүн,эртенги хүн,ийи хонук,амдан ийи хонук бурунгаар,ийи хонук эрткенде,дөрт хонук,дөрт хонук бурунгаар,амдан эгелеп дөрт хонук болгаш,үш хонук,үш хонук бурунгаар,үш хонук болгаш,1,1,1,0,0,Eurasia,52,95,tuvi1240,tyv,Altaic,Turkic,RU MN,,,,,,None,,,,,,,,,,,,,,,,,,,,,
Turkish,dün,bugün,yarın,gün,dünden önceki gün,yarından sonraki gün,iki gün,şimdiden iki gün önce,şimdiden iki gün sonra,dört gün,şimdiden dört gün önce,şimdiden dört gün sonra,üç gün,şimdiden üç gün önce,şimdiden üç gün sonra,1,1,1,0.5,0.5,Eurasia,39,35,nucl1301,tur,Altaic,Turkic,TR,Ci5,Turks,nucl1301,Turkish,Western Asia,0.05,0.05,0.05,0.45,0.65,1950,,,,"	50000",,,,,,,,,,,,
Turkmen,düýn,Bu gün,ertir,,düýn bir gün öň,ertesi gün,iki gün,iki gün öň,iki günden soň,dört gün,dört gün öň,dört günden,üç gün,üç gün öň,üç günden,1,1,1,0.5,0,Eurasia,40,58,turk1304,tuk,Altaic,Turkic,TM,Eb5,Turkmen,turk1304,Turkmen,Middle Asia,0.05,0.05,0.05,0.45,0.65,1910,,800000,1939,,,,,,,,,,,,,
Twi,nnora,ɛnnɛ,ɔkyena,da no,da a edi nnɛra anim no,da a edi hɔ ɔkyena,nna mmienu,nna abien ansa na ɛreba,nna abien akyi mprempren,nnanan,nnanan ansa na ɛreba,nnanan akyi,nnansa,nnansa ansa na ɛreba,nnansa akyi,1,1,1,0.5,0.5,Africa,6.75,-1.5,akan1251,twi,Niger-Congo,Kwa,,,,,,,None,,,,,,,,,,,,,,,,,,,,,
Udmurt,толло доры,туннэ,ӵуказе,нунал,толон азьвыл нуналэ,ӵуказе нунал,кык нунал,кык нунал талэсь азьло,кык нунал ортчыса али,куать нунал,куать нунал талэсь азьло,куать нунал ортчыса,куинь нунал,куинь нунал талэсь азьло,куинь нунал ортчыса,1,1,1,0.5,0.5,Eurasia,57.5,52.5,udmu1245,udm,Uralic,Permic,RU,ch26,Udmurt,sout2681,South Udmurt,Eastern Europe,0-5%,0-5%,0-5%,6-15%,86-100%,1890,,504000,1926,200-399,,,,,,,,,,,,
Uyghur,تۈنۈگۈن,بۈگۈن,ئەتە,كۈن,ئالدىنقى كۈنى,ئەتىسى,ئىككى كۈن,ئىككى كۈن بۇرۇن,ئىككى كۈندىن كېيىن,تۆت كۈن,تۆت كۈن بۇرۇن,تۆت كۈندىن كېيىن,ئۈچ كۈن,ئۈچ كۈن بۇرۇن,ئۈچ كۈندىن كېيىن,1,1,1,0,0,Eurasia,40,80,uigh1240,uig,Altaic,Turkic,CN,,,,,,None,,,,,,,,,,,,,,,,,,,,,
Uzbek,kecha,bugun,ertaga,kun,"kechadan oldingi kun;
kechadan avvalgi kun ",ertadan keyin (indin),ikki kun,hozirdan ikki kun oldin,ikki kundan keyin,to'rt kun,to'rt kun oldin,to'rt kundan keyin,uch kun,bundan uch kun oldin,uch kundan keyin,1,1,1,0.5,0,Eurasia,39,66,uzbe1247,None,Altaic,Turkic,UZ AF,Eb8,Uzbek,nort2690,Northern Uzbek,Middle Asia,0-5%,6-15%,16-25%,46-55%,16-25%,1800,,16750,1924,,,,,,,,,,,,,
Venda,mulovha,ṋamusi,matshelo,duvha,duvha la phanda ha mulovha .,duvha la matshelo .,maduvha mavhili .,maḓuvha mavhili phanḓa ha zwino,nga murahu ha maduvha mavhili zwino,maḓuvha maṋa .,maḓuvha maṋa phanḓa ha zwino .,maḓuvha maṋa u bva zwino .,maduvha mararu .,maḓuvha mararu phanḓa ha zwino .,maḓuvha mararu u bva zwino .,1,1,1,0.5,0.5,Africa,-22,30,vend1245,ven,Niger-Congo,Bantu,ZA ZW,Ab6,Venda,vend1245,Venda,Southern Africa,6-15%,6-15%,0-5%,16-25%,56-65%,1900,,150000,1930,200-300,,,,,,,,,,,,
Venetian,jeri,ancuo,doman,el dì,el dì prima de ieri,el dopodoman,do dì,do dì prima de deso,do dì dopo deso,quatro dì,quatro dì prima de deso,da quatro dì,tre dì,tre dì prima de deso,tra tre giorni,1,1,1,0.5,0,Eurasia,45.503581,12.214167,vene1258,"	vec",Indo-European,Italic,,,,,,,None,,,,,,,,,,,,,,,,,,,,,
Vietnamese,hôm qua,hôm nay,ngày mai,ngày,ngày hôm kia,ngày mốt,hai ngày,hai ngày trước đây,hai ngày sau đây,bốn ngày,bốn ngày trước đây,bốn ngày kể từ bây giờ,ba ngày,ba ngày trước đây,ba ngày kể từ bây giờ,1,1,1,0.5,0.5,Eurasia,10.5,106.5,viet1252,vie,Austroasiatic,Vietic,0,Ej4,Annamese,viet1252,Vietnamese,Indo-China,0-5%,0-5%,16-25%,16-25%,56-65%,1950,Red River Delta in Tonkin,22000000,,50000,,,,,,,,,,,,
Wari',kakulop,yana,buwas,an adlaw .,an adlaw antes kakulop .,an adlaw katapos buwas .,duha ka adlaw .,duha ka adlaw antes yana .,duha ka adlaw katapos yana .,upat ka adlaw .,upat ka adlaw antes yana .,upat ka adlaw tikang yana .,tulo ka adlaw .,tulo ka adlaw antes yana .,tulo ka adlaw tikang yana .,1,1,1,0.5,0.5,South America,-11.33333333,-65,wari1268,pav,Chapacura-Wanham,Chapacura-Wanham,BR,,,,,,None,,,,,,,,,,,,,,,,,,,,,
Wolof,démb,tey,suba,bis bi,bis bi njëkk démb,ëlëg,ñaari fan,ñaari fan ci ginaaw leegi,ñaari fan ci ginnaaw leegi,ñeenti fan,ñeenti fan balaa leegi,ñeenti fan ci ginaaw,ñetti fan,ñetti fan balaa leegi,ñetti fan ci ginaaw leegi,1,1,1,0,0.5,Africa,15.25,-16,nucl1347,wol,Niger-Congo,Wolof,GM SN,Cb2,Wolof,nucl1347,Wolof,West Tropical Africa,0-5%,0-5%,6-15%,26-35%,56-65%,1950,,"	660000",1949,50000,,,,,,,,,,,,
Xhosa,izolo,namhlanje,ngomso,Usuku,Usuku phambi kwelayizolo,ngapha kwangomso,iintsuku ezimbini,kwiintsuku ezimbini ngaphambili ngoku,emva kweentsuku ezimbini ngoku,iintsuku ezine,kwiintsuku ezine phambi koku,kwiintsuku ezine ukususela ngoku,iintsuku ezintathu,kwiintsuku ezintathu ngaphambili,kwiintsuku ezintathu ukususela ngoku,1,1,1,0.5,0.5,Africa,-32,27,xhos1239,xho,Niger-Congo,Bantu,ZA,Ab11,Xhosa Ngqika,xesi1238,Xesibe,Southern Africa,6-15%,6-15%,0-5%,26-35%,46-55%,1850,,,NA,Missing data,1930,,CCMCxhos1239,Xhosa,xhos1239,Xhosa,Atlantic-Congo,-31.04,28.08,Southern Africa,,None
Yakut,бэҕэһээ,бүгүн,сарсын,күн,бэҕэһээҥҥи күн,сарсыҥҥы күн,икки күн,билигин икки хонук иннинэ,билигин икки хонон баран,түөрт күн,түөрт күн иннинэ,түөрт күнүнэн,үс күн,билигин үс хонук иннинэ,үс хонугунан,1,1,1,0,0,Eurasia,62,130,yaku1245,sah,Altaic,Turkic,RU,Ec2,Yakut,yaku1245,Sakha,Siberia,6-15%,16-25%,16-25%,36-45%,6-15%,1900,,245000,1900,50-99,1900,,,,,,,,,,,
Yoruba,lana,loni,ọla,ọjọ́ náà,ojo iwaju ana,ọjọ lẹhin ọla,ọjọ meji,ọjọ meji ṣaaju bayi,ọjọ meji lẹhin bayi,mẹrin ọjọ,mẹrin ọjọ ṣaaju ki o to bayi,ọjọ mẹrin lati isisiyi,ọjọ mẹta,ọjọ mẹta ṣaaju bayi,ọjọ mẹta lati isisiyi,1,1,1,0,0.5,Africa,8,4.333333333,yoru1245,yor,Niger-Congo,Defoid,NG BJ,Af6,Oyo Yoruba,oyoo1238,Oyo,West Tropical Africa,0-5%,0-5%,6-15%,6-15%,76-85%,1950,,5500000,1950,50000+,None,,,,,,,,,,,
Yiddish,נעכטן,היינט,מאָרגן,דער טאָג,דעם טאג פאר נעכטן,איבערמאָרגן,צוויי טעג,צוויי טעג פריער,צוויי טעג נאָך איצט,פיר טעג,פיר טעג פריער,פיר טעג פון איצט,דרײַ טעג,דריי טעג פריער,דריי טעג פון איצט,1,1,1,0.5,1,Eurasia,52,23,yidd1255,ydd,Indo-European,Germanic,UA BY DE LT PL,,,,,,None,,,,,,,,,,,,,,,,,,,,,
Yucatec Maya,jo'oljeak,be'elajake',sáamal,le k'iino',le k'iin táanil ti' jo'oljeake',u k'iinil sáamal,ka'ap'éel k'iin,ka'ap'éel k'iin táanil ti' bejla'e',ka'ap'éel k'iin ka' bejla'e',kanp'éel k'iin,kanp'éel k'iin táanil ti' bejla'e',kanp'éel k'iin tak bejla'e',óoxp'éel k'iin,óoxp'éel k'iin táanil ti' bejla'e',óoxp'éel k'iin tak bejla'e',1,1,1,0.5,0,North America,20,-89,yuca1254,yua,Mayan,Mayan,MX,Sa6,Yucatec Maya,yuca1254,Yucatec Maya,Mexico,0-5%,6-15%,16-25%,0-5%,66-75%,1520,,,,5000-50000,,,,,,,,,,,,
Zapotec,neegue',yannadxí,guixí,dxi que .,ti dxi ante de ayer .,dxi despué de sti dxi .,chupa gubidxa .,chupa gubidxa ante de yanna .,chupa gubidxa despué de yanna .,tapa gubidxa .,tapa gubidxa ante de yanna .,tapa gubidxa de yanna .,chonna gubidxa .,chonna gubidxa ante de yanna .,chonna gubidxa de yanna .,1,1,1,0.5,0,North America,16.416667,-95,isth1244,zai,Oto-Manguean,Zapotecan,MX,,Zapotec,yala1267,Yalálag Zapotec,,0-5%,0-5%,6-15%,6-15%,76-85%,1940,mountain village of Yalagag,,,5000-50000,,,,,,,,,,,,
Zulu,izolo,namuhla,kusasa,usuku,ngayizolo,Usuku oluphambili kwa kusasa,izinsuku ezimbili,ezinsukwini ezimbili ngaphambili,emva kwezinsuku ezimbili manje,izinsuku ezine,ezinsukwini ezine ngaphambili manje,ezinsukwini ezine kusukela manje,izinsuku ezintathu,ezinsukwini ezintathu ngaphambili,ezinsukwini ezintathu kusukela manje,1,1,1,0,0.5,Africa,-30,30,zulu1248,zul,Niger-Congo,Bantu,ZA,Ab12,Zulu,zulu1248,Zulu,Southern Africa,0-5%,6-15%,0-5%,36-45%,46-55%,1830,,250000,1921,,,,,,,,,,,,,
Warlpiri,pirrarni,jalangu,jawarti,,yangkurra-kari,0,NA,NA,NA,NA,NA,NA,NA,NA,NA,1,1,1,0.5,0,Australia,-20,132.3333333,warl1254,wbp,Pama-Nyungan,Western Pama-Nyungan,AU,Id10,Walbiri,warl1254,Warlpiri,Australia,0.605,0.405,0.025,0.025,0.025,1930,1400,NA,NA,NA,Pama-Nyungan,,,,,,,,,,,
Tiwi,awurlaga,ningani,pangarri ,,0,0,NA,NA,NA,NA,NA,NA,NA,NA,NA,1,1,1,0,0,Australia,-11.5,131,tiwi1244,tiw,Isolates,Tiwian,AU,Id3,Tiwi,tiwi1244,Tiwi,Australia,0.505,0.305,0.205,0.025,0.025,1920,1000,NA,NA,NA,Isolates,,,,,,,,,,,
Diyari,waldrawirti,karari,thangkuparna,,waldrawirti nguru ,thangkuparna nguru ,NA,NA,NA,NA,NA,NA,NA,NA,NA,1,1,1,0.5,0.5,Australia,-28,139,dier1241,dif,Pama-Nyungan,Central Pama-Nyungan,AU,Id4,Diyari,dier1241,Dieri,Australia,0.705,0.305,0.025,0.025,0.025,1900,NA,NA,NA,NA,Pama-Nyungan,,,,,,,,,,,
Quileute, chi/ tq5wi7,chi/ p35,x2 tq5wi7,,chi/ tq5wi7,kitoktiya,NA,NA,NA,NA,NA,NA,NA,NA,NA,1,1,1,0,1,North America,47.91666667,-124.25,quil1240,qui,Chimakuan,Chimakuan,US,Nb18,Quileute,quil1240,Quileute,Northwestern U.S.A.,0.105,0.305,0.605,0.025,0.025,1880,285,NA,NA,NA,Chimakuan,,,,,,,,,,,
Quinault,tiiɑlɑš,əɫnisyəx̣uč,iɑlɑš,,0,0,NA,NA,NA,NA,NA,NA,NA,NA,NA,1,1,1,0,0,North America,47.42,-124.16,quin1251,qun,Salishan,NA,NA,Nb25,Quinault,quin1251,Quinault,Northwestern U.S.A.,0.205,0.305,0.505,0.025,0.025,1860,200,NA,NA,NA,Salishan,,,,,,,,,,,
Karok,ipit ,ítam,imaan,,ipít múpitkam ,imáan múmaankam,NA,NA,NA,NA,NA,NA,NA,NA,NA,1,1,1,0.5,0.5,North America,41.66666667,-123,karo1304,kyh,Hokan,Karok,US,Nb34,Karuk,karo1304,Karuk,Northwestern U.S.A.,0.405,0.105,0.505,0.025,0.025,1860,600,NA,NA,NA,Hokan,,,,,,,,,,,
Hupa,wiłdung,de:-je:nis,yisxun-de',,wiłdun'-dung',yisxun-yisxa:n,NA,NA,NA,NA,NA,NA,NA,NA,NA,1,1,1,0.5,0.5,North America,41.08333333,-123.6666667,hupa1239,hup,Athabaskan-Eyak-Tlingit,Athapaskan,US,Nb35,Hupa,hupa1239,Hupa-Chilula,Southwestern U.S.A.,0.405,0.105,0.505,0.025,0.025,1860,640,NA,NA,NA,Athabaskan-Eyak-Tlingit,,,,,,,,,,,
Yuki,sum,ka 'e-nay'; ha*-'a*-ye,haw,,0,k'ol' haw,NA,NA,NA,NA,NA,NA,NA,NA,NA,1,0.5,1,0,0.5,North America,39.66666667,-123.5,yuki1243,yuk,Yuki-Wappo,Yuki,US,Nc7,Yuki,yuki1243,Northern Yukian,Southwestern U.S.A.,0.405,0.305,0.305,0.025,0.025,1850,2000,NA,NA,NA,Yuki-Wappo,,,,,,,,,,,
Shawnee,oo-la-coo,Enoukee;nih-kees-qua,wap-pa-kie,,al-li-ka oo-la-coo,al-li-ka wap-pa-kie,NA,NA,NA,NA,NA,NA,NA,NA,NA,1,1,1,0.5,0.5,North America,40,-83,shaw1249,sjw,Algic,Algonquian,US,Nf13,Shawnee,shaw1249,Shawnee,Southeastern U.S.A.,0.105,0.405,0.205,0.025,0.305,1820,1100,NA,NA,NA,Algic,,,,,,,,,,,
Seneca,te:dë’,në:gë:h wë:níshäde’,ëyo:hë’t,,0,0,NA,NA,NA,NA,NA,NA,NA,NA,NA,1,0.5,1,0.5,0.5,North America,42.5,-77.5,sene1264,see,Iroquoian,Northern Iroquoian,US,Ng10,Seneca,sene1264,Seneca,Northeastern U.S.A.,0.105,0.305,0.205,0.025,0.405,1750,10000,NA,NA,NA,Iroquoian,,,,,,,,,,,
Penobscot,wə̀lαkəwe,wə̀lαte,sèpa,,awahsí-wəlαkəwe,awahsí-sepa,NA,NA,NA,NA,NA,NA,NA,NA,NA,1,1,1,0.5,0.5,NA,45,-68,NA,NA,Algic,NA,NA,Ng4,Penobscot,peno1243,Penobscot,Northeastern U.S.A.,0.205,0.405,0.205,0.025,0.205,1900,300,NA,NA,NA,Algic,,,,,,,,,,,
Timucua,qibo,equela,buecha,,0,0,NA,NA,NA,NA,NA,NA,NA,NA,NA,1,1,1,0,0,North America,30.25,-82.5,timu1245,tjm,Isolates,Timucua,US,Ng8,Timucua,timu1245,Timucua,Southeastern U.S.A.,0.205,0.205,0.205,0.025,0.405,1560,NA,NA,NA,NA,Isolates,,,,,,,,,,,
Mangghuer,tɕʰukuti‧,niuti‧,mɐloŋ‧,,tɕuti‧,tɕʰinɐti‧,NA,NA,NA,NA,NA,NA,NA,NA,NA,1,1,1,1,1,Eurasia,36,102,tuuu1240,mjg,Altaic,Mongolic,NA,Eb2,Tu,tuuu1240,Monguoric,China,0.025,0.025,0.105,0.305,0.605,1920,NA,55000,1939,Missing data,Altaic,,,,,,,,,,,
Dagur,utiʃ‧,ənə utur‧,punj utur‧,uturtəː‧,kʰətʃʰik utur‧,tʃʰɑːtʃ utur‧,NA,NA,NA,NA,NA,NA,NA,NA,NA,1,0.5,0.5,0.5,0.5,Eurasia,48,124,daur1238,dta,Altaic,Mongolic,NA,Eb4,Dagur,daur1238,Dagur,China,0.025,0.105,0.025,0.305,0.605,1940,NA,NA,1943,Missing data,Altaic,,,,,,,,,,,
Nanai,ɕiksə,əiniŋ,thumakhə,,tsurkhə jiniŋ,thiɔrmi,NA,NA,NA,NA,NA,NA,NA,NA,NA,1,1,1,0.5,1,Eurasia,49.5,137,nana1257,gld,Altaic,Tungusic,NA,Ec9,Nanai,nana1257,Nanai,China,0.025,0.305,0.405,0.105,0.205,1920,NA,100,1940,Missing data,Altaic,,,,,,,,,,,
Mun,kum33pɔu35,ni44nɔi22‧,tiŋ44dɔ35‧,,ȵa55nɔi22,ȵau42dɔ35‧,NA,NA,NA,NA,NA,NA,NA,NA,NA,1,1,1,1,1,Eurasia,19,110,kimm1245,mji,Sino-Tibetan,Mienic,NA,Ed14,Man,kimm1245,Kim Mun,Indo-China,0.025,0.105,0.105,0.105,0.705,NA,NA,NA,None,Missing data,Sino-Tibetan,,,,,,,,,,,
Wu Chinese,zoʔ2.ȵiəʔ3‧,tɕin4.tsæ0‧,mən2.tsæ3‧,,zɪ2.ȵiəʔ3‧,Ǿøʏ23.ȵiəʔ1‧,NA,NA,NA,NA,NA,NA,NA,NA,NA,1,1,1,1,1,Eurasia,31.67,120.8,wuch1236,wuu,Sino-Tibetan,NA,NA,Ed15b,Kiangsu,wuch1236,Wu Chinese,China,0.025,0.025,0.105,0.105,0.805,1936,NA,NA,None,50000,Sino-Tibetan,,,,,,,,,,,
Nuosu,a21ndzɿ33ȵi44‧,i21ȵi21‧,mo21xɯ33ȵi21‧,,a21ȵi21ʂɿ33mu34ndzɿ33ȵi44‧,pʰi55ndzɿ33ȵi44‧,NA,NA,NA,NA,NA,NA,NA,NA,NA,0.5,1,0.5,0.5,0.5,Eurasia,28,103,sich1238,iii,Sino-Tibetan,Burmese-Lolo,NA,Ed2,Lolo,sich1238,Sichuan Yi,China,0.025,0.105,0.025,0.305,0.605,1940,NA,NA,NA,100-199,Sino-Tibetan,,,,,,,,,,,
Manchu,uʃ udur‧,ən udur‧,bunj udur‧,,kʰətʃʰiɡ udur‧,tʃʰɑdʒ udur‧,NA,NA,NA,NA,NA,NA,NA,NA,NA,0.5,0.5,0.5,0.5,0.5,Eurasia,49.5,127.5,manc1252,mnc,Altaic,Tungusic,NA,Ed3,Manchu,manc1252,Manchu,China,0.025,0.025,0.105,0.205,0.705,1920,NA,NA,1919,Missing data,Altaic,,,,,,,,,,,
Min (Southern),tsoʔ31.lit35‧,kin22.lit35‧,biã22.tsa13‧,,tsok31.it35,Ǿau31.lit0‧,NA,NA,NA,NA,NA,NA,NA,NA,NA,1,1,1,1,1,Eurasia,25,118,minn1241,nan,Sino-Tibetan,Chinese,NA,Ed6,Min Chinese,chao1239,Chaoshan,China,0.025,0.025,0.105,0.205,0.705,1920,NA,600,1954,50000,Sino-Tibetan,,,,,,,,,,,
Bai,tseɹ21seɹ44ȵi44‧,keɹ55ȵi44‧,meɹ55ȵi44‧,,tɯ21ȵi44‧,a31tsɿ42ȵi44‧,NA,NA,NA,NA,NA,NA,NA,NA,NA,0.5,1,1,1,0.5,Eurasia,26,100,cent2004,bca,Sino-Tibetan,Macro-Bai,NA,Ed8,Minchia,cent2004,Central Bai,China,0.025,0.025,0.105,0.205,0.705,1930,NA,400000,None,400-1000,Sino-Tibetan,,,,,,,,,,,
Hlai (Baoding),vɔn21va32‧,vaŋ33ne31‧,pai33pʰaŋ33‧,,pai33plɔu33‧,pai33ȵeɯ11‧,NA,NA,NA,NA,NA,NA,NA,NA,NA,1,1,1,1,1,Eurasia,19,109.5,hlai1239,lic,Sino-Tibetan,Hlai,NA,Ed9,Li,hlai1239,Hlai,China,0.025,0.105,0.105,0.105,0.705,1930,NA,220000,1931,100-199,Sino-Tibetan,,,,,,,,,,,
Sherpa,dang,haring,sala,,kharnup,nāa,NA,NA,NA,NA,NA,NA,NA,NA,NA,1,1,1,1,1,Eurasia,27.75,86.83333333,sher1255,xsr,Sino-Tibetan,Bodic,NA,Ee6,Sherpa,sher1255,Solu-Khumbu Sherpa,China,0.025,0.025,0.025,0.505,0.505,1950,NA,NA,1931,200-399,Sino-Tibetan,,,,,,,,,,,
Central Tibetans,ཁ་སང་kʰɛ55sa55‧,དེ་རིང་tʰə11rĩ13‧,སང་ཉིནsɛ̃55ȵĩ55‧,ཉིན།,ཁ་སང་ཉིན་སྔོན་མ།kʰɛ55ȵĩ55ka0‧,སང་ཉིན་གྱི་ཉིན་མོ།nɛ̃55ȵĩ55‧,ཉིན་གཉིས།,ཉིན་གཉིས་ཀྱི་གོང་དུ།,ད་ལྟ་ནས་ཉིན་གཉིས་འགོར་རྗེས།,ཉིན་བཞི།,ད་ལྟའི་ཉིན་བཞིའི་སྔོན་དུ།,ད་ནས་བཟུང་ཉིན་བཞི།,ཉིན་གསུམ།,ཉིན་གསུམ་སྔོན་ལ།,ད་ནས་བཟུང་ཉིན་གསུམ་འགོར་རྗེས།,1,1,1,0.5,0.5,Eurasia,30,91,tibe1272,bod,Sino-Tibetan,Bodic,CN,Ee4,Central Tibetans,dbus1238,Ü,China,0.025,0.025,0.025,0.405,0.605,1920,NA,4000000,None,5000-50000,Sino-Tibetan,,,,,,,,,,,