language_name,morning,noon;midday,afternoon,evening,during the day;daytime,"night (as opposed to daytime, collectively)",midnight,morning_Phonetic,noon_Phonetic,afternoon_Phonetic,evening_phonetic,daytime_phonetic,night_phonetic,midnight_Phonetic,[回译]上午...27,[回译]中午...28,[回译]下午...29,[回译]晚上...31,[回译]白天...32,[回译]夜晚［与白天相对，统称］...33,[回译]半夜...34,morning_BT,noon_BT,afternoon_BT,evening_BT,daytime_BT,night_BT,midnight_BT,morning_value,noon_value,afternoon_value,evening_value,daytime_value,night_value,midnight_value,Macroarea,...65,...66,Glottocode,ISO639P3code,Genus,Country_ID,Family_in_Data,Subgroup,Native speaker,...76,society,Glottocode_society,Region,Subsistence economy: gathering [EA001],Subsistence economy: hunting [EA002],Subsistence economy: fishing [EA003],Subsistence economy: animal husbandry [EA004],Subsistence economy: agriculture [EA005],subsistence_year,Population size [EA202]...92,population_year,Mean size of local communities [EA031]...94,Mean size of local communities [EA031]_year,PC1,PC2,PC3,Gathering,Hunting,Fishing,AnimalHusbandry,Agriculture,Mean size of local communities [EA031]...107,Family,Latitude,Longitude,Population_size
Albanian,mëngjes,mesditë,pasdite,mbrëmje,gjatë ditës;,natën;,mesnatë;,NA,NA,NA,NA,NA,NA,NA,早餐,中午,下午,晚上,白天;,晚上;,午夜;,morning,noon,afternoon,evening,during the day;,at night;,midnight;,1,1,1,1,0.5,1,1,Eurasia,41,20,NA,sqi,Albanian,RS AL,NA,NA,NA,Ce1,Gheg,gheg1238,Southeastern Europe,0-5%,0-5%,0-5%,36-45%,56-65%,1900,NA,NA,200-399,1900,-1.249819275,0.666138049,0.152984961,0.025,0.025,0.025,0.405,0.605,200-399,Indo-European,41,20,299.5
Armenian,առավոտ;,կեսօր;,կեսօրին;,երեկո;,ցերեկը;,գիշեր;,կեսգիշեր;,arravot;,kesor;,kesorin;,yereko;,ts’ereky;,gisher;,kesgisher;,早晨;,中午;,中午；,晚上;,白天;,夜晚;,午夜;,morning;,afternoon;,at noon;,evening;,during the day;,night;,midnight;,1,1,1,1,1,1,1,Eurasia,40,45,nucl1235,hye,Armenian,AM,NA,NA,NA,NA,Armenians,nucl1235,Caucasus,0-5%,0-5%,0-5%,26-35%,66-75%,1900,NA,NA,50000,1900,-1.313493394,-0.029258223,0.316670588,0.025,0.025,0.025,0.305,0.705,50000,Indo-European,40,45,50000
Bengali,সকাল;,দুপুর;,বিকেল;,সন্ধ্যা;,দিনের বেলা;,রাত;,মধ্যরাত;,sakāla;,dupura;,bikēla;,sandhyā;,dinēra bēlā;,rāta;,madhyarāta;,早晨;,中午;,下午;,晚上;,白天;,夜晚;,午夜;,Morning;,Noon;,Afternoon;,Evening;,Daytime;,Night;,Midnight;,1,1,1,1,0.5,1,1,Eurasia,24,90,beng1280,ben,Indic,BD IN,Indo-European,None,NA,Ef2,Bengali,beng1280,Indian Subcontinent,0-5%,0-5%,16-25%,16-25%,56-65%,1940,NA,NA,50000,1940,-0.343869779,-0.570020608,-0.706077005,0.025,0.025,0.205,0.205,0.605,50000,Indo-European,24,90,50000
Bulgarian,сутрин;,обяд;,следобед;,вечер;,през деня;,нощ;,полунощ;,sutrin;,obyad;,sledobed;,vecher;,prez denya;,nosht;,polunosht;,早晨;,午餐;,下午;,晚上;,白天;,夜晚;,午夜;,morning;,noon;,afternoon;,evening;,during the day;,night;,midnight;,1,1,1,1,0.5,1,1,Eurasia,42.5,25,bulg1262,bul,Slavic,BG,Indo-European,None,NA,Ch5,Bulgarians,bulg1262,Southeastern Europe,0-5%,0-5%,0-5%,16-25%,76-85%,1940,1700,1934,50000,1940,-1.377167513,-0.724654495,0.480356215,0.025,0.025,0.025,0.205,0.805,50000,Indo-European,42.5,25,50000
Czech,ráno;,poledne;,odpoledne;,noc;,během dne;,noc;,půlnoc;,NA,NA,NA,NA,NA,NA,NA,早晨;,中午;,下午;,夜晚;,白天;,夜晚;,午夜;,morning;,noon;,afternoon;,night;,during the day;,night;,midnight;,1,1,1,1,0.5,1,1,Eurasia,50,15,czec1258,ces,Slavic,CZ,Indo-European,None,NA,Ch3,Czechs,czec1258,Middle Europe,0-5%,0-5%,0-5%,26-35%,66-75%,1940,8800000,1950,50000,1940,-1.313493394,-0.029258223,0.316670588,0.025,0.025,0.025,0.305,0.705,50000,Indo-European,50,15,50000
Dutch,Ochtend;,middag;,Middag;,Avond;,overdag;,Nacht;,Middernacht;,NA,NA,NA,NA,NA,NA,NA,早晨;,下午;,下午;,晚上;,白天;,夜晚;,午夜;,Morning;,afternoon;,Afternoon;,Evening;,daytime;,Night;,Midnight;,1,0.25,0.25,1,1,1,1,Eurasia,52.5,6,dutc1256,nld,Germanic,NL,Indo-European,None,NA,Cg1,Dutch,dutc1256,Middle Europe,0-5%,0-5%,6-15%,26-35%,56-65%,1950,NA,NA,50000,1950,-0.829949412,0.066112944,-0.220475284,0.025,0.025,0.105,0.305,0.605,50000,Indo-European,52.5,6,50000
Greek,πρωί;,μεσημέρι;,απόγευμα;,απόγευμα;,κατά τη διάρκεια της ημέρας,νύχτα;,μεσάνυχτα;,proí?,mesiméri?,apógevma?,nýchta?,katá ti diárkeia tis iméras,nýchta?,mesánychta?,早晨;,中午;,下午;,下午;,白天,夜晚;,午夜;,morning;,noon;,afternoon;,afternoon;,during the day,night;,midnight;,1,1,0.25,0.25,0.5,1,1,Eurasia,39,22,mode1248,ell,Greek,GR,NA,None,NA,Ef9,Gujarati,guja1252,Indian Subcontinent,0-5%,0-5%,6-15%,26-35%,56-65%,1950,NA,NA,50000,1950,-0.829949412,0.066112944,-0.220475284,0.025,0.025,0.105,0.305,0.605,50000,Indo-European,39,22,50000
Gujarati,સવાર;,બપોર;,બપોર;,સાંજ;,દિવસ દરમિયાન;,રાત્રિ;,મધ્યરાત્રિ;,savāra;,bapōra;,bapōra;,sān̄ja;,divasanō samaya;,rātri;,madhyarātri;,早晨;,下午;,下午;,晚上;,白天;,夜晚;,午夜;,Morning;,Afternoon;,Afternoon;,Evening;,During the day;,Night;,Midnight;,1,0.25,0.25,1,0.5,1,1,Eurasia,23,72,guja1252,guj,Indic,IN,NA,NA,NA,Ef9,Gujarati,guja1252,Indian Subcontinent,0-5%,0-5%,6-15%,16-25%,66-75%,1920,NA,NA,50000,1920,-0.893623531,-0.629283328,-0.056789657,0.025,0.025,0.105,0.205,0.705,50000,Indo-European,23,72,50000
Italian,Mattina;,mezzogiorno;,pomeriggio;,sera;,durante il giorno;,notte;,mezzanotte;,NA,NA,NA,NA,NA,NA,NA,早晨;,中午;,下午;,晚上;,白天;,夜晚;,午夜;,Morning;,noon;,afternoon;,evening;,during the day;,night;,midnight;,1,1,1,1,0.5,1,1,Eurasia,43,12,ital1282,ita,Romance,CH IT,Indo-European,None,NA,NA,Neapolitans,neap1235,Southeastern Europe,0-5%,0-5%,6-15%,6-15%,76-85%,1960,NA,NA,50000,1960,-0.95729765,-1.3246796,0.106895971,0.025,0.025,0.105,0.105,0.805,50000,Indo-European,43,12,50000
Latvian,rīts;,pusdienlaiks;,pēcpusdienā;,vakars;,dienas laikā;,nakts;,pusnakts;,NA,NA,NA,NA,NA,NA,NA,早晨;,中午;,下午;,晚上;,白天;,夜晚;,午夜;,morning;,noon;,afternoon;,evening;,during the day;,night;,midnight;,1,1,1,1,0.5,1,1,Eurasia,57,24,latv1249,lav,Baltic,LV,Indo-European,None,NA,NA,Latvians,latv1249,Eastern Europe,0-5%,0-5%,6-15%,16-25%,66-75%,1881,1312000,1897,50000,1881,-0.893623531,-0.629283328,-0.056789657,0.025,0.025,0.105,0.205,0.705,50000,Indo-European,57,24,50000
Lithuanian,rytas;,vidurdienis;,popietę;,vakaras;,dienos metu;,naktis;,vidurnaktis;,NA,NA,NA,NA,NA,NA,NA,早晨;,中午;,下午;,晚上;,白天;,夜晚;,午夜;,morning;,noon;,afternoon;,evening;,daytime;,night;,midnight;,1,1,1,1,0.5,1,1,Eurasia,55,24,lith1251,lit,Baltic,LT,Indo-European,None,NA,NA,Lithuanians,lith1251,Eastern Europe,0-5%,0-5%,6-15%,36-45%,46-55%,NA,217000,1950,50000,1930,-0.766275293,0.761509216,-0.384160911,0.025,0.025,0.105,0.405,0.505,50000,Indo-European,55,24,50000
Russian,утро;,полдень;,полдень;,вечер;,дневное время;,ночь;,полночь;,utro;,polden';,polden';,vecher;,dnevnoye vremya;,noch';,polnoch';,早晨;,中午;,中午;,晚上;,白天;,夜晚;,午夜;,morning;,noon;,midday;,evening;,daytime;,night;,midnight;,1,1,1,1,0.5,1,1,Eurasia,56,38,russ1263,rus,Slavic,RU,Indo-European,None,NA,SCCS54,Russians,russ1263,Eastern Europe,0-5%,0-5%,0-5%,26-35%,66-75%,1955,NA,NA,50000,1955,-1.313493394,-0.029258223,0.316670588,0.025,0.025,0.025,0.305,0.705,50000,Indo-European,56,38,50000
Serbian-Croatian,јутро;,подне;,поподне;,вече;,током дана;,ноћ;,поноћ;,jutro;,podne;,podne;,veče;,dnevno;,noć;,ponoć;,早晨;,中午;,下午;,晚上;,白天;,夜晚;,午夜;,morning;,noon;,afternoon;,evening;,during the day;,night;,midnight;,1,1,1,1,0.5,1,1,Eurasia,44,19,sout1528,hbs,Slavic,RS BA HR,NA,NA,NA,NA,Serbs,serb1264,Southeastern Europe,0-5%,0-5%,0-5%,36-45%,56-65%,1950,2200,1953,50000,1950,-1.249819275,0.666138049,0.152984961,0.025,0.025,0.025,0.405,0.605,50000,Indo-European,44,19,50000
Sinhala,උදෑසන;,0,දහවල්;,සවස;,දිවා කාලය;,රෑ;,මධ්‍යම රාත්‍රිය;,udǣsana;,dahaval;,dahaval;,savasa;,divā kālaya;,rǣ;,madhyama rātriya;,早晨;,0,下午;,晚上;,白天;,夜晚;,午夜;,Morning;,0,Afternoon;,Evening;,Daytime;,Night;,Midnight;,1,0,1,1,0.5,1,0.5,Eurasia,7,80.5,sinh1246,sin,Indic,LK,NA,NA,NA,Eh6,Sinhalese,sinh1246,Indian Subcontinent,0-5%,0-5%,6-15%,26-35%,56-65%,1950,2157000,1954,50000,1950,-0.829949412,0.066112944,-0.220475284,0.025,0.025,0.105,0.305,0.605,50000,Indo-European,7,80.5,50000
Spanish,mañana;,mediodía;,tarde;,noche;,tiempo de día;,noche;,medianoche;,NA,NA,NA,NA,NA,NA,NA,明天;,中午;,晚的;,晚上,白天;,晚上;,午夜;,morning;,noon;,NA,night;,daytime;,night;,midnight;,0.25,1,1,1,0.5,1,1,Eurasia,40,-4,stan1288,spa,Romance,ES,Indo-European,None,NA,Ce6,Spaniards,stan1288,Southwestern Europe,0-5%,0-5%,0-5%,26-35%,66-75%,1950,NA,NA,50000,1950,-1.313493394,-0.029258223,0.316670588,0.025,0.025,0.025,0.305,0.705,50000,Indo-European,40,-4,50000
Ukrainian,ранок;,полудень;,0,вечір;,протягом дня;,ніч;,опівночі;,ranok;,poludenʹ;,0,vechir;,protyahom dnya;,nich;,opivnochi;,早晨;,中午;,0,晚上;,白天;,夜晚;,在午夜；,morning;,noon;,0,evening;,during the day;,night;,midnight;,1,1,0,1,0.5,1,1,Eurasia,49,33,ukra1253,ukr,Slavic,UA,Indo-European,None,NA,NA,Ukrainians,east2270,Eastern Europe,0-5%,0-5%,6-15%,26-35%,56-65%,1930,NA,NA,50000,1930,-0.829949412,0.066112944,-0.220475284,0.025,0.025,0.105,0.305,0.605,50000,Indo-European,49,33,50000
Mandarin,上午；,中午；,下午；,晚上；晚间,白天；,夜晚［与白天相对，统称］；,半夜；,NA,NA,NA,NA,NA,NA,NA,NA,NA,NA,NA,NA,NA,NA,NA,NA,NA,NA,NA,NA,NA,1,1,1,1,1,1,1,Eurasia,34,110,mand1415,cmn,Chinese,CN,NA,NA,NA,NA,Shantung,mand1415,China,0-5%,0-5%,6-15%,16-25%,66-75%,1930,NA,NA,50000,1930,-0.893623531,-0.629283328,-0.056789657,0.025,0.025,0.105,0.205,0.705,50000,Sino-Tibetan,34,110,50000
Abkhaz,ашьыжь;,шьыбжьон;,шьыбжьон;,ахәылԥаз;,ҽынла;,аҵх;,ҵхабжьон;,ašʹyžʹ;,šʹybžʹon;,šʹybžʹon;,ahəylṕaz;,ƈynla;,ac̄h;,c̄habžʹon;,早晨;,下午;,下午;,晚上;,白天;,夜晚;,午夜;,morning;,noon;,noon;,evening;,daytime;,night;,midnight;,1,0.25,0.25,1,1,1,1,Eurasia,43.08333333,41,abkh1244,abk,Northwest Caucasian,GE,Abkhaz-Adyge,None,NA,Ci12,Abkhaz,abkh1244,Caucasus,6-15%,0-5%,0-5%,56-65%,26-35%,1880,NA,NA,200-399,1880,-0.529498065,2.32256281,0.209370155,0.105,0.025,0.025,0.605,0.305,200-399,Northwest Caucasian,43.08333333,41,299.5
Qafar(Afar),maaca;,laqo;,carra;,bara;,ayroh uddur;,bara;,barak gude;,NA,NA,NA,NA,NA,NA,NA,早晨;,中午;,下午;,晚上;,一天中的时间；,晚上;,午夜;,morning;,noon;,afternoon;,evening;,time of day;,evening;,midnight;,1,1,1,1,0,1,0.5,Africa,12,42,afar1241,aar,Lowland East Cushitic,ET ER DJ,NA,NA,NA,Ca6,Afar,afar1241,Northeast Tropical Africa,6-15%,0-5%,6-15%,76-85%,0-5%,1880,110000,1950,100-199,1880,0.037653175,3.76076553,-0.637430978,0.105,0.025,0.105,0.805,0.025,100-199,Afro-Asiatic,12,42,149.5
Amharic,ጠዋት፤,ቀትር;,ከሰአት፤,ምሽት፤,በቀን ውስጥ;,ለሊት፤,እኩለ ሌሊት;,t’ewati;,k’etiri;,kese’āti;,mishiti;,bek’eni wisit’i;,lelīti;,ikule lēlīti;,早晨;,中午;,下午;,晚上;,白天;,夜晚;,午夜;,Morning;,Noon;,Afternoon;,Evening;,During the day;,At night;,Midnight;,1,1,1,1,0.5,1,0.5,Africa,10,38,amha1245,amh,Semitic,ET,Afro-Asiatic,None,NA,Ca7,Amhara,amha1245,Northeast Tropical Africa,0-5%,0-5%,6-15%,26-35%,56-65%,1950,22000,1953,50000,1950,-0.829949412,0.066112944,-0.220475284,0.025,0.025,0.105,0.305,0.605,50000,Afro-Asiatic,10,38,50000
Balinese,semeng;,tengai tepet;,sanja;,peteng;,rikala rahina;,peteng;,tengah lemeng;,NA,NA,NA,NA,NA,NA,NA,早晨;,中午;,下午;,晚上;,白天;,晚上;,午夜;,morning;,noon;,afternoon;,evening;,during the day;,evening;,midnight;,1,0.5,1,0.25,0.5,0.25,0.5,Papunesia,-8.333333333,115.25,bali1278,ban,Malayo-Sumbawan,ID,NA,NA,NA,Ib3,Balinese,bali1278,Malesia,0-5%,0-5%,0-5%,26-35%,66-75%,1950,1000000,1959,200-399,1950,-1.313493394,-0.029258223,0.316670588,0.025,0.025,0.025,0.305,0.705,200-399,Austronesian,-8.333333333,115.25,299.5
Balochi,سُہب؛,نیمروچ؛,نیمروچ؛,بیگاہ؛,روش ئے وختا,شپ؛,شپ نیم؛,sohb;,némróch;,némróch;,bégáh;,rósh ay wktá,shap;,shap ném;,早晨;,下午;,下午;,晚上;,白天。,夜晚;,午夜;,morning;,afternoon;,afternoon;,evening;,during the day.,night;,midnight;,1,0.25,0.25,1,0.5,1,0.5,Eurasia,28,62,west2368,bgn,Iranian,NA,PK AF IR,NA,NA,Ea10,Marri,east2304,Indian Subcontinent,6-15%,0-5%,0-5%,46-55%,36-45%,1950,60000,1955,50,1950,-0.593172184,1.627166538,0.373055782,0.105,0.025,0.025,0.505,0.405,50,Indo-European,28,62,50
Bashkir,иртә;,төш;,төштән һуң;,кис;,көндөҙ;,төн;,төн уртаһы;,irtə;,töš;,töštən ḫuň;,kis;,köndöz̦;,tön;,tön urtaḫy;,早期的;,梦;,下午;,晚上;,白天;,夜晚;,午夜;,early;,dream;,afternoon;,evening;,during the day;,night;,midnight;,0.25,0.25,0.5,1,1,1,0.5,Eurasia,53,58,bash1264,bak,Turkic,RU,Turkic,None,NA,ch12,Bashkir,bash1264,Eastern Europe,0-5%,0-5%,0-5%,46-55%,46-55%,1899,1320000,1897,50000,1899,-1.186145156,1.361534321,-0.010700666,0.025,0.025,0.025,0.505,0.505,50000,Altaic,53,58,50000
Belarusian,раніца;,поўдзень;,пасля абеду;,вечар;,дзённы;,ноч;,поўнач;,ranica;,poŭdzień;,paslia abiedu;,viečar;,dzionny;,noč;,poŭnač;,早晨;,南;,晚饭后；,晚上;,白天;,夜晚;,午夜;,morning;,noon;,afternoon;,evening;,daytime;,night;,midnight;,1,0.25,0,1,1,1,1,Eurasia,53.23,25.6,bela1254,NA,NA,NA,Indo-European,None,NA,NA,Byelorussians,bela1254,Eastern Europe,0-5%,0-5%,6-15%,26-35%,56-65%,1910,NA,NA,5000-50000,1910,-0.829949412,0.066112944,-0.220475284,0.025,0.025,0.105,0.305,0.605,5000-50000,Indo-European,53.23,25.6,27500
Bambara,sɔgɔma;,midi;,wula;,su;,tile fɛ;,su;,dugutila;,NA,NA,NA,NA,NA,NA,NA,早晨;,中午;,下午;,晚上;,在白天；,晚上;,午夜;,morning;,noon;,afternoon;,evening;,during the daytime;,evening;,midnight;,1,1,1,0.25,0.5,0.25,1,Africa,12.5,-7.5,bamb1269,bam,Western Mande,ML,Mande,None,NA,NA,Bambara,bamb1269,West Tropical Africa,16-25%,0-5%,6-15%,16-25%,46-55%,1920,500000,1902,5000-50000,1920,0.385889431,-0.091562077,0.828807344,0.205,0.025,0.105,0.205,0.505,5000-50000,Niger-Congo,12.5,-7.5,27500
Bhojpuri,भोर;,दुपहरिया;,दुपहरिया बाद;,सांझि;,दिन के समय में;,रात;,आधी रात;,bhor;,duphriya;,duphriya bad;,sanjhi;,din ke smy men;,rat;,adhi rat;,早晨;,中午;,下午;,晚上;,在白天；,夜晚;,午夜;,morning;,noon;,afternoon;,evening;,during the daytime;,night;,midnight;,1,1,0.5,1,0.5,1,0.5,Eurasia,26,84,bhoj1244,bho,Indic,IN,NA,NA,NA,Ef11,Uttar Pradesh,bhoj1244,Indian Subcontinent,0-5%,0-5%,0-5%,16-25%,76-85%,1945,1400,1941,50000,1945,-1.377167513,-0.724654495,0.480356215,0.025,0.025,0.025,0.205,0.805,50000,Indo-European,26,84,50000
Burmese,နံနက်;,နေ့လယ်;,မွန်းလွဲပိုင်း;,ညနေ;,နေ့ဘက်;,ည;,သန်းခေါင်ယံ;,nannaat;,naelaal;,mwannlwalpine;,nyanay;,nae bhaat;,ny;,saannhkaungyan;,早晨;,下午;,下午;,晚上;,白天;,夜晚;,午夜;,Morning;,Noon;,Afternoon;,Evening;,Daytime;,Night;,Midnight;,1,1,1,1,1,1,1,Eurasia,21,96,nucl1310,mya,Burmese-Lolo,MM,NA,NA,NA,Ei3,Burmese,nucl1310,Indo-China,0-5%,0-5%,0-5%,16-25%,76-85%,1950,NA,NA,50000,1950,-1.377167513,-0.724654495,0.480356215,0.025,0.025,0.025,0.205,0.805,50000,Sino-Tibetan,21,96,50000
Canadian,leebi;,shwane;,shwane;,gbɛkɛ;,yɛ gbi lɛ mli;,gbɛkɛ;,maŋkɛ;,NA,NA,NA,NA,NA,NA,NA,早晨;,下午;,下午;,晚上;,白天;,晚上;,午夜;,morning;,afternoon;,afternoon;,evening;,during the day;,evening;,midnight;,1,0.25,0.25,0.25,0.5,0.25,1,NA,NA,NA,NA,NA,NA,NA,NA,NA,NA,NA,NA,NA,NA,None,NA,NA,NA,NA,NA,NA,NA,NA,NA,-0.893623531,-0.629283328,-0.056789657,0.025,0.025,0.105,0.205,0.705,50000,Indo-European,47,-72,50000
Cebuano,buntag;,udto;,hapon;,gabii;,adlaw;,gabii;,tungang gabii;,NA,NA,NA,NA,NA,NA,NA,早晨;,中午;,下午;,夜晚;,天;,夜晚;,午夜;,morning;,noon;,afternoon;,night;,day;,night;,midnight;,1,1,1,0.25,0,0.25,0.5,Papunesia,10,124,cebu1242,ceb,Greater Central Philippine,PH,NA,NA,NA,Ia12,Sugbuanon,cebu1242,Malesia,0-5%,0-5%,16-25%,6-15%,66-75%,1950,2225000,1950,50000,1964,-0.407543899,-1.26541688,-0.542391378,0.025,0.025,0.205,0.105,0.705,50000,Austronesian,10,124,50000
Chamorro,oga'an;,talu'ani;,talu'ani;,pupuengi;,gi diha;,puengi;,tatalu puengi;,NA,NA,NA,NA,NA,NA,NA,早晨;,下午;,下午;,晚上;,白天;,夜晚;,午夜;,morning;,afternoon;,afternoon;,evening;,during the day;,night;,midnight;,1,0.25,0.25,1,0.5,1,0.5,Papunesia,13.45,144.75,cham1312,cha,Chamorro,NA,cha,NA,NA,If8,Chamorro,cham1312,Northwestern Pacific,0-5%,0-5%,6-15%,16-25%,66-75%,1950,3850,1950,400-1000,1950,-0.893623531,-0.629283328,-0.056789657,0.025,0.025,0.105,0.205,0.705,400-1000,Austronesian,13.45,144.75,700
Chichewa,m'mawa;,0,masana;,madzulo;,masana;,usiku;,pakati pausiku;,NA,NA,NA,NA,NA,NA,NA,在早晨;,0,下午;,晚上;,下午;,晚上;,午夜;,morning;,0,noon;,evening;,afternoon;,night;,midnight;,1,0,0.25,1,0.25,1,0.5,Africa,-14,34,nyan1308,nya,Bantu,MZ MW ZM ZW,NA,NA,NA,NA,Chewa,chew1246,South Tropical Africa,6-15%,16-25%,6-15%,6-15%,46-55%,1920,750000,1955,100-199,1920,1.082471646,-0.408564196,0.690253319,0.105,0.205,0.105,0.105,0.505,100-199,Niger-Congo,-14,34,149.5
Chuukese,nesossor;,neonowas;,esopw ran;,nekunion;,atun ewe rán;,pwiin;,nukenipwin;,NA,NA,NA,NA,NA,NA,NA,早晨;,中午;,下午;,晚上;,白天;,夜晚;,午夜;,morning;,noon;,afternoon;,evening;,during the day;,night;,midnight;,1,1,0.5,1,0.5,1,1,Papunesia,7.333333333,151.75,chuu1238,chk,Oceanic,FM,Austronesian,None,NA,If2,Trukese,chuu1238,Northwestern Pacific,0-5%,0-5%,46-55%,0-5%,46-55%,1940,10000,1947,100-199,1940,1.147037081,-1.691906726,-2.341588929,0.025,0.025,0.505,0.025,0.505,100-199,Austronesian,7.333333333,151.75,149.5
Chuvash,ир;,кантӑрла;,кун;,каç;,в течение дня;;,каç;,çур çӗр;,ir;,kantărla;,kun;,kaç;,v tečenie dnâ;;,kaç;,çur çĕr;,早期的;,中午;,下午;,夜晚;,白天;;,夜晚;,午夜;,early;,noon;,afternoon;,night;,during the day;;,night;,midnight;,0.25,1,1,0.25,0.5,0.25,1,Eurasia,55.5,47.5,chuv1255,chv,Turkic,RU,Turkic,None,NA,ch14,Chuvash,chuv1255,Eastern Europe,0-5%,0-5%,0-5%,6-15%,86-100%,1908,845000,1897,200-399,1908,-1.495517858,-1.480002005,0.666186833,0.025,0.025,0.025,0.105,0.93,200-399,Altaic,55.5,47.5,299.5
Dinka,Akɔ̈l;,Ɣɔ̈ɔ̈r;,gëëŋ;,aköl lɔ̈ŋ;,në akɔ̈lic;,waköu;,wëëric;,NA,NA,NA,NA,NA,NA,NA,早晨;,中午;,下午;,晚上;,下午;,夜晚;,午夜;,Morning;,Noon;,afternoon;,evening;,in the afternoon;,night;,midnight;,1,1,1,0.5,0.25,1,1,Africa,8.5,28,dink1262,din,Western Nilotic,SS,NA,NA,NA,Aj11,Dinka,sout2832,Northeast Tropical Africa,0-5%,6-15%,6-15%,46-55%,26-35%,1900,500000,NA,1952,NA,-0.03528004,1.772654121,-0.468977245,0.025,0.105,0.105,0.505,0.305,1952,Nilo-Saharan,8.5,28,1952
Dogri,बड़ला;,दपैह्‌र;,दपैहर;,तरकालां;रात;,दिन दा वक्त;,रात;,अद्धी रात;,badla;,dpaihr;,dpaihar;,raat;,din da vakt;,raat;,addhi raat;,早晨;,中午;,下午;,夜晚;,一天中的时间；,夜晚;,午夜;,morning;,noon;,afternoon;,night;,the time of day;,night;,midnight;,0.25,1,1,1,0,1,1,Eurasia,33,75,dogr1250,dgo,Indic,IN,dgo,NA,NA,Na15,Tlicho,dogr1252,Subarctic,16-25%,26-35%,46-55%,0-5%,0-5%,1860,900,NA,1959,NA,4.609080576,-0.216928725,-1.117943429,0.205,0.305,0.505,0.025,0.025,1959,Indo-European,33,75,1959
Ewe,ŋdi;,ŋdɔ;,ŋdᴐ;,fiɛ̃;,ŋkeke me;,zã;,zã titina;,NA,NA,NA,NA,NA,NA,NA,早上好;,中午;,下午好;,花费;,白天;,花费;,午夜;,good morning;,noon;,good afternoon;,good evening;,during the day;,spend;,midnight;,1,1,1,1,0.5,1,0.5,Africa,6.333333333,0.416666667,ewee1241,ewe,Gbe,TG GH,NA,NA,NA,Ewe,aguu1242,Agu (Ewe),NA,0-5%,6-15%,16-25%,6-15%,56-65%,1900,700000,NA,1948,NA,0.259777235,-0.949668246,-0.463522085,0.025,0.105,0.205,0.105,0.605,1948,Niger-Congo,6.333333333,0.416666667,1948
Estonian,hommikul;,keskpäeval;,pärastlõunal;,õhtu;,päeval;,öö;,südaöö;,NA,NA,NA,NA,NA,NA,NA,在早晨;,中午；,下午;,晚上;,白天;,夜晚;,午夜;,morning;,noon;,afternoon;,evening;,day;,night;,midnight;,1,1,1,1,1,1,1,Eurasia,59,26,esto1258,ekk,Finnic,EE,Uralic,None,NA,ch16,Estonians,esto1258,Eastern Europe,0-5%,0-5%,6-15%,26-35%,56-65%,1908,350000,1897,50000,1908,-0.829949412,0.066112944,-0.220475284,0.025,0.025,0.105,0.305,0.605,50000,Uralic,59,26,50000
Fijian,Mataka;,Ena sigalevu tutu;,Yakavi;,Yakavi;,ena loma ni siga;,bogi,Lomaloma ni bogi;,NA,NA,NA,NA,NA,NA,NA,明天;,中午；,晚上;,晚上;,在中午；,夜晚,午夜;,Tomorrow;,At noon;,Evening;,Evening;,in the middle of the day;,night,Midnight;,0.25,0.5,0.25,0.25,0.5,1,0.5,Papunesia,-17.83333333,178,fiji1243,fij,Oceanic,FJ,NA,NA,NA,Ih14,Mbau Fijians,bauu1243,Southwestern Pacific,6-15%,0-5%,46-55%,0-5%,36-45%,1840,NA,NA,1000-5000,1840,1.740010053,-1.426274509,-1.95783248,0.105,0.025,0.505,0.025,0.405,1000-5000,Austronesian,-17.83333333,178,3000
Fongbe,zanzan;,zanzan;,gbadanu;,gbadanu;,kéze mɛ;,zǎn;,zanzan;,NA,NA,NA,NA,NA,NA,NA,早晨;,早晨;,晚上;,晚上;,白天;,使用;,早晨;,morning;,morning;,evening;,evening;,during the day;,use;,morning;,0.25,0.25,0.25,0.25,0.5,1,0.25,Africa,6.416666667,2.166666667,fonn1241,fon,Gbe,BJ,NA,NA,NA,Af1,Fon,fonn1241,West Tropical Africa,0-5%,16-25%,6-15%,16-25%,46-55%,1890,25000,NA,5000-50000,1890,0.553172793,0.021199859,0.142811243,0.025,0.205,0.105,0.205,0.505,5000-50000,Niger-Congo,6.416666667,2.166666667,27500
Hausa,safiya;,tsakar rana;,maraice;,maraice;,a cikin yini;,dare;,tsakar dare;,NA,NA,NA,NA,NA,NA,NA,早晨;,中午;,晚上;,晚上;,白天;,夜晚;,午夜;,morning;,noon;,evening;,evening;,during the day;,night;,midnight;,1,0.5,0.25,0.25,0.5,1,0.5,Africa,12,7,haus1257,hau,West Chadic,NG NE,Afro-Asiatic,None,NA,Cb26,Zazzagawa Hausa,haus1257,West Tropical Africa,6-15%,0-5%,0-5%,26-35%,56-65%,1950,260000,1948,50000,NA,-0.720520422,0.236373994,0.700427036,0.105,0.025,0.025,0.305,0.605,50000,Afro-Asiatic,12,7,50000
Hebrew,שַׁחַר;,צָהֳרַיִים,צָהֳרַיִים,עֶרֶב,שְׁעוֹת הַיוֹם;,לַיְלָה;,חֲצוֹת;,shoachar;,tzahora'im;,tzahora'im;,erev;,shem'ot hayom;,laila;,hazot;,黎明;,中午,中午,晚上,白天;,夜晚;,午夜;,Morning;,Afternoon,Afternoon,Evening,Hours of the day;,Night;,Midnight;,1,0.25,0.25,1,0.5,1,1,Eurasia,31.5,34.83333333,hebr1245,heb,Semitic,IL,NA,NA,NA,NA,NA,NA,NA,0-5%,16-25%,6-15%,26-35%,36-45%,NA,NA,NA,5000-50000,NA,0.616846912,0.716596131,-0.020874384,0.025,0.205,0.105,0.305,0.405,5000-50000,Afro-Asiatic,31.5,34.83333333,27500
Hungarian,reggel;,dél;,délután;,este;,napközben;;,éjszaka;,éjfél;,NA,NA,NA,NA,NA,NA,NA,早晨;,南;,下午;,晚上;,白天;;,夜晚;,午夜;,morning;,noon;,afternoon;,evening;,during the day;;,night;,midnight;,1,1,1,1,1,1,1,Eurasia,47,20,hung1274,hun,Ugric,HU,Uralic,None,NA,Ch8,Magyar,hung1274,Middle Europe,0-5%,0-5%,6-15%,16-25%,66-75%,1940,9400000,1950,50000,NA,-0.893623531,-0.629283328,-0.056789657,0.025,0.025,0.105,0.205,0.705,50000,Uralic,47,20,50000
Igbo,ụtụtụ;,ehihie;,ehihie;,mgbede;,ụbọchị;,abalị;,etiti abalị;,NA,NA,NA,NA,NA,NA,NA,早晨;,下午;,下午;,晚上;,日期;,夜晚;,午夜;,morning;,afternoon;,afternoon;,evening;,day;,night;,midnight;,1,0.25,0.25,1,0,1,0.5,Africa,6,7.333333333,nucl1417,ibo,Igboid,NG,Atlantic-Congo,None,NA,Af10,Igbo,nucl1417,West Tropical Africa,0-5%,0-5%,0-5%,6-15%,86-100%,1930,4000000,1929,400-1000,1930,-1.495517858,-1.480002005,0.666186833,0.025,0.025,0.025,0.105,0.93,400-1000,Niger-Congo,6,7.333333333,700
Inuktitut,Ullaakut;,Qitigartuq ullukut;,Ullukut;,Unnuksaq;,Ullukkut;,Unnuakut;,Qitigartuq unnuakut;,NA,NA,NA,NA,NA,NA,NA,早晨;,中午;,下午;,晚上;,再會;,夜晚;,午夜;,Morning;,Noon;,Afternoon;,Evening;,Good day;,Night;,Midnight;,1,0.5,1,1,0,1,0.5,North America,62,-76,east2534,ike,Eskimo,NA,NA,NA,NA,Na13,Nunatsiarmiut,baff1240,Subarctic America,0-5%,46-55%,46-55%,0-5%,0-5%,1880,NA,NA,50,1880,4.888517995,-0.085180869,-1.762077216,0.025,0.505,0.505,0.025,0.025,50,Eskimo-Aleut,62,-76,50
Japanese,朝;,正午;,午後;,夕方;,昼間;,夜;,夜中;,NA,NA,NA,NA,NA,NA,NA,早晨;,中午;,下午;,晚上;,白天;,夜晚;,在夜间；,morning;,midday;,afternoon;,evening;,daytime;,night;,midnight;,1,1,1,1,1,1,1,Eurasia,37,140,nucl1643,jpn,Japanese,JP,NA,NA,NA,Ed5,Japanese,nucl1643,Eastern Asia,0-5%,0-5%,0-5%,6-15%,86-100%,NA,80000000,NA,50000,1950,-1.495517858,-1.480002005,0.666186833,0.025,0.025,0.025,0.105,0.93,50000,Uralic,37,140,50000
Javanese,esuk;,awan;,sore;,sore;,ing wayah awan;,wengi;,tengah wengi;,NA,NA,NA,NA,NA,NA,NA,早晨;,中午;,晚上;,晚上;,中午；,夜晚;,午夜;,morning;,noon;,evening;,evening;,at noon;,night;,midnight;,1,0.25,1,1,0.25,1,0.5,NA,-7,110,NA,NA,NA,NA,NA,NA,NA,Ib2,Javanese,java1254,Malesia,0-5%,0-5%,0-5%,16-25%,76-85%,1950,24000,1952,5000-50000,1950,-1.377167513,-0.724654495,0.480356215,0.025,0.025,0.025,0.205,0.805,5000-50000,Austronesian,-7,111,27500
Jingpho,jahpawt manap;,shani ka ang;,shani ka ang;,shana daw;,shani aten;,shana;,yup tung;,tɕə31pʰot31to31‧,ɕə31ni55ɕə31toŋ33‧,ɕə31naʔ55teʔ31to31‧,n33ʒim33‧,ɕə31ni55‧,ɕə31naʔ55‧,jup31tu̱ŋ33‧,,,,,,,,,,,,,,,0.5,0.25,0.25,0.5,0,1,0.5,Eurasia,25.41666667,97,kach1280,kac,Brahmaputran,,,,,Ei5,Kachin,kach1280,Indo-China,6-15%,6-15%,0-5%,16-25%,56-65%,1940,300000,1901,100-199,1901,-0.116873408,-0.143273645,0.942981956,0.105,0.105,0.025,0.205,0.605,100-199,Sino-Tibetan,26,97,149.5
Kazakh,таңертең;,түскі;,түстен кейін;,кешке;,күндізгі;,түн;,түн ортасы;,NA,NA,NA,NA,NA,NA,NA,在早晨;,午餐;,下午;,晚上;,白天;,夜晚;,午夜;,morning;,noon;,afternoon;,evening;,daytime;,night;,midnight;,1,1,0.5,1,1,1,0.5,Eurasia,50,70,kaza1248,kaz,Turkic,KZ,Turkic,None,NA,Eb1,Kazakh,kaza1248,Middle Asia,0-5%,6-15%,0-5%,76-85%,6-15%,1910,NA,NA,50-99,1910,-0.327801665,3.76347177,-0.422888255,0.025,0.105,0.025,0.805,0.105,50-99,Altaic,50,70,74.5
Kanuri,suwa;,duwar;,kausu;,kajiri;,loktu kawusuwaben;,bənye;,dərtə;,NA,NA,NA,NA,NA,NA,NA,是;,中午;,下午;,晚上;,在晚上；,夜晚;,午夜;,am;,noon;,afternoon;,evening;,during the evening;,night;,midnight;,0.25,1,1,1,0,1,1,Africa,12,13,cent2050,knc,Western Saharan,NG TD NE SD,Saharan,None,NA,Cb19,Kanuri,cent2050,West Tropical Africa,6-15%,0-5%,6-15%,16-25%,56-65%,1870,750000,1952,5000-50000,1870,-0.300650559,-0.363651111,0.326966792,0.105,0.025,0.105,0.205,0.605,5000-50000,Nilo-Saharan,12,13,27500
Khasi,mynstep;,shiteng sngi;,nohphai sngi;,janmiet;,ha ka por sngi;,meit;,shiteng miet;,NA,NA,NA,NA,NA,NA,NA,早晨;,中午;,下午;,晚上;,在白天；,夜晚;,午夜;,morning;,noon;,afternoon;,evening;,in the daytime;,night;,midnight;,1,0.5,0.5,1,0.5,1,0.5,Eurasia,25.5,92,khas1269,kha,Khasian,IN,Austroasiatic,None,NA,Ei8,Khasi,khas1269,Indian Subcontinent,6-15%,6-15%,6-15%,16-25%,46-55%,1900,175000,1901,50-99,1900,0.366670575,-0.047902478,0.405836085,0.105,0.105,0.105,0.205,0.505,50-99,Austroasiatic,25.5,92,74.5
Khmer,ព្រឹក;,ថ្ងៃត្រង់,រសៀល;,ពេលល្ងាច;,ក្នុងអំឡុងពេលថ្ងៃ;,យប់;,កណ្តាលអធ្រាត្រ;,pruk;,thngaitrang,rsiel;,pelolngeach;,knongamlongpel thngai;,yb;,k nta l athreatr;,早晨;,中午,下午;,晚上;,白天;,夜晚;,午夜;,Morning;,Noon,Afternoon;,Evening;,During the day;,Night;,Midnight;,1,1,1,1,0.5,1,1,Eurasia,12.5,105,cent1989,khm,Khmer,KH,NA,NA,NA,Ej15,Ancient Khmer,oldk1249,Indo-China,6-15%,0-5%,16-25%,6-15%,56-65%,NA,3500000,1950,50000,NA,0.185429074,-0.999784662,-0.158634929,0.105,0.025,0.205,0.105,0.605,50000,Austroasiatic,12.5,105,50000
Kinyarwanda,mu gitondo;,saa sita;,nyuma ya saa sita;,nimugoroba;,ku manywa;,ijoro;,mu gicuku;,NA,NA,NA,NA,NA,NA,NA,在早晨;,中午;,下午;,晚上;,白天;,夜晚;,在午夜；,in the morning;,at noon;,in the afternoon;,in the evening;,during the day;,at night;,at midnight;,0.5,0.5,0.5,1,0.5,1,0.5,Africa,-2,30,kiny1244,kin,Bantu,RW,NA,NA,NA,Ae10,Banyaruanda,kiny1244,West-Central Tropical Africa,0-5%,6-15%,0-5%,26-35%,56-65%,1910,2133000,1952,100-199,1910,-0.646172261,0.28649041,0.395539881,0.025,0.105,0.025,0.305,0.605,100-199,Niger-Congo,-2,30,149.5
Korean,아침;,정오;,오후;,저녁;,낮 동안;,밤;,자정;,NA,NA,NA,NA,NA,NA,NA,早晨;,中午;,下午;,晚餐;,白天;,夜晚;,午夜;,Morning;,Noon;,Afternoon;,Evening;,During the day;,Night;,Midnight;,1,1,1,1,0.5,1,1,Eurasia,37.5,128,kore1280,kor,Korean,KR KP,NA,NA,NA,Ed1,Koreans,kore1280,Eastern Asia,0-5%,0-5%,16-25%,16-25%,56-65%,NA,200,1947,50000,1950,-0.343869779,-0.570020608,-0.706077005,0.025,0.025,0.205,0.205,0.605,50000,Uralic,37.5,128,50000
Latin,mane;,meridies;,meridiem;,vesperi;,interdiu;,nocte;,media nocte;,NA,NA,NA,NA,NA,NA,NA,早晨;,中午;,南;,晚上;,白天;,晚上;,午夜;,morning;,noon;,noon;,evening;,daytime;,night;,midnight;,1,1,1,1,1,1,0.5,NA,41.9,12.45,lati1261,NA,NA,NA,NA,NA,NA,Ce3,Ancient Romans,lati1261,Southeastern Europe,0-5%,0-5%,16-25%,16-25%,56-65%,NA,NA,NA,50000,100,-0.343869779,-0.570020608,-0.706077005,0.025,0.025,0.205,0.205,0.605,50000,Indo-European,41.9,12.45,50000
Latgale,reits;,pušdiņlaiks;,piecpušdine;,vokors;,dīnys laikā;,nakts;,pušnakts;,NA,NA,NA,NA,NA,NA,NA,早晨;,中午;,下午;,晚上;,白天;,夜晚;,午夜;,morning;,noon;,afternoon;,evening;,during the day;,night;,midnight;,1,1,1,1,0.5,1,1,Eurasia,57,24,latv1249,lav,Baltic,LV,lav,NA,NA,ch21,Latvians,latv1249,Eastern Europe,0-5%,0-5%,6-15%,16-25%,66-75%,1881,1312000,1897,50000,NA,-0.893623531,-0.629283328,-0.056789657,0.025,0.025,0.105,0.205,0.705,50000,Indo-European,57,24,50000
Lingala,ntongo;,midi;,nsima ya nzanga;,mpokwa;,na moi;,butu;,midi ya butu;,NA,NA,NA,NA,NA,NA,NA,早晨;,中午;,下午;,晚上;,在阳光下；,夜晚;,午夜;,morning;,noon;,afternoon;,evening;,in the sun;,night;,midnight;,1,1,0.5,1,0,1,0.5,Africa,2,18.5,ling1263,lin,Bantu,CD,NA,NA,NA,Ae28,Ngala,ling1263,West-Central Tropical Africa,0-5%,6-15%,36-45%,6-15%,36-45%,1900,125000,1950,200-399,1900,1.359284738,-0.831142805,-1.762096782,0.025,0.105,0.405,0.105,0.405,200-399,Niger-Congo,2,18.5,299.5
Luo,okinyi;,onyango;,onyango;,odhiambo;,ei odiechieng',otieno;,chuny otieno;,NA,NA,NA,NA,NA,NA,NA,早晨;,下午;,下午;,晚上;,白天,夜晚;,午夜;,morning;,afternoon;,afternoon;,evening;,during the day,night;,midnight;,1,0.25,0.25,1,0.5,1,0.5,Africa,-0.5,34.75,luok1236,luo,Western Nilotic,KE TZ,NA,NA,NA,Aj6,Luo,luok1236,East Tropical Africa,0-5%,6-15%,6-15%,16-25%,56-65%,1940,800000,1947,100-199,1940,-0.226302398,-0.313534695,0.022079636,0.025,0.105,0.105,0.205,0.605,100-199,Nilo-Saharan,-0.5,34.75,149.5
Luganda,ku makya;,ttuntu;,mu tuntu;,akawawungeezi;,emisana;,ekiro;,matumbi budde;,NA,NA,NA,NA,NA,NA,NA,早晨;,中午;,下午;,晚上;,白天;,夜晚;,午夜;,morning;,noon;,afternoon;,evening;,during the day;,night;,midnight;,0.5,1,0.5,1,1,1,0.5,Africa,0.5,32.16666667,gand1255,lug,Bantu,UG,NA,NA,NA,Ad7,Ganda,gand1255,East Tropical Africa,0-5%,6-15%,6-15%,6-15%,66-75%,1880,600000,1900,5000-50000,1880,-0.289976517,-1.008930967,0.185765263,0.025,0.105,0.105,0.105,0.705,5000-50000,Niger-Congo,0.5,32.16666667,27500
Malayalam,രാവിലെ;,0,ഉച്ചകഴിഞ്ഞ്;,വൈകുന്നേരം;,പകൽ സമയം;,രാത്രി;,അർദ്ധരാത്രി;,ravile;,uchaykku;,uchakazhinju;,raathri;,pakal samayam;,raathri;,ardharaathri;,早晨;,0,下午;,晚上;,白天;,夜晚;,午夜;,Morning;,0,Afternoon;,Evening;,Daytime;,Night;,Midnight;,1,0,1,1,0.5,1,1,Eurasia,10,76.5,mala1464,mal,Dravidian,IN,Dravidian,None,NA,Eg6,Kerala,mala1464,Indian Subcontinent,0-5%,0-5%,6-15%,26-35%,56-65%,1799,NA,NA,50000,1799,-0.829949412,0.066112944,-0.220475284,0.025,0.025,0.105,0.305,0.605,50000,Dravidian,10,76.5,50000
Mam,nchi´j;,chilka qij;,q'ale;,aq'b'il;,toj q´ij;,aq'b'il;,tkuj aq´b´il;,NA,NA,NA,NA,NA,NA,NA,早晨;,中午;,下午;,晚上;,希望;,晚上;,午夜;,morning;,noon;,afternoon;,evening;,hope;,evening;,midnight;,1,0.5,1,0.25,0,0.25,0.5,North America,15,-91.83333333,mamm1241,mam,Mayan,GT,NA,NA,NA,Sa8,Mam,mamm1241,Central America,0-5%,0-5%,0-5%,6-15%,86-100%,1930,1000-5000,1930,1300,1937,-1.495517858,-1.480002005,0.666186833,0.025,0.025,0.025,0.105,0.93,1300,Mayan,15,-91.83333333,1300
Maori,ata;,poupoutanga;,ahiahi;,ahiahi;,awatea;,po;,waenganui po;,NA,NA,NA,NA,NA,NA,NA,早晨;,中午;,晚上;,晚上;,白天;,夜晚;,午夜;,morning;,noon;,afternoon;,evening;,daytime;,night;,midnight;,1,1,0.25,0.25,1,1,0.5,Papunesia,-40,176,maor1246,mri,Oceanic,NZ,Austronesian,None,NA,Ij2,Māori,maor1246,New Zealand,26-35%,6-15%,16-25%,0-5%,36-45%,1820,42100,1896,200-399,1820,2.13114991,-0.74413597,1.072579961,0.305,0.105,0.205,0.025,0.405,200-399,Austronesian,-40,176,299.5
Mongolian,өглөө;,үд дунд;,үдээс хойш;,орой;,өдрийн цагаар;,шөнө;,шөнө дунд;,öglöö;,üd dund;,üdees khoish;,shönö;,ödriin tsagaar;,shönö;,shönö dund;,早晨;,中午；,下午;,晚上;,白天;,夜晚;,午夜;,morning;,noon;,afternoon;,evening;,daytime;,night;,midnight;,1,1,0.5,1,0.5,1,0.5,NA,48.324,106.289,halh1238,NA,NA,NA,NA,NA,NA,Eb3,Khalka,halh1238,Mongolia,0-5%,6-15%,0-5%,76-85%,6-15%,1940,NA,NA,50,1940,-0.327801665,3.76347177,-0.422888255,0.025,0.105,0.025,0.805,0.105,50,Altaic,48.324,106.289,50
Miao,sawv ntxov;,0,tav su;,yav tsaus ntuj;,nruab hnub;,hmo ntuj;,ib tag hmo;,NA,NA,NA,NA,NA,NA,NA,早晨;,0,下午;,晚上;,白天;,夜晚;,午夜;,morning;,afternoon;,afternoon;,night;,daytime;,nighttime;,midnight;,1,0,1,1,1,1,1,Eurasia,26,105,hmon1333,mww,Hmongic,CN VN,NA,NA,NA,Ed4,Miao,horn1235,China,0-5%,6-15%,6-15%,16-25%,56-65%,1940,2500000,1954,100-199,1940,-0.226302398,-0.313534695,0.022079636,0.025,0.105,0.105,0.205,0.605,100-199,Sino-Tibetan,26,105,149.5
Nahuatl (Eastern Huasteca),mostla;,tlajkotonal;,tiotlak;,tlayoua;,tonali;,tlayoua;,tlakoyoual;,NA,NA,NA,NA,NA,NA,NA,明天;,中午;,下午;,晚上;,时期;,晚上;,午夜;,tomorrow;,noon;,afternoon;,evening;,period;,evening;,midnight;,0.25,1,1,0.25,0,0.25,1,North America,22,-99,huas1257,nhe nhw,Aztecan,MX,NA,NA,NA,NA,NA,NA,NA,0-5%,6-15%,6-15%,6-15%,66-75%,1520,300000,1520,50000,1520,-0.289976517,-1.008930967,0.185765263,0.025,0.105,0.105,0.105,0.705,50000,Uto-Aztecan,22,-99,50000
Ndebele (Southern) Northern Ndebele,ekuseni;,emini;,ngemva kwedina;,ubusuku;,emini;,ubusuku;,phakathi kobusuku;,NA,NA,NA,NA,NA,NA,NA,早期的;,中午;,下午;,晚上;,中午;,晚上;,午夜;,early;,noon;,afternoon;,evening;,noon;,evening;,midnight;,0.25,0.25,0.5,0.25,0.25,0.25,0.5,Africa,-25.33333333,29,nort2795,nde,Bantu,ZA,NA,NA,NA,Ab9,Ndebele,nort2795,South Tropical Africa,0-5%,6-15%,0-5%,36-45%,46-55%,1870,300000,1948,5000-50000,1870,-0.582498142,0.981886682,0.231854253,0.025,0.105,0.025,0.405,0.505,5000-50000,Niger-Congo,-25.33333333,29,27500
Sotho (Northern),mesong;,mosegare;,mathapama;,mantšiboa;,mosegare;,bošego;,bošegogare;,NA,NA,NA,NA,NA,NA,NA,早晨;,中午;,下午;,晚上;,中午;,夜晚;,午夜;,morning;,noon;,afternoon;,evening;,noon;,night;,midnight;,1,0.25,1,1,0.25,1,1,Africa,-24,29,pedi1238,nso,Bantu,ZA,NA,NA,NA,NA,NA,NA,NA,None,NA,NA,NA,NA,NA,NA,NA,NA,NA,-0.646172261,0.28649041,0.395539881,0.025,0.105,0.025,0.305,0.605,200-399,Niger-Congo,-24,29,299.5
Southern Sotho,hoseng;,mots'ehare;,thapama;,mantsiboea;,motsheare;,bosiu;,khitla;,NA,NA,NA,NA,NA,NA,NA,早晨;,中午;,下午;,晚上;,白天;,夜晚;,午夜;,morning;,noon;,afternoon;,evening;,noon;,night;,midnight;,1,1,1,1,1,1,1,Africa,-28,27,sout2807,sot,Bantu,LS ZA,NA,NA,NA,Ab8,Sotho,sout2807,Southern Africa,6-15%,6-15%,0-5%,26-35%,46-55%,1860,900000,1953,200-399,1860,-0.053199289,0.552122627,0.779296329,0.105,0.105,0.025,0.305,0.505,200-399,Niger-Congo,-28,27,299.5
Oriya,ସକାଳ;,ମଧ୍ୟାହ୍ନ;,ଅପରାହ୍ନ;,ସନ୍ଧ୍ୟା ;,ଦିନକାଳ;,ରାତି ;,ମଧ୍ୟରାତ୍ରି;,sakala;,madhyana;,aparana;,rati ;,dinakala;,rati ;,madhyaratri;,NA,NA,NA,NA,NA,NA,NA,Morning;,Noon;,Afternoon;,Evening;,Daytime;,Night;,Midnight;,1,1,1,1,1,1,1,Eurasia,21,85,oriy1255,ory,Indic,IN,NA,NA,NA,Eg7,Hill Bhuiya,oriy1255,Indian Subcontinent,6-15%,6-15%,6-15%,16-25%,46-55%,1930,2000000,NA,50-99,1930,0.366670575,-0.047902478,0.405836085,0.105,0.105,0.105,0.205,0.505,50-99,Indo-European,21,85,74.5
Quechua,tutapay;,chawpi punchaw;,chisinkuy;,tutapi;,p’unchawpi;,tuta;,chawpi tuta;,NA,NA,NA,NA,NA,NA,NA,早晨;,中午;,下午;,晚上;,在白天；,夜晚;,午夜;,morning;,noon;,afternoon;,evening;,in the daytime;,night;,midnight;,1,0.5,0.5,1,1,1,0.5,South America,-8.5,-77.5,chiq1249,qxa,Quechuan,PE,NA,NA,NA,Sf1,Inca,cusc1236,Western South America,0-5%,6-15%,0-5%,16-25%,66-75%,1530,1500000,1571,5000-50000,1530,-0.70984638,-0.408905862,0.559225508,0.025,0.105,0.025,0.205,0.705,5000-50000,Quechuan,-8.5,-77.5,27500
Bemba,ulucelo;,icungulo;,icungulo;,icungulo;,akasuba;,ubushiku;,pakati kabushiku;,NA,NA,NA,NA,NA,NA,NA,早晨;,晚上;,晚上;,晚上;,太阳;,日期;,午夜;,morning;,evening;,evening;,evening;,sun;,date;,midnight;,1,0.25,0.25,0.25,0,1,0.5,Africa,-10,28.25,bemb1257,bem,Bantu,CD,NA,NA,NA,Ac3,Bemba,town1238,South Tropical Africa,6-15%,6-15%,6-15%,0-5%,66-75%,1900,100000,1930,100-199,1900,0.208316179,-1.347576758,0.718186207,0.105,0.105,0.105,0.025,0.705,100-199,Niger-Congo,-10,28.25,149.5
Panjabi (Gurmukhi),ਸਵੇਰ;,ਦੁਪਹਿਰ;,ਦੁਪਹਿਰ;,ਸ਼ਾਮ;,ਦਿਨ ਵੇਲੇ;,ਰਾਤ;,ਅੱਧੀ ਰਾਤ;,savēra;,dupahira;,dupahira;,rāta;,dina vēlē;,rāta;,adhī rāta;,早晨;,下午;,下午;,晚上;,白天;,夜晚;,午夜;,Morning;,Afternoon;,Afternoon;,Evening;,Daytime;,Night;,Midnight;,1,0.25,0.25,1,0.5,1,0.5,Eurasia,31,74,panj1256,pan,Indic,PK IN,NA,NA,NA,Ea13,Punjabi,west2386,Indian Subcontinent,0-5%,0-5%,0-5%,16-25%,76-85%,1950,300,1950,50000,1950,-1.377167513,-0.724654495,0.480356215,0.025,0.025,0.025,0.205,0.805,50000,Indo-European,31,74,50000
Sami,iđit;,gaskabeaivi;,eahketbeaivi;,eahket;,beaivvi áigge,idja;,gaskaidja;,NA,NA,NA,NA,NA,NA,NA,早晨;,中午;,下午;,晚上;,白天,夜晚;,午夜;,morning;,noon;,afternoon;,evening;,during the day,night;,midnight;,1,1,1,1,0.5,1,0.5,Eurasia,64.66666667,16.75,sout2674,sma,Saami,SE,NA,NA,NA,Cg4,Sami,nort2671,Northern Europe,0-5%,16-25%,16-25%,56-65%,0-5%,1950,200,1951,50,1950,1.31388204,2.814086677,-1.143502621,0.025,0.205,0.205,0.605,0.025,50,Uralic,64.66666667,16.75,50
Samoan,taeao;,aoauli;,aoauli;,afiafi;,i le ao;,po;,tulua o po;,NA,NA,NA,NA,NA,NA,NA,早晨;,下午;,下午;,晚上;,白天;,夜晚;,午夜;,morning;,afternoon;,afternoon;,evening;,during the day;,night;,midnight;,1,0.25,0.25,1,0.5,1,0.5,Papunesia,-13.91666667,-171.8333333,samo1305,smo,Oceanic,AS WS,NA,NA,NA,Ii1,American Samoans,samo1305,Southwestern Pacific,0-5%,0-5%,26-35%,6-15%,56-65%,1920,45000,1926,50-99,1920,0.142209853,-1.206154159,-1.191678726,0.025,0.025,0.305,0.105,0.605,50-99,Austronesian,-13.91666667,-171.8333333,74.5
Shona,mangwanani;,masikati;,masikati;,manheru;,masikati;,husiku;,pakati peusiku;,NA,NA,NA,NA,NA,NA,NA,早晨;,下午;,下午;,晚上;,下午;,夜晚;,午夜;,morning;,afternoon;,afternoon;,evening;,afternoon;,night;,midnight;,1,0.25,0.25,1,0.25,1,0.5,Africa,-18,31,shon1251,sna,Bantu,ZW,NA,NA,NA,Ab18,Shona,shon1251,South Tropical Africa,6-15%,6-15%,6-15%,16-25%,46-55%,1920,700000,1931,100-199,1920,0.366670575,-0.047902478,0.405836085,0.105,0.105,0.105,0.205,0.505,100-199,Niger-Congo,-18,31,149.5
Sindhi,صبح؛,0,منجهند؛,شام,ڏينهن دوران,رات؛,اڌ رات؛,subh;,0,manjhand;,sham;,denhan,doran rat;,adh rat;,早晨;,0,下午;,叙利亚,白天,夜晚;,午夜;,Morning;,0,Afternoon;,Evening,During the day,Night;,Midnight;,1,0,1,1,0.5,1,1,Eurasia,26,69,sind1272,snd,Indic,PK IN,NA,NA,NA,Ea1,Sindhi,sind1272,Indian Subcontinent,0-5%,0-5%,16-25%,26-35%,46-55%,1950,9500000,1961,50000,1950,-0.28019566,0.125375664,-0.869762632,0.025,0.025,0.205,0.305,0.505,50000,Indo-European,26,69,50000
Somali,subax;,duhurkii;,galabnimo;,fiidkii;,maalintii;,habeen;,saqda dhexe;,NA,NA,NA,NA,NA,NA,NA,早晨;,中午;,下午;,晚上;,白天;,夜晚;,午夜;,morning;,noon;,afternoon;,evening;,day;,night;,midnight;,1,1,1,1,1,1,0.5,Africa,3,45,soma1255,som,Lowland East Cushitic,SO,NA,NA,NA,Ca2,Somali (Dolbahanta),nort3051,Northeast Tropical Africa,0-5%,0-5%,0-5%,86-100%,6-15%,1950,NA,NA,50,1950,-0.970206376,4.257017239,-0.684219591,0.025,0.025,0.025,0.93,0.105,50,Afro-Asiatic,3,45,50
Steppe Mari,поро эр;,кечывалым;,түштөн кийин;,кас;,кечывалым;,йӱд;,пелйӱд;,poro ér;,kečyvalym;,tüštön kijin;,jüd;,kečyvalym;,jüd;,peljüd;,早晨;,午餐;,下午;,晚上;,午餐;,夜晚;,午夜;,morning;,lunch;,afternoon;,evening;,lunch;,night;,midnight;,1,1,0.5,1,0,1,1,Eurasia,57,48,east2328,mhr,Mari,RU,NA,NA,NA,Ch4,Mari,east2328,Eastern Europe,0-5%,0-5%,16-25%,26-35%,46-55%,1900,400000,1941,400-1000,1900,-0.28019566,0.125375664,-0.869762632,0.025,0.025,0.205,0.305,0.505,400-1000,Uralic,57,48,700
Tamil,காலை;,நண்பகல்;,மதியம்;,மாலை;,பகல்நேரம்;,இரவு;,நள்ளிரவு;,kālai;,naṇpakal;,matiyam;,iravu;,pakalnēram;,iravu;,naḷḷiravu;,早晨;,中午;,下午;,晚上;,白天;,夜晚;,午夜;,Morning;,Noon;,Afternoon;,Evening;,Daytime;,Night;,Midnight;,1,1,1,1,1,1,1,Eurasia,11,78.5,tami1289,tam,Dravidian,IN LK,Dravidian,None,NA,NA,Tamil,tami1289,Indian Subcontinent,0-5%,0-5%,16-25%,16-25%,56-65%,1880,3000000,NA,50000,1880,-0.343869779,-0.570020608,-0.706077005,0.025,0.025,0.205,0.205,0.605,50000,Dravidian,11,78.5,50000
Tatar,иртә;,төш;,төштән соң;,кич;,көндез;,төн;,төн уртасы,irtä;,töš;,töštän soñ;,tön;,köndez;,tön;,tön urtasy,早晨;,梦;,下午;,晚上;,白天;,夜晚;,午夜,morning;,afternoon;,afternoon;,evening;,daytime;,night;,midnight,1,0,0.5,1,1,1,0.5,Eurasia,56,49.5,tata1255,tat,Turkic,RU,Turkic,None,NA,ch20,Kazan tatar,midd1325,Eastern Europe,0-5%,0-5%,0-5%,36-45%,56-65%,1910,675419,1897,50000,1910,-1.249819275,0.666138049,0.152984961,0.025,0.025,0.025,0.405,0.605,50000,Altaic,56,49.5,50000
Tiv,pepe;,atetan;,atetan;,aikie;,atetan; ken atetan,tugh;,atô utu;,NA,NA,NA,NA,NA,NA,NA,早晨;,下午;,下午;,晚上;,下午;白天,夜晚;,午夜;,morning;,afternoon;,afternoon;,evening;,afternoon; during the day,night;,midnight;,1,0.25,0.25,0.25,0.5,1,0.5,Africa,7.5,9,tivv1240,tiv,Tivoid,NG,Atlantic-Congo,None,NA,Ah3,Tiv,tivv1240,West Tropical Africa,6-15%,16-25%,6-15%,6-15%,46-55%,NA,530000,NA,200-399,1920,1.082471646,-0.408564196,0.690253319,0.105,0.205,0.105,0.105,0.505,200-399,Niger-Congo,7.5,9,299.5
Tigrinya,ጉሓት፤,ምሸት፤,ድሕሪ ሰዓት፤,ምሸት፤,ናይ መዓልቲ፤,ምሸት፤,ፍርቂ ለይቲ፤,guḥāt;,mǝšat;,dǝḥǝri saʿāt;,mǝšat;,nāy maʿālǝti;,mǝšat;,fǝrǝqi layǝti;,早晨;,晚上;,下午;,晚上;,当天的；,晚上;,午夜;,NA,NA,NA,NA,NA,NA,NA,1,0,1,0.25,0,0.25,1,Africa,14.5,38.5,tigr1271,tir,Semitic,ET ER,NA,NA,NA,Ca3,Tigrinya,tigr1271,Northeast Tropical Africa,0-5%,0-5%,0-5%,26-35%,66-75%,1950,1000000,NA,5000-50000,1950,-1.313493394,-0.029258223,0.316670588,0.025,0.025,0.025,0.305,0.705,5000-50000,Afro-Asiatic,14.5,38.5,27500
Telugu,ఉదయం;,మధ్యాహ్నం;,మధ్యాహ్నం;,సాయంత్రం;,పగటిపూట;,రాత్రి;,అర్ధరాత్రి;,udayaṁ;,madhyāhnaṁ;,madhyāhnaṁ;,rātri;,pagaṭipūṭa;,rātri;,ardharātri;,早晨;,下午;,下午;,晚上;,白天;,夜晚;,午夜;,Morning;,Afternoon;,Afternoon;,Evening;,Daytime;,Night;,Midnight;,1,0,1,1,1,1,1,Eurasia,16,79,telu1262,tel,Dravidian,IN,Dravidian,None,NA,NA,Telugu,telu1262,Indian Subcontinent,0-5%,0-5%,0-5%,26-35%,66-75%,1950,2500,1951,50000,1950,-1.313493394,-0.029258223,0.316670588,0.025,0.025,0.025,0.305,0.705,50000,Dravidian,16,79,50000
Thai,เช้า;,กลางวัน;เที่ยง,ตอนบ่าย;,ตอนเย็น;,กลางวัน;,กลางคืน;,เที่ยงคืน;,chêā;,klāng wạn;Theī̀yng,txn b̀āy;,klāng khụ̄n;,klāng wạn;,klāng khụ̄n;,theī̀yng khụ̄n;,早晨;,中午;中午,下午;,晚上;,白天;,夜间;,午夜;,Morning;,Daytime;Noon,Afternoon;,Evening;,Daytime;,Nighttime;,Midnight;,1,0.25,1,1,1,1,1,Eurasia,16,101,thai1261,tha,Kam-Tai,TH,Tai-Kadai,None,NA,Ej9,Thai,thai1261,Indo-China,0-5%,0-5%,6-15%,6-15%,76-85%,1940,10000000,1940,1000-5000,1940,-0.95729765,-1.3246796,0.106895971,0.025,0.025,0.105,0.105,0.805,1000-5000,Sino-Tibetan,16,101,3000
Turkish,Sabah;,öğlen;,öğleden sonra;,akşam;,gündüz;,gece;,gece yarısı;,NA,NA,NA,NA,NA,NA,NA,早晨;,下午;,下午;,晚上;,白天;,夜晚;,午夜;,Morning;,noon;,afternoon;,evening;,day;,night;,midnight;,1,1,0.5,1,1,1,0.5,Eurasia,39,35,nucl1301,tur,Turkic,TR,Turkic,None,NA,Ci5,Turks,nucl1301,Western Asia,5%,5%,5%,45%,65%,1950,NA,NA,50000,1950,-1.07808678,0.749909778,0.218804572,0.05,0.05,0.05,0.45,0.65,50000,Altaic,39,35,50000
Udmurt,ӵукна;,лымшор;,нуназе бере;,ӝыт;,нуназе;,уй;,уйшор;,č̈ukna;,lymšor;,nunaze bere;,uj;,nunaze;,uj;,ujšor;,早晨;,南;,下午;,晚上;,午餐;,夜晚;,午夜;,morning;,south;,afternoon;,evening;,lunch;,night;,midnight;,1,0,0.5,1,0,1,1,Eurasia,57.5,52.5,udmu1245,udm,Permic,RU,Uralic,None,NA,ch26,Udmurt,sout2681,Eastern Europe,0-5%,0-5%,0-5%,6-15%,86-100%,1890,504000,1926,200-399,1890,-1.495517858,-1.480002005,0.666186833,0.025,0.025,0.025,0.105,0.93,200-399,Uralic,57.5,52.5,299.5
Venda,matsheloni;,masiari;,masiari;,madekwana;,masiari;,vhusiku;,vhusikukati;,NA,NA,NA,NA,NA,NA,NA,早晨;,下午;,下午;,晚上;,下午;,夜晚;,午夜;,morning;,afternoon;,afternoon;,evening;,afternoon;,night;,midnight;,1,0.25,0.25,1,0,1,1,Africa,-22,30,vend1245,ven,Bantu,ZA ZW,NA,NA,NA,Ab6,Venda,vend1245,Southern Africa,6-15%,6-15%,0-5%,16-25%,56-65%,1900,150000,1930,200-300,1900,-0.116873408,-0.143273645,0.942981956,0.105,0.105,0.025,0.205,0.605,200-300,Niger-Congo,-22,30,250
Vietnamese,buổi sáng;,buổi trưa;,buổi chiều;,buổi tối;,ban ngày;,đêm;,nửa đêm;,NA,NA,NA,NA,NA,NA,NA,早晨;,中午;,下午;,晚上;,天;,夜晚;,午夜;,morning;,noon;,afternoon;,evening;,day;,night;,midnight;,1,0.5,0.5,1,0.5,1,0.5,Eurasia,10.5,106.5,viet1252,vie,Vietic,#REF!,Austroasiatic,None,NA,Ej4,Annamese,viet1252,Indo-China,0-5%,0-5%,16-25%,16-25%,56-65%,1950,22000000,NA,50000,1950,-0.343869779,-0.570020608,-0.706077005,0.025,0.025,0.205,0.205,0.605,50000,Austroasiatic,10.5,106.5,50000
Wolof,ci suba;,diggante;,ngoon;,ngoon;,bëccëg;,guddaay;,xaaju guddi;,NA,NA,NA,NA,NA,NA,NA,早晨;,关系;,晚上;,晚上;,白天;,沥青;,午夜;,morning;,relationship;,evening;,evening;,daytime;,pitch;,midnight;,1,1,0.25,1,1,1,0.5,Africa,15.25,-16,nucl1347,wol,Wolof,GM SN,NA,NA,NA,Cb2,Wolof,nucl1347,West Tropical Africa,0-5%,0-5%,6-15%,26-35%,56-65%,1950,660000,1949,50000,1950,-0.829949412,0.066112944,-0.220475284,0.025,0.025,0.105,0.305,0.605,50000,Niger-Congo,15.25,-16,50000
Yakut,сарсыарда;,күн ортото;,күнүс;,киэһээ;,күнүс;,түүн;,түүн ортото;,sarsyarda;,kün ortoto;,künüs;,kiéḫéé;,künüs;,tüün;,tüün ortoto;,早晨;,中午;,下午;,晚上;,下午;,夜晚;,午夜;,morning;,noon;,afternoon;,evening;,afternoon;,night;,midnight;,1,0.5,0.25,1,0.25,1,0.5,Eurasia,62,130,yaku1245,sah,Turkic,RU,Turkic,None,NA,NA,NA,NA,NA,None,NA,NA,NA,NA,NA,NA,NA,NA,NA,1.823247755,1.73688734,-0.450090911,0.105,0.205,0.205,0.405,0.105,50-99,Altaic,62,130,74.5
Yoruba,owurọ;,ọsan;,ọsan;,oru;,osan;,ale,ọganjọ,NA,NA,NA,NA,NA,NA,NA,早晨;,橙子;,橙子;,夜晚;,橙子;,夜晚,午夜,morning;,afternoon;,afternoon;,night;,afternoon;,evening,midnight,1,0,1,0,0,1,1,Africa,8,4.333333333,yoru1245,yor,Defoid,NG BJ,Atlantic-Congo,None,NA,NA,NA,NA,NA,None,NA,NA,NA,NA,NA,NA,NA,NA,NA,-0.95729765,-1.3246796,0.106895971,0.025,0.025,0.105,0.105,0.805,50000,Niger-Congo,8,4.333333333,50000
Yucatec Maya,sáastal;,chúumuk' k'iin;,chíinil k'iin;,áak'ab;,k'iin;,áak'ab;,chúumuk áak'ab;,NA,NA,NA,NA,NA,NA,NA,早晨;,中午;,下午;,晚上;,天气;,晚上;,午夜;,morning;,noon;,afternoon;,evening;,weather;,evening;,midnight;,1,0.5,0.5,0.25,0,0.25,0.5,North America,20,-89,yuca1254,yua,Mayan,MX,yua,NA,NA,Sa6,Yucatec Maya,yuca1254,Mexico,0-5%,6-15%,16-25%,0-5%,66-75%,1520,NA,NA,5000-50000,1520,0.165096959,-1.553946254,-0.314857591,0.025,0.105,0.205,0.025,0.705,5000-50000,Mayan,20,-89,27500
Zapotec,siadó;,galaa dxí;,huadxí;,huaxhinni;,dxi;,huaxhinni;,galaa gueela;,NA,NA,NA,NA,NA,NA,NA,早期的;,中午;,晚的;,晚上;,日期;,晚上;,午夜;,early;,noon;,late;,evening;,date;,evening;,midnight;,1,0.5,1,0.25,0,0.25,0.5,North America,16.416667,-95,isth1244,zai,Zapotecan,MX,NA,NA,NA,NA,Zapotec,yala1267,NA,0-5%,0-5%,6-15%,6-15%,76-85%,1940,NA,NA,5000-50000,1940,-0.95729765,-1.3246796,0.106895971,0.025,0.025,0.105,0.105,0.805,5000-50000,Oto-Manguean,16.416667,-95,27500
JIANGSU_SUZHOU_CHANGSHU,zɑ̃2.mᴇ3.tsøʏ0‧上晚昼,tsoŋ4.tsøʏ4.sin4.li0‧中昼心里,Ǿo2.mᴇ3.tsøʏ0‧下晚昼,Ǿiɑ4.kʰuɑ4.tɩ0‧夜快点,ȵiəʔ2.li51‧日里,Ǿiɑ4.li0‧夜里,pø4.Ǿiɑ4.sᴇ4.kã0‧半夜三更,NA,NA,NA,NA,NA,NA,NA,NA,NA,NA,NA,NA,NA,NA,NA,NA,NA,NA,NA,NA,NA,0.5,0.5,0.5,0.5,1,1,0.5,NA,31.67,120.8,wuch1236,NA,NA,NA,NA,NA,NA,Ed15b,Kiangsu,wuch1236,China,0-5%,0-5%,6-15%,6-15%,76-85%,1936,NA,None,50000,None,-0.95729765,-1.3246796,0.106895971,0.025,0.025,0.105,0.105,0.805,50000,Sino-Tibetan,31.67,120.8,50000
Nuosu,bu31 dzi31‧,mo31 l̥ɯ55‧,mu33 kʰɯ55‧,kʰɯ55 mɔ31‧,mo31 l̥ɯ31‧,se55 pʰɔ33‧,βa33 bu33‧,NA,NA,NA,NA,NA,NA,NA,NA,NA,NA,NA,NA,NA,NA,NA,NA,NA,NA,NA,NA,NA,1,1,1,1,1,1,1,Eurasia,28,103,sich1238,iii,Tibeto-Burman,CN,NA,NA,NA,Ed2,Lolo,sich1238,China,0-5%,6-15%,0-5%,26-35%,56-65%,1940,NA,NA,100-199,1950,-0.646172261,0.28649041,0.395539881,0.025,0.105,0.025,0.305,0.605,100-199,Sino-Tibetan,28,103,149.5
Min (Southern),tsa44.kʰi44‧早起,lit31.tau42‧日昼,Ǿe31.tau42‧下昼,bəʔ31.Ǿam35.kiã42‧卜暗囝,lit35.si0‧日时,mĩ44.si0‧暝时,puã42.mĩ44‧半暝,NA,NA,NA,NA,NA,NA,NA,NA,NA,NA,NA,NA,NA,NA,NA,NA,NA,NA,NA,NA,NA,1,1,1,0.5,1,1,1,Eurasia,25,118,minn1241,nan,NA,TW CN,NA,NA,NA,Ed6,Min Chinese,chao1239,China,0-5%,0-5%,6-15%,16-25%,66-75%,1920,600,1954,50000,1930,-0.893623531,-0.629283328,-0.056789657,0.025,0.025,0.105,0.205,0.705,50000,Sino-Tibetan,25,118,50000
Bai,tɯ21tse32kʋ35‧,jɯ44tsʰa55tsɿ21tɕa44‧,ɣɯ33tse32kʋ35‧,ɕy33ku21mieɹ31‧,ȵi44xɯ31‧,jɔ32xɯ31‧,pa32jɔ32‧,NA,NA,NA,NA,NA,NA,NA,NA,NA,NA,NA,NA,NA,NA,NA,NA,NA,NA,NA,NA,NA,0.5,0.5,0.5,0.5,1,1,1,Eurasia,26,100,cent2004,bca,Tibeto-Burman,CN,NA,NA,NA,Ed8,Minchia,cent2004,China,0-5%,0-5%,6-15%,16-25%,66-75%,1930,400000,None,400-1000,1930,-0.893623531,-0.629283328,-0.056789657,0.025,0.025,0.105,0.205,0.705,400-1000,Sino-Tibetan,26,100,700
Hlai (Baoding),kaːu33vaŋ33‧,tseɯ55vaŋ11‧,ui51vaŋ11‧,tʰaɯ11vaŋ33‧,pai33vaŋ11‧,pai33ko33‧,tʰom55sap11‧,,,,,,,,,,,,,,,,,,,,,,0.25,1,1,1,1,1,1,Eurasia,19,109.5,hlai1239,lic,Hlai,NA,lic,CN,NA,Ed9,Li,hlai1239,China,0-5%,6-15%,6-15%,6-15%,66-75%,,220000,1931,100-199,1930,-0.289976517,-1.008930967,0.185765263,0.025,0.105,0.105,0.105,0.705,100-199,Sino-Tibetan,19,109.5,149.5
Central Tibetans,ŋa55tʂo55‧,ȵĩ11koŋ13‧,koŋ11tʂo55‧,sa55rup11tʂop53‧,ȵi11mɛ13kʰoŋ0‧,tsʰɛ55mo55‧,nam11tʃʰɛ53‧,,,,,,,,,,,,,,,,,,,,,,1,1,1,0.5,0.5,1,1,NA,30,91,NA,NA,NA,NA,NA,NA,NA,Ee4,Central Tibetans,dbus1238,China,0-5%,0-5%,0-5%,36-45%,56-65%,,4000000,None,5000-50000,1920,-1.249819275,0.666138049,0.152984961,0.025,0.025,0.025,0.405,0.605,5000-50000,Sino-Tibetan,30,91,27500
Sherpa,topla,0,nyimidingla,gomu,0,nembi,0,,,,,,,,,,,,,,,,,,,,,,1,0,1,1,0,1,0,Eurasia,27.75,86.83333333,sher1255,xsr,Bodic,NA,xsr,NP,NA,Ee6,Sherpa,sher1255,China,0-5%,0-5%,0-5%,46-55%,46-55%,,NA,1931,200-399,1950,-1.186145156,1.361534321,-0.010700666,0.025,0.025,0.025,0.505,0.505,200-399,Sino-Tibetan,27.75,86.83333333,299.5