language_name,morning,noon;midday,afternoon,evening,during the day;daytime,"night (as opposed to daytime, collectively)",midnight,morning_Phonetic,noon_Phonetic,afternoon_Phonetic,evening_phonetic,daytime_phonetic,night_phonetic,midnight_Phonetic,[回译]上午...27,[回译]中午...28,[回译]下午...29,[回译]晚上...31,[回译]白天...32,[回译]夜晚［与白天相对，统称］...33,[回译]半夜...34,morning_BT,noon_BT,afternoon_BT,evening_BT,daytime_BT,night_BT,midnight_BT,morning_value,noon_value,afternoon_value,evening_value,daytime_value,night_value,midnight_value,Macroarea,Glottocode,ISO639P3code,Family…69,Subfamily,Genus,Country_ID,Family_in_Data,society_ID,society,Glottocode_society,language_society,Region,Subsistence economy: gathering [EA001],Subsistence economy: hunting [EA002],Subsistence economy: fishing [EA003],Subsistence economy: animal husbandry [EA004],Subsistence economy: agriculture [EA005],subsistence_year,PC1,PC2,PC3,Gathering,Hunting,Fishing,AnimalHusbandry,Agriculture,...104,Population size [EA202]...105,Population size_year,Mean size of local communities [EA031]...107,Family,Latitude,Longitude
Albanian,mëngjes,mesditë,pasdite,mbrëmje,gjatë ditës;,natën;,mesnatë;,NA,NA,NA,NA,NA,NA,NA,早餐,中午,下午,晚上,白天;,晚上;,午夜;,morning,noon,afternoon,evening,during the day;,at night;,midnight;,1,1,1,1,0.5,1,1,Eurasia,NA,sqi,Indo-European,NA,Albanian,RS AL,NA,Ce1,Gheg,gheg1238,Gheg Albanian,Southeastern Europe,0-5%,0-5%,0-5%,36-45%,56-65%,1900,-1.249819275,0.666138049,0.152984961,0.025,0.025,0.025,0.405,0.605,1900,NA,NA,200-399,Indo-European,41,20
Armenian,առավոտ;,կեսօր;,կեսօրին;,երեկո;,ցերեկը;,գիշեր;,կեսգիշեր;,arravot;,kesor;,kesorin;,yereko;,ts’ereky;,gisher;,kesgisher;,早晨;,中午;,中午；,晚上;,白天;,夜晚;,午夜;,morning;,afternoon;,at noon;,evening;,during the day;,night;,midnight;,1,1,1,1,1,1,1,Eurasia,nucl1235,hye,Indo-European,NA,Armenian,AM,NA,NA,Armenians,nucl1235,Eastern Armenian,Caucasus,0-5%,0-5%,0-5%,26-35%,66-75%,1900,-1.313493394,-0.029258223,0.316670588,0.025,0.025,0.025,0.305,0.705,1900,NA,NA,50000,Indo-European,40,45
Bengali,সকাল;,দুপুর;,বিকেল;,সন্ধ্যা;,দিনের বেলা;,রাত;,মধ্যরাত;,sakāla;,dupura;,bikēla;,sandhyā;,dinēra bēlā;,rāta;,madhyarāta;,早晨;,中午;,下午;,晚上;,白天;,夜晚;,午夜;,Morning;,Noon;,Afternoon;,Evening;,Daytime;,Night;,Midnight;,1,1,1,1,0.5,1,1,Eurasia,beng1280,ben,Indo-European,None,Indic,BD IN,Indo-European,Ef2,Bengali,beng1280,Bengali,Indian Subcontinent,0-5%,0-5%,16-25%,16-25%,56-65%,1940,-0.343869779,-0.570020608,-0.706077005,0.025,0.025,0.205,0.205,0.605,1940,NA,NA,50000,Indo-European,24,90
Bulgarian,сутрин;,обяд;,следобед;,вечер;,през деня;,нощ;,полунощ;,sutrin;,obyad;,sledobed;,vecher;,prez denya;,nosht;,polunosht;,早晨;,午餐;,下午;,晚上;,白天;,夜晚;,午夜;,morning;,noon;,afternoon;,evening;,during the day;,night;,midnight;,1,1,1,1,0.5,1,1,Eurasia,bulg1262,bul,Indo-European,None,Slavic,BG,Indo-European,Ch5,Bulgarians,bulg1262,Bulgarian,Southeastern Europe,0-5%,0-5%,0-5%,16-25%,76-85%,1940,-1.377167513,-0.724654495,0.480356215,0.025,0.025,0.025,0.205,0.805,1940,1700,1934,50000,Indo-European,42.5,25
Czech,ráno;,poledne;,odpoledne;,noc;,během dne;,noc;,půlnoc;,NA,NA,NA,NA,NA,NA,NA,早晨;,中午;,下午;,夜晚;,白天;,夜晚;,午夜;,morning;,noon;,afternoon;,night;,during the day;,night;,midnight;,1,1,1,1,0.5,1,1,Eurasia,czec1258,ces,Indo-European,None,Slavic,CZ,Indo-European,Ch3,Czechs,czec1258,Czech,Middle Europe,0-5%,0-5%,0-5%,26-35%,66-75%,1940,-1.313493394,-0.029258223,0.316670588,0.025,0.025,0.025,0.305,0.705,1940,8800000,1950,50000,Indo-European,50,15
Dutch,Ochtend;,middag;,Middag;,Avond;,overdag;,Nacht;,Middernacht;,NA,NA,NA,NA,NA,NA,NA,早晨;,下午;,下午;,晚上;,白天;,夜晚;,午夜;,Morning;,afternoon;,Afternoon;,Evening;,daytime;,Night;,Midnight;,1,0.25,0.25,1,1,1,1,Eurasia,dutc1256,nld,Indo-European,None,Germanic,NL,Indo-European,Cg1,Dutch,dutc1256,Dutch,Middle Europe,0-5%,0-5%,6-15%,26-35%,56-65%,1950,-0.829949412,0.066112944,-0.220475284,0.025,0.025,0.105,0.305,0.605,1950,NA,NA,50000,Indo-European,52.5,6
Galician,mañá;,mediodía;,tarde;,noite;,de día;,noite;,medianoite;,NA,NA,NA,NA,NA,NA,NA,明天;,中午;,晚的;,夜晚;,白天;,夜晚;,午夜;,morning;,noon;,afternoon;,evening;,daytime;,night;,midnight;,0.25,1,1,0.25,0.5,0.25,1,Eurasia,gali1258,glg,Indo-European,None,Romance,ES,NA,Ce2,Portuguese,gali1257,Galician Portuguese,Southwestern Europe,0-5%,0-5%,6-15%,36-45%,46-55%,1950,-0.766275293,0.761509216,-0.384160911,0.025,0.025,0.105,0.405,0.505,1950,NA,NA,None,Indo-European,43,-8
Greek,πρωί;,μεσημέρι;,απόγευμα;,απόγευμα;,κατά τη διάρκεια της ημέρας,νύχτα;,μεσάνυχτα;,proí?,mesiméri?,apógevma?,nýchta?,katá ti diárkeia tis iméras,nýchta?,mesánychta?,早晨;,中午;,下午;,下午;,白天,夜晚;,午夜;,morning;,noon;,afternoon;,afternoon;,during the day,night;,midnight;,1,1,0.25,0.25,0.5,1,1,Eurasia,mode1248,ell,Indo-European,NA,Greek,GR,NA,Ef9,Gujarati,guja1252,Gujarati,Indian Subcontinent,0-5%,0-5%,6-15%,26-35%,56-65%,1950,-0.829949412,0.066112944,-0.220475284,0.025,0.025,0.105,0.305,0.605,1950,NA,NA,50000,Indo-European,39,22
Gujarati,સવાર;,બપોર;,બપોર;,સાંજ;,દિવસ દરમિયાન;,રાત્રિ;,મધ્યરાત્રિ;,savāra;,bapōra;,bapōra;,sān̄ja;,divasanō samaya;,rātri;,madhyarātri;,早晨;,下午;,下午;,晚上;,白天;,夜晚;,午夜;,Morning;,Afternoon;,Afternoon;,Evening;,During the day;,Night;,Midnight;,1,0.25,0.25,1,0.5,1,1,Eurasia,guja1252,guj,Indo-European,None,Indic,IN,NA,Ef9,Gujarati,guja1252,Gujarati,Indian Subcontinent,0-5%,0-5%,6-15%,16-25%,66-75%,1920,-0.893623531,-0.629283328,-0.056789657,0.025,0.025,0.105,0.205,0.705,1920,NA,NA,50000,Indo-European,23,72
Icelandic,morgun;,hádegi;,síðdegis;,kvöld;,á daginn;,nótt;,miðnætti;,NA,NA,NA,NA,NA,NA,NA,早晨;,中午;,下午;,晚上;,白天;,夜晚;,午夜;,morning;,noon;,afternoon;,evening;,during the day;,night;,midnight;,1,1,1,1,0.5,1,1,Eurasia,icel1247,isl,Indo-European,None,Germanic,IS,Indo-European,Cg2,Icelanders,icel1247,Icelandic,Northern Europe,0-5%,16-25%,26-35%,36-45%,6-15%,NA,1.780028534,1.530517844,-1.483134708,0.025,0.205,0.305,0.405,0.105,NA,50000,1950,NA,Indo-European,65,-17
Irish,Maidin；,meán lae;,Tráthnóna;,Tráthnóna;,i rith an lae;,Oíche;,Meán oíche;,NA,NA,NA,NA,NA,NA,NA,早晨;,中午;,晚上;,晚上;,白天;,夜晚;,午夜;,Maidin；,meán lae;,Tráthnóna;,Tráthnóna;,i rith an lae;,Oíche;,Meán oíche;,1,0.5,0.25,0.25,0.5,1,1,Eurasia,iris1253,gle,Indo-European,None,Celtic,IE,Indo-European,Cg3,Irish,iris1253,Irish,Northern Europe,0-5%,6-15%,0-5%,36-45%,46-55%,1930,-0.582498142,0.981886682,0.231854253,0.025,0.105,0.025,0.405,0.505,1930,50000,1930,2963000,Indo-European,53,-8
Italian,Mattina;,mezzogiorno;,pomeriggio;,sera;,durante il giorno;,notte;,mezzanotte;,NA,NA,NA,NA,NA,NA,NA,早晨;,中午;,下午;,晚上;,白天;,夜晚;,午夜;,Morning;,noon;,afternoon;,evening;,during the day;,night;,midnight;,1,1,1,1,0.5,1,1,Eurasia,ital1282,ita,Indo-European,None,Romance,CH IT,Indo-European,NA,Neapolitans,neap1235,Continental Southern Italian,Southeastern Europe,0-5%,0-5%,6-15%,6-15%,76-85%,1960,-0.95729765,-1.3246796,0.106895971,0.025,0.025,0.105,0.105,0.805,1960,NA,NA,50000,Indo-European,43,12
Latvian,rīts;,pusdienlaiks;,pēcpusdienā;,vakars;,dienas laikā;,nakts;,pusnakts;,NA,NA,NA,NA,NA,NA,NA,早晨;,中午;,下午;,晚上;,白天;,夜晚;,午夜;,morning;,noon;,afternoon;,evening;,during the day;,night;,midnight;,1,1,1,1,0.5,1,1,Eurasia,latv1249,lav,Indo-European,None,Baltic,LV,Indo-European,NA,Latvians,latv1249,Latvian,Eastern Europe,0-5%,0-5%,6-15%,16-25%,66-75%,1881,-0.893623531,-0.629283328,-0.056789657,0.025,0.025,0.105,0.205,0.705,1881,1312000,1897,50000,Indo-European,57,24
Lithuanian,rytas;,vidurdienis;,popietę;,vakaras;,dienos metu;,naktis;,vidurnaktis;,NA,NA,NA,NA,NA,NA,NA,早晨;,中午;,下午;,晚上;,白天;,夜晚;,午夜;,morning;,noon;,afternoon;,evening;,daytime;,night;,midnight;,1,1,1,1,0.5,1,1,Eurasia,lith1251,lit,Indo-European,None,Baltic,LT,Indo-European,NA,Lithuanians,lith1251,Lithuanian,Eastern Europe,0-5%,0-5%,6-15%,36-45%,46-55%,NA,-0.766275293,0.761509216,-0.384160911,0.025,0.025,0.105,0.405,0.505,NA,217000,1950,50000,Indo-European,55,24
Portuguese(Portugal),manhã;,meio-dia;,tarde;,noite;,durante o dia;,noite;,meia-noite;,NA,NA,NA,NA,NA,NA,NA,早晨;,正午;,下午;,夜晚;,白天;,夜晚;,午夜;,morning;,noon;,afternoon;,night;,during the day;,night;,midnight;,1,1,1,0.25,0.5,0.25,1,Eurasia,port1283,por,Indo-European,None,Romance,PT,Indo-European,NA,Portuguese,gali1257,Galician Portuguese,Southwestern Europe,0-5%,0-5%,6-15%,36-45%,46-55%,1950,-0.766275293,0.761509216,-0.384160911,0.025,0.025,0.105,0.405,0.505,1950,None,NA,NA,Indo-European,39,-8
Russian,утро;,полдень;,полдень;,вечер;,дневное время;,ночь;,полночь;,utro;,polden';,polden';,vecher;,dnevnoye vremya;,noch';,polnoch';,早晨;,中午;,中午;,晚上;,白天;,夜晚;,午夜;,morning;,noon;,midday;,evening;,daytime;,night;,midnight;,1,1,1,1,0.5,1,1,Eurasia,russ1263,rus,Indo-European,None,Slavic,RU,Indo-European,SCCS54,Russians,russ1263,Russian,Eastern Europe,0-5%,0-5%,0-5%,26-35%,66-75%,1955,-1.313493394,-0.029258223,0.316670588,0.025,0.025,0.025,0.305,0.705,1955,NA,NA,50000,Indo-European,56,38
Serbian-Croatian,јутро;,подне;,поподне;,вече;,током дана;,ноћ;,поноћ;,jutro;,podne;,podne;,veče;,dnevno;,noć;,ponoć;,早晨;,中午;,下午;,晚上;,白天;,夜晚;,午夜;,morning;,noon;,afternoon;,evening;,during the day;,night;,midnight;,1,1,1,1,0.5,1,1,Eurasia,sout1528,hbs,Indo-European,NA,Slavic,RS BA HR,NA,NA,Serbs,serb1264,Serbian Standard,Southeastern Europe,0-5%,0-5%,0-5%,36-45%,56-65%,1950,-1.249819275,0.666138049,0.152984961,0.025,0.025,0.025,0.405,0.605,1950,2200,1953,50000,Indo-European,44,19
Sinhala,උදෑසන;,0,දහවල්;,සවස;,දිවා කාලය;,රෑ;,මධ්‍යම රාත්‍රිය;,udǣsana;,dahaval;,dahaval;,savasa;,divā kālaya;,rǣ;,madhyama rātriya;,早晨;,0,下午;,晚上;,白天;,夜晚;,午夜;,Morning;,0,Afternoon;,Evening;,Daytime;,Night;,Midnight;,1,0,1,1,0.5,1,0.5,Eurasia,sinh1246,sin,Indo-European,NA,Indic,LK,NA,Eh6,Sinhalese,sinh1246,Sinhala,Indian Subcontinent,0-5%,0-5%,6-15%,26-35%,56-65%,1950,-0.829949412,0.066112944,-0.220475284,0.025,0.025,0.105,0.305,0.605,1950,2157000,1954,50000,Indo-European,7,80.5
Spanish,mañana;,mediodía;,tarde;,noche;,tiempo de día;,noche;,medianoche;,NA,NA,NA,NA,NA,NA,NA,明天;,中午;,晚的;,晚上,白天;,晚上;,午夜;,morning;,noon;,NA,night;,daytime;,night;,midnight;,0.25,1,1,1,0.5,1,1,Eurasia,stan1288,spa,Indo-European,None,Romance,ES,Indo-European,Ce6,Spaniards,stan1288,Spanish,Southwestern Europe,0-5%,0-5%,0-5%,26-35%,66-75%,1950,-1.313493394,-0.029258223,0.316670588,0.025,0.025,0.025,0.305,0.705,1950,NA,NA,50000,Indo-European,40,-4
Ukrainian,ранок;,полудень;,0,вечір;,протягом дня;,ніч;,опівночі;,ranok;,poludenʹ;,0,vechir;,protyahom dnya;,nich;,opivnochi;,早晨;,中午;,0,晚上;,白天;,夜晚;,在午夜；,morning;,noon;,0,evening;,during the day;,night;,midnight;,1,1,0,1,0.5,1,1,Eurasia,ukra1253,ukr,Indo-European,None,Slavic,UA,Indo-European,NA,Ukrainians,east2270,East Ukrainian,Eastern Europe,0-5%,0-5%,6-15%,26-35%,56-65%,1930,-0.829949412,0.066112944,-0.220475284,0.025,0.025,0.105,0.305,0.605,1930,NA,NA,50000,Indo-European,49,33
Mandarin,上午；,中午；,下午；,晚上；晚间,白天；,夜晚［与白天相对，统称］；,半夜；,NA,NA,NA,NA,NA,NA,NA,早晨;,中午;,下午,晚上;,白天;,夜晚;,在午夜；,morning;,noon;,afternoon,evening;,during the day;,night;,midnight;,1,1,1,1,1,1,1,Eurasia,mand1415,cmn,Sino-Tibetan,NA,Chinese,CN,NA,NA,Shantung,mand1415,Mandarin Chinese,China,0-5%,0-5%,6-15%,16-25%,66-75%,1930,-0.893623531,-0.629283328,-0.056789657,0.025,0.025,0.105,0.205,0.705,1930,NA,NA,50000,Sino-Tibetan,34,110
Cantonese,sœŋ31.tsɐu23‧上昼,Ǿaŋ23.tsɐu23‧晏昼,ha31.tsɐu23‧下昼,Ǿai55.maŋ55.hek3‧挨晚黑,Ǿiɐt2.tʰɐu23‧日头,Ǿiɛ31.maŋ55.hek3‧夜晚黑,pun23.Ǿiɛ31.sam55.kaŋ55‧半夜三更,NA,NA,NA,NA,NA,NA,NA,NA,NA,NA,NA,NA,NA,NA,NA,NA,NA,NA,NA,NA,NA,1,1,1,0.5,1,0.5,0.5,Eurasia,yuec1235,yue,Sino-Tibetan,None,Chinese,CN,NA,NA,Cantonese,yuec1235,Yue Chinese,China,0-5%,0-5%,0-5%,16-25%,76-85%,1940,-1.377167513,-0.724654495,0.480356215,0.025,0.025,0.025,0.205,0.805,1940,None,NA,NA,Sino-Tibetan,23,113
Abkhaz,ашьыжь;,шьыбжьон;,шьыбжьон;,ахәылԥаз;,ҽынла;,аҵх;,ҵхабжьон;,ašʹyžʹ;,šʹybžʹon;,šʹybžʹon;,ahəylṕaz;,ƈynla;,ac̄h;,c̄habžʹon;,早晨;,下午;,下午;,晚上;,白天;,夜晚;,午夜;,morning;,noon;,noon;,evening;,daytime;,night;,midnight;,1,0.25,0.25,1,1,1,1,Eurasia,abkh1244,abk,Northwest Caucasian,None,Northwest Caucasian,GE,Abkhaz-Adyge,Ci12,Abkhaz,abkh1244,Abkhaz,Caucasus,6-15%,0-5%,0-5%,56-65%,26-35%,1880,-0.529498065,2.32256281,0.209370155,0.105,0.025,0.025,0.605,0.305,1880,NA,NA,200-399,Northwest Caucasian,43.08333333,41
Qafar(Afar),maaca;,laqo;,carra;,bara;,ayroh uddur;,bara;,barak gude;,NA,NA,NA,NA,NA,NA,NA,早晨;,中午;,下午;,晚上;,一天中的时间；,晚上;,午夜;,morning;,noon;,afternoon;,evening;,time of day;,evening;,midnight;,1,1,1,1,0,1,0.5,Africa,afar1241,aar,Afro-Asiatic,Cushitic,Lowland East Cushitic,ET ER DJ,NA,Ca6,Afar,afar1241,Afar,Northeast Tropical Africa,6-15%,0-5%,6-15%,76-85%,0-5%,1880,0.037653175,3.76076553,-0.637430978,0.105,0.025,0.105,0.805,0.025,1880,110000,1950,100-199,Afro-Asiatic,12,42
Arabic,صباح؛,الظهر؛,بعد الظهر؛,مساء؛,خلال النهار؛,ليلة؛,منتصف الليل؛,sabahi;,alzuhra;,baed alzuhri;,masa'i;,khilal alnahar;,laylat;,muntasaf alliyli;,早晨;,中午;,下午;,晚上;,白天;,夜晚;,午夜;,Morning;,Noon;,Afternoon;,Evening;,During the day;,Night;,Midnight;,1,1,0.5,1,0.5,1,0.5,Eurasia,stan1318,arb,Afro-Asiatic,NA,Semitic,KW SO SY OM QA EG TN MA LY KM JO LB ER YE SA IQ PS DZ AE BH SD IL,NA,CCMCarab1395,NA,NA,NA,NA,None,NA,NA,NA,NA,NA,-0.455149904,2.372679226,-0.095517001,0.025,0.105,0.025,0.605,0.305,1920,38000,1940,Missing data,Afro-Asiatic,30,31
Alur,kugweno;,dyeceng matek;,othyeno;,othyeno;,i dieceng;,dyewor;,dyewor maling;,NA,NA,NA,NA,NA,NA,NA,早晨;,中午;,晚上;,晚上;,在白天；,夜晚;,午夜;,morning;,noon;,evening;,evening;,in the daytime;,night;,midnight;,1,0.5,0.25,0.25,0.5,1,0.5,Africa,alur1250,alz,Nilo-Saharan,NA,Nilotic,NA,NA,Aj17,Alur,alur1250,Alur,West-Central Tropical Africa,0-5%,6-15%,16-25%,16-25%,46-55%,1890,0.323451354,-0.254271974,-0.627207712,0.025,0.105,0.205,0.205,0.505,1890,200000,NA,NA,Nilo-Saharan,2.36,31
Amharic,ጠዋት፤,ቀትር;,ከሰአት፤,ምሽት፤,በቀን ውስጥ;,ለሊት፤,እኩለ ሌሊት;,t’ewati;,k’etiri;,kese’āti;,mishiti;,bek’eni wisit’i;,lelīti;,ikule lēlīti;,早晨;,中午;,下午;,晚上;,白天;,夜晚;,午夜;,Morning;,Noon;,Afternoon;,Evening;,During the day;,At night;,Midnight;,1,1,1,1,0.5,1,0.5,Africa,amha1245,amh,Afro-Asiatic,None,Semitic,ET,Afro-Asiatic,Ca7,Amhara,amha1245,Amharic,Northeast Tropical Africa,0-5%,0-5%,6-15%,26-35%,56-65%,1950,-0.829949412,0.066112944,-0.220475284,0.025,0.025,0.105,0.305,0.605,1950,22000,1953,50000,Afro-Asiatic,10,38
Acholi,odiku;,idye ceng;,idye ceng;,otyeno;,i dyeceng;,dye wor;,cwiny di wo;,NA,NA,NA,NA,NA,NA,NA,早晨;,下午;,下午;,晚上;,下午;,夜晚;,午夜;,morning;,afternoon;,afternoon;,evening;,afternoon;,night;,midnight;,1,0.25,0.25,1,0.5,0.5,0.5,Africa,acol1236,ach,Eastern Sudanic,Nilotic,Western Nilotic,UG SS,NA,CCMCacol1236,Acoli,acol1236,Acoli,East Tropical Africa,None,NA,NA,NA,NA,NA,-0.656846303,0.931770266,0.536741409,0.105,0.025,0.025,0.405,0.505,1920,240000,1929,NA,Nilo-Saharan,3,32.66666667
Aymara,qharüru;,chika uru;,jayp'u;,aruma;,uruxa;,aruma;,chika aruma;,NA,NA,NA,NA,NA,NA,NA,明天;,中午;,晚的;,晚上;,那天；,晚上;,午夜;,tomorrow;,noon;,late;,evening;,the day of the ;,evening;,midnight;,0.25,0.5,0.25,0.25,0,0.25,0.5,South America,cent2142,ayr,Aymaran,NA,Aymaran,NA,CL BO PE,Sf2,Aymara,cent2142,Central Aymara,Western South America,0-5%,0-5%,6-15%,26-35%,56-65%,1940,-0.829949412,0.066112944,-0.220475284,0.025,0.025,0.105,0.305,0.605,1940,600000,1936,NA,Aymaran,-17,-69
Balinese,semeng;,tengai tepet;,sanja;,peteng;,rikala rahina;,peteng;,tengah lemeng;,NA,NA,NA,NA,NA,NA,NA,早晨;,中午;,下午;,晚上;,白天;,晚上;,午夜;,morning;,noon;,afternoon;,evening;,during the day;,evening;,midnight;,1,0.5,1,0.25,0.5,0.25,0.5,Papunesia,bali1278,ban,Austronesian,None,Malayo-Sumbawan,ID,NA,Ib3,Balinese,bali1278,Balinese,Malesia,0-5%,0-5%,0-5%,26-35%,66-75%,1950,-1.313493394,-0.029258223,0.316670588,0.025,0.025,0.025,0.305,0.705,1950,1000000,1959,200-399,Austronesian,-8.333333333,115.25
Balochi,سُہب؛,نیمروچ؛,نیمروچ؛,بیگاہ؛,روش ئے وختا,شپ؛,شپ نیم؛,sohb;,némróch;,némróch;,bégáh;,rósh ay wktá,shap;,shap ném;,早晨;,下午;,下午;,晚上;,白天。,夜晚;,午夜;,morning;,afternoon;,afternoon;,evening;,during the day.,night;,midnight;,1,0.25,0.25,1,0.5,1,0.5,Eurasia,west2368,bgn,Indo-European,NA,Iranian,NA,PK AF IR,Ea10,Marri,east2304,Eastern Balochi,Indian Subcontinent,6-15%,0-5%,0-5%,46-55%,36-45%,1950,-0.593172184,1.627166538,0.373055782,0.105,0.025,0.025,0.505,0.405,1950,60000,1955,50,Indo-European,28,62
Bashkir,иртә;,төш;,төштән һуң;,кис;,көндөҙ;,төн;,төн уртаһы;,irtə;,töš;,töštən ḫuň;,kis;,köndöz̦;,tön;,tön urtaḫy;,早期的;,梦;,下午;,晚上;,白天;,夜晚;,午夜;,early;,dream;,afternoon;,evening;,during the day;,night;,midnight;,0.25,0.25,0.5,1,1,1,0.5,Eurasia,bash1264,bak,Altaic,None,Turkic,RU,Turkic,ch12,Bashkir,bash1264,Bashkir,Eastern Europe,0-5%,0-5%,0-5%,46-55%,46-55%,1899,-1.186145156,1.361534321,-0.010700666,0.025,0.025,0.025,0.505,0.505,1899,1320000,1897,50000,Altaic,53,58
Batak Toba,manogot;,arian;,potang;,borngin ni ari;,di arian;,borngin;,tonga borngin;,NA,NA,NA,NA,NA,NA,NA,早晨;,中午;,下午;,晚上;,白天;,夜晚;,午夜;,morning;,noon;,afternoon;,evening;,during the day;,night;,midnight;,1,1,1,0.5,0.5,1,0.5,Papunesia,bata1289,bbc,Austronesian,NA,Northwest Sumatra-Barrier Islands,ID,bbc,NA,Toba Batak,bata1289,Batak Toba,Malesia,0-5%,0-5%,6-15%,16-25%,66-75%,1930,-0.893623531,-0.629283328,-0.056789657,0.025,0.025,0.105,0.205,0.705,1930,1000000,1959,NA,Austronesian,2.5,99
Baoure,n'glɛmu;,midi;,amindi sin;,n'dɔssua;,0,kuɛ guɛ;,minui;,NA,NA,NA,NA,NA,NA,NA,早晨;,中午;,下午;,晚上;,0,夜晚;,午夜;,morning;,noon;,afternoon;,evening;,0,night;,midnight;,1,1,0.5,1,0,0.5,1,Africa,baou1238,bci,Niger-Congo,Kwa,Tano,CI,bci,Af9,Baule,baou1238,Baoulé,West Tropical Africa,0-5%,6-15%,16-25%,6-15%,56-65%,1900,0.259777235,-0.949668246,-0.463522085,0.025,0.105,0.205,0.105,0.605,1900,383000,1950,NA,Niger-Congo,7,-5
Belarusian,раніца;,поўдзень;,пасля абеду;,вечар;,дзённы;,ноч;,поўнач;,ranica;,poŭdzień;,paslia abiedu;,viečar;,dzionny;,noč;,poŭnač;,早晨;,南;,晚饭后；,晚上;,白天;,夜晚;,午夜;,morning;,noon;,afternoon;,evening;,daytime;,night;,midnight;,1,0.25,0,1,1,1,1,Eurasia,bela1254,NA,Indo-European,NA,NA,NA,Indo-European,NA,Byelorussians,bela1254,Belarusian,Eastern Europe,0-5%,0-5%,6-15%,26-35%,56-65%,1910,-0.829949412,0.066112944,-0.220475284,0.025,0.025,0.105,0.305,0.605,1910,NA,NA,5000-50000,Indo-European,53.23,25.6
Bambara,sɔgɔma;,midi;,wula;,su;,tile fɛ;,su;,dugutila;,NA,NA,NA,NA,NA,NA,NA,早晨;,中午;,下午;,晚上;,在白天；,晚上;,午夜;,morning;,noon;,afternoon;,evening;,during the daytime;,evening;,midnight;,1,1,1,0.25,0.5,0.25,1,Africa,bamb1269,bam,Mande,None,Western Mande,ML,Mande,NA,Bambara,bamb1269,Bambara,West Tropical Africa,16-25%,0-5%,6-15%,16-25%,46-55%,1920,0.385889431,-0.091562077,0.828807344,0.205,0.025,0.105,0.205,0.505,1920,500000,1902,5000-50000,Niger-Congo,12.5,-7.5
Bhojpuri,भोर;,दुपहरिया;,दुपहरिया बाद;,सांझि;,दिन के समय में;,रात;,आधी रात;,bhor;,duphriya;,duphriya bad;,sanjhi;,din ke smy men;,rat;,adhi rat;,早晨;,中午;,下午;,晚上;,在白天；,夜晚;,午夜;,morning;,noon;,afternoon;,evening;,during the daytime;,night;,midnight;,1,1,0.5,1,0.5,1,0.5,Eurasia,bhoj1244,bho,Indo-European,None,Indic,IN,NA,Ef11,Uttar Pradesh,bhoj1244,Bhojpuri,Indian Subcontinent,0-5%,0-5%,0-5%,16-25%,76-85%,1945,-1.377167513,-0.724654495,0.480356215,0.025,0.025,0.025,0.205,0.805,1945,1400,1941,50000,Indo-European,26,84
Burmese,နံနက်;,နေ့လယ်;,မွန်းလွဲပိုင်း;,ညနေ;,နေ့ဘက်;,ည;,သန်းခေါင်ယံ;,nannaat;,naelaal;,mwannlwalpine;,nyanay;,nae bhaat;,ny;,saannhkaungyan;,早晨;,下午;,下午;,晚上;,白天;,夜晚;,午夜;,Morning;,Noon;,Afternoon;,Evening;,Daytime;,Night;,Midnight;,1,1,1,1,1,1,1,Eurasia,nucl1310,mya,Sino-Tibetan,Tibeto-Burman,Burmese-Lolo,MM,NA,Ei3,Burmese,nucl1310,Burmese,Indo-China,0-5%,0-5%,0-5%,16-25%,76-85%,1950,-1.377167513,-0.724654495,0.480356215,0.025,0.025,0.025,0.205,0.805,1950,NA,NA,50000,Sino-Tibetan,21,96
Canadian,leebi;,shwane;,shwane;,gbɛkɛ;,yɛ gbi lɛ mli;,gbɛkɛ;,maŋkɛ;,NA,NA,NA,NA,NA,NA,NA,早晨;,下午;,下午;,晚上;,白天;,晚上;,午夜;,morning;,afternoon;,afternoon;,evening;,during the day;,evening;,midnight;,1,0.25,0.25,0.25,0.5,0.25,1,NA,NA,NA,NA,NA,NA,NA,NA,Cf5,French Canadians,queb1247,Québécois,Indo-European,0-5%,0-5%,6-15%,16-25%,66-75%,1930,-0.893623531,-0.629283328,-0.056789657,0.025,0.025,0.105,0.205,0.705,1930,NA,1926,50000,Indo-European,47,-72
Cebuano,buntag;,udto;,hapon;,gabii;,adlaw;,gabii;,tungang gabii;,NA,NA,NA,NA,NA,NA,NA,早晨;,中午;,下午;,夜晚;,天;,夜晚;,午夜;,morning;,noon;,afternoon;,night;,day;,night;,midnight;,1,1,1,0.25,0,0.25,0.5,Papunesia,cebu1242,ceb,Austronesian,None,Greater Central Philippine,PH,NA,Ia12,Sugbuanon,cebu1242,Cebuano,Malesia,0-5%,0-5%,16-25%,6-15%,66-75%,1950,-0.407543899,-1.26541688,-0.542391378,0.025,0.025,0.205,0.105,0.705,1950,2225000,1950,50000,Austronesian,10,124
Chamorro,oga'an;,talu'ani;,talu'ani;,pupuengi;,gi diha;,puengi;,tatalu puengi;,NA,NA,NA,NA,NA,NA,NA,早晨;,下午;,下午;,晚上;,白天;,夜晚;,午夜;,morning;,afternoon;,afternoon;,evening;,during the day;,night;,midnight;,1,0.25,0.25,1,0.5,1,0.5,Papunesia,cham1312,cha,Austronesian,NA,Chamorro,NA,cha,If8,Chamorro,cham1312,Chamorro,Northwestern Pacific,0-5%,0-5%,6-15%,16-25%,66-75%,1950,-0.893623531,-0.629283328,-0.056789657,0.025,0.025,0.105,0.205,0.705,1950,3850,1950,400-1000,Austronesian,13.45,144.75
Chechen,Ӏуьйре;,делкъе;,делкъе;,суьйре;,дийнахь;,буьйса;,ахбуьйса;,Jüyre;,delq̇e;,delq̇e;,süyre;,diynaẋ;,büysa;,axbüysa;,早晨;,下午;,下午;,晚上;,白天;,夜晚;,午夜;,Morning;,afternoon;,afternoon;,evening;,during the day;,night;,midnight;,1,0.25,0.25,1,1,1,1,Eurasia,chec1245,che,Nakh-Daghestanian,None,Nakh,RU,Nakh-Daghestanian,Ci7,Chechen,chec1245,Chechen,Caucasus,0-5%,0-5%,0-5%,46-55%,46-55%,1900,-1.186145156,1.361534321,-0.010700666,0.025,0.025,0.025,0.505,0.505,1900,400000,1939,NA,Northeast Caucasian,43.25,45.83333333
Chichewa,m'mawa;,0,masana;,madzulo;,masana;,usiku;,pakati pausiku;,NA,NA,NA,NA,NA,NA,NA,在早晨;,0,下午;,晚上;,下午;,晚上;,午夜;,morning;,0,noon;,evening;,afternoon;,night;,midnight;,1,0,0.25,1,0.25,1,0.5,Africa,nyan1308,nya,Niger-Congo,Benue-Congo,Bantu,MZ MW ZM ZW,NA,NA,Chewa,chew1246,Chewa,South Tropical Africa,6-15%,16-25%,6-15%,6-15%,46-55%,1920,1.082471646,-0.408564196,0.690253319,0.105,0.205,0.105,0.105,0.505,1920,750000,1955,100-199,Niger-Congo,-14,34
Kiga,orire ota;,shaaha mukaaga;,kyamushana;,omwabazyo;,omu ihangwe;,omukiro;,eitumbi;,NA,NA,NA,NA,NA,NA,NA,早上好;,中午;,午餐;,晚上;,白天;,夜晚;,午夜;,good morning;,noon;,lunch;,evening;,during the day;,night;,midnight;,0.5,0.5,1,1,0.5,1,1,Africa,chig1238,cgg,Niger-Congo,Benue-Congo,Bantu,UG,NA,Ad13,Kiga,chig1238,Chiga,West-Central Tropical Africa,0-5%,16-25%,0-5%,16-25%,56-65%,1930,0.069628811,-0.074171308,0.679957115,0.025,0.205,0.025,0.205,0.605,1930,100000,1940,NA,Niger-Congo,-0.916666667,29.83333333
Chuukese,nesossor;,neonowas;,esopw ran;,nekunion;,atun ewe rán;,pwiin;,nukenipwin;,NA,NA,NA,NA,NA,NA,NA,早晨;,中午;,下午;,晚上;,白天;,夜晚;,午夜;,morning;,noon;,afternoon;,evening;,during the day;,night;,midnight;,1,1,0.5,1,0.5,1,1,Papunesia,chuu1238,chk,Austronesian,Eastern Malayo-Polynesian,Oceanic,FM,Austronesian,If2,Trukese,chuu1238,Chuukese,Northwestern Pacific,0-5%,0-5%,46-55%,0-5%,46-55%,1940,1.147037081,-1.691906726,-2.341588929,0.025,0.025,0.505,0.025,0.505,1940,10000,1947,100-199,Austronesian,7.333333333,151.75
Chuvash,ир;,кантӑрла;,кун;,каç;,в течение дня;;,каç;,çур çӗр;,ir;,kantărla;,kun;,kaç;,v tečenie dnâ;;,kaç;,çur çĕr;,早期的;,中午;,下午;,夜晚;,白天;;,夜晚;,午夜;,early;,noon;,afternoon;,night;,during the day;;,night;,midnight;,0.25,1,1,0.25,0.5,0.25,1,Eurasia,chuv1255,chv,Altaic,None,Turkic,RU,Turkic,ch14,Chuvash,chuv1255,Chuvash,Eastern Europe,0-5%,0-5%,0-5%,6-15%,86-100%,1908,-1.495517858,-1.480002005,0.666186833,0.025,0.025,0.025,0.105,0.93,1908,845000,1897,200-399,Altaic,55.5,47.5
Dinka,Akɔ̈l;,Ɣɔ̈ɔ̈r;,gëëŋ;,aköl lɔ̈ŋ;,në akɔ̈lic;,waköu;,wëëric;,NA,NA,NA,NA,NA,NA,NA,早晨;,中午;,下午;,晚上;,下午;,夜晚;,午夜;,Morning;,Noon;,afternoon;,evening;,in the afternoon;,night;,midnight;,1,1,1,0.5,0.25,1,1,Africa,dink1262,din,Eastern Sudanic,Nilotic,Western Nilotic,SS,NA,Aj11,Dinka,sout2832,Southwestern Dinka,Northeast Tropical Africa,0-5%,6-15%,6-15%,46-55%,26-35%,1900,-0.03528004,1.772654121,-0.468977245,0.025,0.105,0.105,0.505,0.305,1900,500000,NA,1952,Nilo-Saharan,8.5,28
Dyula,sɔgɔmada;,midi;,wula;,wulafɛ;,tilefɛ;,suu;,dugutilan;,NA,NA,NA,NA,NA,NA,NA,早晨;,中午;,下午;,晚上;,白天;,安静的;,午夜;,morning;,noon;,afternoon;,evening;,during the day;,quiet;,midnight;,1,1,1,1,1,0.25,1,Africa,dyul1238,dyu,Mande,NA,Western Mande,BF ML CI,NA,Ag27,Diula,dyul1238,Dyula,West Tropical Africa,6-15%,6-15%,0-5%,6-15%,66-75%,1910,-0.180547527,-0.838669917,1.106667584,0.105,0.105,0.025,0.105,0.705,1910,160000,1950,NA,Niger-Congo,9.833333333,-4.666666667
Dogri,बड़ला;,दपैह्‌र;,दपैहर;,तरकालां;रात;,दिन दा वक्त;,रात;,अद्धी रात;,badla;,dpaihr;,dpaihar;,raat;,din da vakt;,raat;,addhi raat;,早晨;,中午;,下午;,夜晚;,一天中的时间；,夜晚;,午夜;,morning;,noon;,afternoon;,night;,the time of day;,night;,midnight;,0.25,1,1,1,0,1,1,Eurasia,dogr1250,dgo,Indo-European,NA,Indic,IN,dgo,Na15,Tlicho,dogr1252,Dogrib,Subarctic,16-25%,26-35%,46-55%,0-5%,0-5%,1860,4.609080576,-0.216928725,-1.117943429,0.205,0.305,0.505,0.025,0.025,1860,900,NA,1959,Indo-European,33,75
Ewe,ŋdi;,ŋdɔ;,ŋdᴐ;,fiɛ̃;,ŋkeke me;,zã;,zã titina;,NA,NA,NA,NA,NA,NA,NA,早上好;,中午;,下午好;,花费;,白天;,花费;,午夜;,good morning;,noon;,good afternoon;,good evening;,during the day;,spend;,midnight;,1,1,1,1,0.5,1,0.5,Africa,ewee1241,ewe,Niger-Congo,Kwa,Gbe,TG GH,NA,Ewe,aguu1242,Agu (Ewe),Atlantic-Congo,NA,0-5%,6-15%,16-25%,6-15%,56-65%,1900,0.259777235,-0.949668246,-0.463522085,0.025,0.105,0.205,0.105,0.605,1900,700000,NA,1948,Niger-Congo,6.333333333,0.416666667
Estonian,hommikul;,keskpäeval;,pärastlõunal;,õhtu;,päeval;,öö;,südaöö;,NA,NA,NA,NA,NA,NA,NA,在早晨;,中午；,下午;,晚上;,白天;,夜晚;,午夜;,morning;,noon;,afternoon;,evening;,day;,night;,midnight;,1,1,1,1,1,1,1,Eurasia,esto1258,ekk,Uralic,Finno-Ugric,Finnic,EE,Uralic,ch16,Estonians,esto1258,Estonian,Eastern Europe,0-5%,0-5%,6-15%,26-35%,56-65%,1908,-0.829949412,0.066112944,-0.220475284,0.025,0.025,0.105,0.305,0.605,1908,350000,1897,50000,Uralic,59,26
Fijian,Mataka;,Ena sigalevu tutu;,Yakavi;,Yakavi;,ena loma ni siga;,bogi,Lomaloma ni bogi;,NA,NA,NA,NA,NA,NA,NA,明天;,中午；,晚上;,晚上;,在中午；,夜晚,午夜;,Tomorrow;,At noon;,Evening;,Evening;,in the middle of the day;,night,Midnight;,0.25,0.5,0.25,0.25,0.5,1,0.5,Papunesia,fiji1243,fij,Austronesian,Eastern Malayo-Polynesian,Oceanic,FJ,NA,Ih14,Mbau Fijians,bauu1243,Bau (Fijian),Southwestern Pacific,6-15%,0-5%,46-55%,0-5%,36-45%,1840,1.740010053,-1.426274509,-1.95783248,0.105,0.025,0.505,0.025,0.405,1840,NA,NA,1000-5000,Austronesian,-17.83333333,178
Fongbe,zanzan;,zanzan;,gbadanu;,gbadanu;,kéze mɛ;,zǎn;,zanzan;,NA,NA,NA,NA,NA,NA,NA,早晨;,早晨;,晚上;,晚上;,白天;,使用;,早晨;,morning;,morning;,evening;,evening;,during the day;,use;,morning;,0.25,0.25,0.25,0.25,0.5,1,0.25,Africa,fonn1241,fon,Niger-Congo,Kwa,Gbe,BJ,NA,Af1,Fon,fonn1241,Fon,West Tropical Africa,0-5%,16-25%,6-15%,16-25%,46-55%,1890,0.553172793,0.021199859,0.142811243,0.025,0.205,0.105,0.205,0.505,1890,25000,NA,5000-50000,Niger-Congo,6.416666667,2.166666667
Fula,fajiri;,naange;,asiri;,asiri;,e nder ñalawma;,jemma;,cakka jemma;,NA,NA,NA,NA,NA,NA,NA,早晨;,太阳;,晚上;,晚上;,白天;,夜晚;,午夜;,morning;,sun;,evening;,evening;,during the day;,night;,midnight;,1,0.25,0.25,0.25,0.5,1,0.5,Africa,pula1263,fuc,Niger-Congo,North-Central Atlantic,Peul-Serer,SN,NA,Cb23,Tukulor,pula1263,Pulaar,West Tropical Africa,0-5%,0-5%,6-15%,36-45%,46-55%,1930,-0.766275293,0.761509216,-0.384160911,0.025,0.025,0.105,0.405,0.505,1930,275000,1950,NA,Niger-Congo,15,-14
Greenlandic,ullaaq;,ulloqeqqa;,unnuk;,unnugiaq;,ulloq unnuarlu;,unnuaq;,unnuap qeqqa;,NA,NA,NA,NA,NA,NA,NA,早晨;,中午;,下午;,晚上;,日夜;,夜晚;,午夜;,morning;,noon;,afternoon;,evening;,day and night;,night;,midnight;,1,1,1,1,0.5,1,0.5,Eurasia,kala1399,kal,Eskimo-Aleut,NA,Eskimo,GL,NA,Na25,Kalaallit (West Greenland),kala1399,Kalaallisut,Subarctic America,6-15%,16-25%,66-75%,0-5%,0-5%,1910,4.242572899,-0.705226871,-3.039090285,0.105,0.205,0.705,0.025,0.025,1910,1600,1918,NA,Eskimo-Aleut,64,-51
Guarani,Ko'ẽ;,asajepyte;,ka'aru;,pyhare;,ára pukukue;,pyhare;,pyharepytũ;,NA,NA,NA,NA,NA,NA,NA,早晨;,中午;,晚的;,晚上;,全天；,晚上;,午夜;,Morning;,noon;,late;,evening;,throughout the day;,evening;,midnight;,1,1,0,0.25,0,0.25,1,South America,para1311,gug,Tupian,NA,Maweti-Guarani,PY,NA,NA,NA,NA,NA,NA,None,NA,NA,NA,NA,NA,1.674331359,-0.740753171,1.340758365,0.205,0.205,0.105,0.025,0.505,1950,2000,NA,NA,Tupian,-26,-56
Hausa,safiya;,tsakar rana;,maraice;,maraice;,a cikin yini;,dare;,tsakar dare;,NA,NA,NA,NA,NA,NA,NA,早晨;,中午;,晚上;,晚上;,白天;,夜晚;,午夜;,morning;,noon;,evening;,evening;,during the day;,night;,midnight;,1,0.5,0.25,0.25,0.5,1,0.5,Africa,haus1257,hau,Afro-Asiatic,Chadic,West Chadic,NG NE,Afro-Asiatic,Cb26,Zazzagawa Hausa,haus1257,Hausa,West Tropical Africa,6-15%,0-5%,0-5%,26-35%,56-65%,1950,-0.720520422,0.236373994,0.700427036,0.105,0.025,0.025,0.305,0.605,1950,260000,1948,50000,Afro-Asiatic,12,7
Hawaiian,kakahiaka;,awakea;,awakea;,ahiahi;,lā;,pō;,aumoe;,NA,NA,NA,NA,NA,NA,NA,早晨;,下午;,下午;,晚上;,天;,夜晚;,午夜;,morning;,afternoon;,afternoon;,evening;,day;,night;,midnight;,1,0.25,0.25,1,0,1,1,Papunesia,hawa1245,haw,Austronesian,Eastern Malayo-Polynesian,Oceanic,US,Austronesian,Ij6,Hawaiians,hawa1245,Hawaiian,North-Central Pacific,6-15%,0-5%,36-45%,0-5%,46-55%,1800,1.190256301,-1.485537229,-1.308545132,0.105,0.025,0.405,0.025,0.505,1800,None,NA,NA,Austronesian,19.58333333,-155.5
Hebrew,שַׁחַר;,צָהֳרַיִים,צָהֳרַיִים,עֶרֶב,שְׁעוֹת הַיוֹם;,לַיְלָה;,חֲצוֹת;,shoachar;,tzahora'im;,tzahora'im;,erev;,shem'ot hayom;,laila;,hazot;,黎明;,中午,中午,晚上,白天;,夜晚;,午夜;,Morning;,Afternoon,Afternoon,Evening,Hours of the day;,Night;,Midnight;,1,0.25,0.25,1,0.5,1,1,Eurasia,hebr1245,heb,Afro-Asiatic,NA,Semitic,IL,NA,NA,NA,NA,NA,NA,0-5%,16-25%,6-15%,26-35%,36-45%,NA,0.616846912,0.716596131,-0.020874384,0.025,0.205,0.105,0.305,0.405,NA,NA,NA,5000-50000,Afro-Asiatic,31.5,34.83333333
Hungarian,reggel;,dél;,délután;,este;,napközben;;,éjszaka;,éjfél;,NA,NA,NA,NA,NA,NA,NA,早晨;,南;,下午;,晚上;,白天;;,夜晚;,午夜;,morning;,noon;,afternoon;,evening;,during the day;;,night;,midnight;,1,1,1,1,1,1,1,Eurasia,hung1274,hun,Uralic,Finno-Ugric,Ugric,HU,Uralic,Ch8,Magyar,hung1274,Hungarian,Middle Europe,0-5%,0-5%,6-15%,16-25%,66-75%,1940,-0.893623531,-0.629283328,-0.056789657,0.025,0.025,0.105,0.205,0.705,1940,9400000,1950,50000,Uralic,47,20
Iban,Pagi;,Ngalih hari;,Lemai;,Lemai;,maya siang hari;,Malam;,Tengah malam;,NA,NA,NA,NA,NA,NA,NA,早晨;,中午;,晚上;,晚上;,白天;,夜晚;,午夜;,Morning;,Noon;,Evening;,Evening;,during the day;,Night;,Midnight;,1,0.5,0.25,0.25,0.5,1,0.5,Papunesia,iban1264,iba,Austronesian,None,Malayo-Sumbawan,MY,Austronesian,Ib1,Iban,iban1264,Iban,Malesia,0-5%,0-5%,16-25%,16-25%,56-65%,1950,-0.343869779,-0.570020608,-0.706077005,0.025,0.025,0.205,0.205,0.605,1950,11500,1949,NA,Austronesian,2,112
Igbo,ụtụtụ;,ehihie;,ehihie;,mgbede;,ụbọchị;,abalị;,etiti abalị;,NA,NA,NA,NA,NA,NA,NA,早晨;,下午;,下午;,晚上;,日期;,夜晚;,午夜;,morning;,afternoon;,afternoon;,evening;,day;,night;,midnight;,1,0.25,0.25,1,0,1,0.5,Africa,nucl1417,ibo,Niger-Congo,Benue-Congo,Igboid,NG,Atlantic-Congo,Af10,Igbo,nucl1417,Igbo,West Tropical Africa,0-5%,0-5%,0-5%,6-15%,86-100%,1930,-1.495517858,-1.480002005,0.666186833,0.025,0.025,0.025,0.105,0.93,1930,4000000,1929,400-1000,Niger-Congo,6,7.333333333
Inuktitut,Ullaakut;,Qitigartuq ullukut;,Ullukut;,Unnuksaq;,Ullukkut;,Unnuakut;,Qitigartuq unnuakut;,NA,NA,NA,NA,NA,NA,NA,早晨;,中午;,下午;,晚上;,再會;,夜晚;,午夜;,Morning;,Noon;,Afternoon;,Evening;,Good day;,Night;,Midnight;,1,0.5,1,1,0,1,0.5,North America,east2534,ike,Eskimo-Aleut,NA,Eskimo,NA,NA,Na13,Nunatsiarmiut,baff1240,North Baffin Inuktitut,Subarctic America,0-5%,46-55%,46-55%,0-5%,0-5%,1880,4.888517995,-0.085180869,-1.762077216,0.025,0.505,0.505,0.025,0.025,1880,NA,NA,50,Eskimo-Aleut,62,-76
Japanese,朝;,正午;,午後;,夕方;,昼間;,夜;,夜中;,NA,NA,NA,NA,NA,NA,NA,早晨;,中午;,下午;,晚上;,白天;,夜晚;,在夜间；,morning;,midday;,afternoon;,evening;,daytime;,night;,midnight;,1,1,1,1,1,1,1,Eurasia,nucl1643,jpn,Japanese,NA,Japanese,JP,NA,Ed5,Japanese,nucl1643,Japanese,Eastern Asia,0-5%,0-5%,0-5%,6-15%,86-100%,NA,-1.495517858,-1.480002005,0.666186833,0.025,0.025,0.025,0.105,0.93,NA,80000000,NA,50000,Uralic,37,140
Javanese,esuk;,awan;,sore;,sore;,ing wayah awan;,wengi;,tengah wengi;,NA,NA,NA,NA,NA,NA,NA,早晨;,中午;,晚上;,晚上;,中午；,夜晚;,午夜;,morning;,noon;,evening;,evening;,at noon;,night;,midnight;,1,0.25,1,1,0.25,1,0.5,Papunesia,java1254,jav,Austronesian,NA,NA,ID,NA,Ib2,Javanese,java1254,Javanese,Malesia,0-5%,0-5%,0-5%,16-25%,76-85%,1950,-1.377167513,-0.724654495,0.480356215,0.025,0.025,0.025,0.205,0.805,1950,24000,1952,5000-50000,Austronesian,-7,111
Jingpho,jahpawt manap;,shani ka ang;,shani ka ang;,shana daw;,shani aten;,shana;,yup tung;,tɕə31pʰot31to31‧,ɕə31ni55ɕə31toŋ33‧,ɕə31naʔ55teʔ31to31‧,n33ʒim33‧,ɕə31ni55‧,ɕə31naʔ55‧,jup31tu̱ŋ33‧,,,,,,,,,,,,,,,0.5,0.25,0.25,0.5,0,1,0.5,Eurasia,kach1280,kac,Sino-Tibetan,Tibeto-Burman,Brahmaputran,,,Ei5,Kachin,kach1280,Southern Jinghpaw,Indo-China,6-15%,6-15%,0-5%,16-25%,56-65%,1940,-0.116873408,-0.143273645,0.942981956,0.105,0.105,0.025,0.205,0.605,1940,300000,1901,100-199,Sino-Tibetan,26,97
Kazakh,таңертең;,түскі;,түстен кейін;,кешке;,күндізгі;,түн;,түн ортасы;,NA,NA,NA,NA,NA,NA,NA,在早晨;,午餐;,下午;,晚上;,白天;,夜晚;,午夜;,morning;,noon;,afternoon;,evening;,daytime;,night;,midnight;,1,1,0.5,1,1,1,0.5,Eurasia,kaza1248,kaz,Altaic,None,Turkic,KZ,Turkic,Eb1,Kazakh,kaza1248,Kazakh,Middle Asia,0-5%,6-15%,0-5%,76-85%,6-15%,1910,-0.327801665,3.76347177,-0.422888255,0.025,0.105,0.025,0.805,0.105,1910,NA,NA,50-99,Altaic,50,70
Kanuri,suwa;,duwar;,kausu;,kajiri;,loktu kawusuwaben;,bənye;,dərtə;,NA,NA,NA,NA,NA,NA,NA,是;,中午;,下午;,晚上;,在晚上；,夜晚;,午夜;,am;,noon;,afternoon;,evening;,during the evening;,night;,midnight;,0.25,1,1,1,0,1,1,Africa,cent2050,knc,Saharan,Saharan,Western Saharan,NG TD NE SD,Saharan,Cb19,Kanuri,cent2050,Central Kanuri,West Tropical Africa,6-15%,0-5%,6-15%,16-25%,56-65%,1870,-0.300650559,-0.363651111,0.326966792,0.105,0.025,0.105,0.205,0.605,1870,750000,1952,5000-50000,Nilo-Saharan,12,13
Khasi,mynstep;,shiteng sngi;,nohphai sngi;,janmiet;,ha ka por sngi;,meit;,shiteng miet;,NA,NA,NA,NA,NA,NA,NA,早晨;,中午;,下午;,晚上;,在白天；,夜晚;,午夜;,morning;,noon;,afternoon;,evening;,in the daytime;,night;,midnight;,1,0.5,0.5,1,0.5,1,0.5,Eurasia,khas1269,kha,Austro-Asiatic,Mon-Khmer,Khasian,IN,Austroasiatic,Ei8,Khasi,khas1269,Khasi,Indian Subcontinent,6-15%,6-15%,6-15%,16-25%,46-55%,1900,0.366670575,-0.047902478,0.405836085,0.105,0.105,0.105,0.205,0.505,1900,175000,1901,50-99,Austroasiatic,25.5,92
Khmer,ព្រឹក;,ថ្ងៃត្រង់,រសៀល;,ពេលល្ងាច;,ក្នុងអំឡុងពេលថ្ងៃ;,យប់;,កណ្តាលអធ្រាត្រ;,pruk;,thngaitrang,rsiel;,pelolngeach;,knongamlongpel thngai;,yb;,k nta l athreatr;,早晨;,中午,下午;,晚上;,白天;,夜晚;,午夜;,Morning;,Noon,Afternoon;,Evening;,During the day;,Night;,Midnight;,1,1,1,1,0.5,1,1,Eurasia,cent1989,khm,Austro-Asiatic,Mon-Khmer,Khmer,KH,NA,Ej15,Ancient Khmer,oldk1249,Old Khmer,Indo-China,6-15%,0-5%,16-25%,6-15%,56-65%,NA,0.185429074,-0.999784662,-0.158634929,0.105,0.025,0.205,0.105,0.605,NA,3500000,1950,50000,Austroasiatic,12.5,105
Kinyarwanda,mu gitondo;,saa sita;,nyuma ya saa sita;,nimugoroba;,ku manywa;,ijoro;,mu gicuku;,NA,NA,NA,NA,NA,NA,NA,在早晨;,中午;,下午;,晚上;,白天;,夜晚;,在午夜；,in the morning;,at noon;,in the afternoon;,in the evening;,during the day;,at night;,at midnight;,0.5,0.5,0.5,1,0.5,1,0.5,Africa,kiny1244,kin,Niger-Congo,Benue-Congo,Bantu,RW,NA,Ae10,Banyaruanda,kiny1244,Kinyarwanda,West-Central Tropical Africa,0-5%,6-15%,0-5%,26-35%,56-65%,1910,-0.646172261,0.28649041,0.395539881,0.025,0.105,0.025,0.305,0.605,1910,2133000,1952,100-199,Niger-Congo,-2,30
Kongo,suka;,midi;,nima ya midi;,nkokila;,ntangu ya mwini;,mpimpa;,midi ya mpimpa;,NA,NA,NA,NA,NA,NA,NA,早晨;,中午;,下午;,晚上;,一天中的时间；,夜晚;,午夜;,morning;,noon;,afternoon;,evening;,time of day;,night;,midnight;,1,1,0.5,1,0.5,1,0.5,Africa,koon1244,kng,Niger-Congo,Benue-Congo,Bantu,CD,NA,Ac14,Bakongo,sans1272,San Salvador Kongo,South Tropical Africa,6-15%,6-15%,6-15%,6-15%,56-65%,1900,0.302996455,-0.74329875,0.569521712,0.105,0.105,0.105,0.105,0.605,1900,None,NA,None,Niger-Congo,-5,15
Korean,아침;,정오;,오후;,저녁;,낮 동안;,밤;,자정;,NA,NA,NA,NA,NA,NA,NA,早晨;,中午;,下午;,晚餐;,白天;,夜晚;,午夜;,Morning;,Noon;,Afternoon;,Evening;,During the day;,Night;,Midnight;,1,1,1,1,0.5,1,1,Eurasia,kore1280,kor,Korean,NA,Korean,KR KP,NA,Ed1,Koreans,kore1280,Korean,Eastern Asia,0-5%,0-5%,16-25%,16-25%,56-65%,NA,-0.343869779,-0.570020608,-0.706077005,0.025,0.025,0.205,0.205,0.605,NA,200,1947,50000,Uralic,37.5,128
Kurdish (Sorani),بەیانی؛,بەیانی؛,دوای نیوەڕۆ؛,ئێوارە؛,لە ڕۆژدا؛,شەو؛,نیوە شەو؛,beîanî;,beîanî;,dwaî nîwerro;,iêware;,le rrojda;,şew;,nîwe şew;,明天;,明天;,下午;,晚上;,白天;,夜晚;,午夜;,tomorrow;,tomorrow;,afternoon;,evening;,during the day;,night;,midnight;,0.25,0.25,0.5,1,0.5,1,0.5,Eurasia,cent1972,ckb,Indo-European,NA,Iranian,IR IQ,NA,NA,Kurd,cent1972,Central Kurdish,Western Asia,0-5%,0-5%,6-15%,36-45%,46-55%,NA,-0.766275293,0.761509216,-0.384160911,0.025,0.025,0.105,0.405,0.505,NA,30000000,1951,NA,Indo-European,36,44
Latin,mane;,meridies;,meridiem;,vesperi;,interdiu;,nocte;,media nocte;,NA,NA,NA,NA,NA,NA,NA,早晨;,中午;,南;,晚上;,白天;,晚上;,午夜;,morning;,noon;,noon;,evening;,daytime;,night;,midnight;,1,1,1,1,1,1,0.5,NA,lati1261,NA,Indo-European,NA,NA,NA,NA,Ce3,Ancient Romans,lati1261,Latin,Southeastern Europe,0-5%,0-5%,16-25%,16-25%,56-65%,NA,-0.343869779,-0.570020608,-0.706077005,0.025,0.025,0.205,0.205,0.605,NA,NA,NA,50000,Indo-European,41.9,12.45
Latgale,reits;,pušdiņlaiks;,piecpušdine;,vokors;,dīnys laikā;,nakts;,pušnakts;,NA,NA,NA,NA,NA,NA,NA,早晨;,中午;,下午;,晚上;,白天;,夜晚;,午夜;,morning;,noon;,afternoon;,evening;,during the day;,night;,midnight;,1,1,1,1,0.5,1,1,Eurasia,latv1249,lav,Indo-European,NA,Baltic,LV,lav,ch21,Latvians,latv1249,Latvian,Eastern Europe,0-5%,0-5%,6-15%,16-25%,66-75%,1881,-0.893623531,-0.629283328,-0.056789657,0.025,0.025,0.105,0.205,0.705,1881,1312000,1897,50000,Indo-European,57,24
Lingala,ntongo;,midi;,nsima ya nzanga;,mpokwa;,na moi;,butu;,midi ya butu;,NA,NA,NA,NA,NA,NA,NA,早晨;,中午;,下午;,晚上;,在阳光下；,夜晚;,午夜;,morning;,noon;,afternoon;,evening;,in the sun;,night;,midnight;,1,1,0.5,1,0,1,0.5,Africa,ling1263,lin,Niger-Congo,Benue-Congo,Bantu,CD,NA,Ae28,Ngala,ling1263,Kinshasa Lingala,West-Central Tropical Africa,0-5%,6-15%,36-45%,6-15%,36-45%,1900,1.359284738,-0.831142805,-1.762096782,0.025,0.105,0.405,0.105,0.405,1900,125000,1950,200-399,Niger-Congo,2,18.5
Rundi,mu gitondo;,ku mutaga;,ku muhingamo;,ku mugoroba;,ku murango;,ijoro;,sasita y'ijoro;,NA,NA,NA,NA,NA,NA,NA,早晨;,中午;,下午;,晚上;,白天;,夜晚;,午夜;,morning;,noon;,afternoon;,evening;,during the day;,night;,midnight;,0.5,0.5,0.5,0.5,0.5,1,0.5,Africa,rund1242,run,Niger-Congo,Benue-Congo,Bantu,BI,NA,Ae8,Rundi,rund1242,Rundi,West-Central Tropical Africa,0-5%,0-5%,6-15%,26-35%,56-65%,1910,-0.829949412,0.066112944,-0.220475284,0.025,0.025,0.105,0.305,0.605,1910,2000000,NA,NA,Niger-Congo,-3.5,30
Luo,okinyi;,onyango;,onyango;,odhiambo;,ei odiechieng',otieno;,chuny otieno;,NA,NA,NA,NA,NA,NA,NA,早晨;,下午;,下午;,晚上;,白天,夜晚;,午夜;,morning;,afternoon;,afternoon;,evening;,during the day,night;,midnight;,1,0.25,0.25,1,0.5,1,0.5,Africa,luok1236,luo,Eastern Sudanic,Nilotic,Western Nilotic,KE TZ,NA,Aj6,Luo,luok1236,Luo (Kenya and Tanzania),East Tropical Africa,0-5%,6-15%,6-15%,16-25%,56-65%,1940,-0.226302398,-0.313534695,0.022079636,0.025,0.105,0.105,0.205,0.605,1940,800000,1947,100-199,Nilo-Saharan,-0.5,34.75
Luganda,ku makya;,ttuntu;,mu tuntu;,akawawungeezi;,emisana;,ekiro;,matumbi budde;,NA,NA,NA,NA,NA,NA,NA,早晨;,中午;,下午;,晚上;,白天;,夜晚;,午夜;,morning;,noon;,afternoon;,evening;,during the day;,night;,midnight;,0.5,1,0.5,1,1,1,0.5,Africa,gand1255,lug,Niger-Congo,Benue-Congo,Bantu,UG,NA,Ad7,Ganda,gand1255,Ganda,East Tropical Africa,0-5%,6-15%,6-15%,6-15%,66-75%,1880,-0.289976517,-1.008930967,0.185765263,0.025,0.105,0.105,0.105,0.705,1880,600000,1900,5000-50000,Niger-Congo,0.5,32.16666667
Maithili,भोर;,दुपहर;,बेर-उपहर;,सांझ;,दिन मे;,रात्रि;,आधा-राति;,bhor;,dupahar;,ber-upahar;,ratri;,dinak samay;,ratri;,aadhaa-rati;,早晨;,中午;,下午;,晚上;,白天;,夜晚;,午夜;,morning;,noon;,afternoon;,evening;,during the day;,night;,midnight;,1,1,1,1,0.5,1,1,Eurasia,mait1250,mai,Indo-European,None,Indic,IN NP,NA,Ef10,Bihari,mait1250,Maithili,Indian Subcontinent,0-5%,0-5%,0-5%,16-25%,76-85%,1880,-1.377167513,-0.724654495,0.480356215,0.025,0.025,0.025,0.205,0.805,1880,NA,NA,NA,Indo-European,26,86
Makassar,baribbasa;,allo;,karueng;,bangngi;,allo;ri wattu alloa,bangngi;,lantang bangngia;,NA,NA,NA,NA,NA,NA,NA,早晨;,天;,下午;,晚上;,白天；白天,晚上;,午夜;,morning;,day;,afternoon;,evening;,day;during the day,evening;,midnight;,1,0,1,0.25,0.5,0.25,0.5,Papunesia,maka1311,mak,Austronesian,None,South Sulawesi,ID,NA,Ic1,Macassarese,maka1311,Makasar,Malesia,0-5%,0-5%,16-25%,16-25%,56-65%,1940,-0.343869779,-0.570020608,-0.706077005,0.025,0.025,0.205,0.205,0.605,1940,NA,NA,NA,Austronesian,-5.416666667,119.5833333
Malay,pagi；,tengah hari；,Petang；,Petang；,pada siang hari；,Malam;,Setengah malam；,NA,NA,NA,NA,NA,NA,NA,早晨;,中午;,晚上;,晚上;,白天;,夜晚;,午夜;,morning；,noon；,evening；,evening；,during the day；,evening;,midnight；,1,0.5,0.25,0.25,0.5,1,0.5,Eurasia,stan1306,zsm,Austronesian,None,Malayo-Sumbawan,MY,NA,Ej16,Negri Sembilan,nege1240,Negeri Sembilan Malay,Malesia,0-5%,0-5%,6-15%,6-15%,76-85%,1958,-0.95729765,-1.3246796,0.106895971,0.025,0.025,0.105,0.105,0.805,1958,NA,NA,NA,Austronesian,3,102
Malagasy,maraina;,mitataovovonana;,tolakandro;,hariva;,antoandro;,alina;,mamatonalina;,NA,NA,NA,NA,NA,NA,NA,早晨;,中午;,下午;,晚上;,白天;,夜晚;,午夜;,morning;,noon;,afternoon;,evening;,noon;,night;,midnight;,1,1,1,1,1,1,1,Africa,plat1254,plt,Austronesian,None,Barito,MG,Austronesian,Eh9,Antaisaka,tesa1236,Tesaka Malagasy,Western Indian Ocean,0-5%,0-5%,16-25%,26-35%,46-55%,1930,-0.28019566,0.125375664,-0.869762632,0.025,0.025,0.205,0.305,0.505,1930,225000,1951,NA,Austronesian,-20,47
Malayalam,രാവിലെ;,0,ഉച്ചകഴിഞ്ഞ്;,വൈകുന്നേരം;,പകൽ സമയം;,രാത്രി;,അർദ്ധരാത്രി;,ravile;,uchaykku;,uchakazhinju;,raathri;,pakal samayam;,raathri;,ardharaathri;,早晨;,0,下午;,晚上;,白天;,夜晚;,午夜;,Morning;,0,Afternoon;,Evening;,Daytime;,Night;,Midnight;,1,0,1,1,0.5,1,1,Eurasia,mala1464,mal,Dravidian,None,Dravidian,IN,Dravidian,Eg6,Kerala,mala1464,Malayalam,Indian Subcontinent,0-5%,0-5%,6-15%,26-35%,56-65%,1799,-0.829949412,0.066112944,-0.220475284,0.025,0.025,0.105,0.305,0.605,1799,NA,NA,50000,Dravidian,10,76.5
Mam,nchi´j;,chilka qij;,q'ale;,aq'b'il;,toj q´ij;,aq'b'il;,tkuj aq´b´il;,NA,NA,NA,NA,NA,NA,NA,早晨;,中午;,下午;,晚上;,希望;,晚上;,午夜;,morning;,noon;,afternoon;,evening;,hope;,evening;,midnight;,1,0.5,1,0.25,0,0.25,0.5,North America,mamm1241,mam,Mayan,None,Mayan,GT,NA,Sa8,Mam,mamm1241,Mam,Central America,0-5%,0-5%,0-5%,6-15%,86-100%,1930,-1.495517858,-1.480002005,0.666186833,0.025,0.025,0.025,0.105,0.93,1930,1000-5000,1930,1300,Mayan,15,-91.83333333
Maori,ata;,poupoutanga;,ahiahi;,ahiahi;,awatea;,po;,waenganui po;,NA,NA,NA,NA,NA,NA,NA,早晨;,中午;,晚上;,晚上;,白天;,夜晚;,午夜;,morning;,noon;,afternoon;,evening;,daytime;,night;,midnight;,1,1,0.25,0.25,1,1,0.5,Papunesia,maor1246,mri,Austronesian,Eastern Malayo-Polynesian,Oceanic,NZ,Austronesian,Ij2,Māori,maor1246,Maori,New Zealand,26-35%,6-15%,16-25%,0-5%,36-45%,1820,2.13114991,-0.74413597,1.072579961,0.305,0.105,0.205,0.025,0.405,1820,42100,1896,200-399,Austronesian,-40,176
Mongolian,өглөө;,үд дунд;,үдээс хойш;,орой;,өдрийн цагаар;,шөнө;,шөнө дунд;,öglöö;,üd dund;,üdees khoish;,shönö;,ödriin tsagaar;,shönö;,shönö dund;,早晨;,中午；,下午;,晚上;,白天;,夜晚;,午夜;,morning;,noon;,afternoon;,evening;,daytime;,night;,midnight;,1,1,0.5,1,0.5,1,0.5,NA,halh1238,NA,Mongolic-Khitan,NA,NA,NA,NA,Eb3,Khalka,halh1238,Halh Mongolian,Mongolia,0-5%,6-15%,0-5%,76-85%,6-15%,1940,-0.327801665,3.76347177,-0.422888255,0.025,0.105,0.025,0.805,0.105,1940,NA,NA,50,Altaic,48.324,106.289
Miao,sawv ntxov;,0,tav su;,yav tsaus ntuj;,nruab hnub;,hmo ntuj;,ib tag hmo;,ɕi33ta44‧,ȶoŋ33n̥ʰɛ33‧,tei35m̥ʰaŋ44‧,ɕi44m̥ʰaŋ44‧,ȶoŋ33n̥ʰɛ33‧,ȶu33m̥ʰaŋ44‧,taŋ22m̥ʰaŋ44‧,早晨;,0,下午;,晚上;,白天;,夜晚;,午夜;,morning;,afternoon;,afternoon;,night;,daytime;,nighttime;,midnight;,1,1,1,1,1,1,1,Eurasia,hmon1333,mww,Hmong-Mien,NA,Hmongic,CN VN,NA,Ed4,Miao,horn1235,Horned Miao,China,0-5%,6-15%,6-15%,16-25%,56-65%,1940,-0.226302398,-0.313534695,0.022079636,0.025,0.105,0.105,0.205,0.605,1940,2500000,1954,100-199,Sino-Tibetan,26,105
Mizo,zing;,chawhnu;,chawhnu;,tlailam,nilengin;,zan;,zanlai;,NA,NA,NA,NA,NA,NA,NA,早晨;,下午;,下午;,晚上,尼仑金；,夜晚;,午夜;,morning;,afternoon;,afternoon;,evening,nilengin;,night;,midnight;,1,0.25,0.25,1,0,1,1,Eurasia,lush1249,lus,Sino-Tibetan,Tibeto-Burman,Kuki-Chin,BD IN,NA,Ei20,Kuki,lush1249,Mizo,Indian Subcontinent,0-5%,6-15%,0-5%,16-25%,66-75%,1940,-0.70984638,-0.408905862,0.559225508,0.025,0.105,0.025,0.205,0.705,1940,NA,NA,None,Sino-Tibetan,23.16666667,92.83333333
Nahuatl (Eastern Huasteca),mostla;,tlajkotonal;,tiotlak;,tlayoua;,tonali;,tlayoua;,tlakoyoual;,NA,NA,NA,NA,NA,NA,NA,明天;,中午;,下午;,晚上;,时期;,晚上;,午夜;,tomorrow;,noon;,afternoon;,evening;,period;,evening;,midnight;,0.25,1,1,0.25,0,0.25,1,North America,huas1257,nhe nhw,Uto-Aztecan,NA,Aztecan,MX,NA,NA,NA,NA,NA,NA,0-5%,6-15%,6-15%,6-15%,66-75%,1520,-0.289976517,-1.008930967,0.185765263,0.025,0.105,0.105,0.105,0.705,1520,300000,1520,50000,Uto-Aztecan,22,-99
Ndebele (Southern) Northern Ndebele,ekuseni;,emini;,ngemva kwedina;,ubusuku;,emini;,ubusuku;,phakathi kobusuku;,NA,NA,NA,NA,NA,NA,NA,早期的;,中午;,下午;,晚上;,中午;,晚上;,午夜;,early;,noon;,afternoon;,evening;,noon;,evening;,midnight;,0.25,0.25,0.5,0.25,0.25,0.25,0.5,Africa,nort2795,nde,Niger-Congo,Benue-Congo,Bantu,ZA,NA,Ab9,Ndebele,nort2795,Zimbabwean Ndebele,South Tropical Africa,0-5%,6-15%,0-5%,36-45%,46-55%,1870,-0.582498142,0.981886682,0.231854253,0.025,0.105,0.025,0.405,0.505,1870,300000,1948,5000-50000,Niger-Congo,-25.33333333,29
Ndumbe(Ndombe?)Ndonga,kuseni;,sikati;,sikati;,goko;,chiindi chamasyikati;,mansiku;,aakati kabo;,NA,NA,NA,NA,NA,NA,NA,早晨;,下午;,下午;,晚上;,一天中的时间；,夜晚;,午夜;,morning;,afternoon;,afternoon;,evening;,time of day;,night;,midnight;,1,0.25,0.25,1,0,1,0.5,Africa,ndon1254,ndo,Niger-Congo,Benue-Congo,Bantu,AO NA,NA,Ab19,Ambo,ndon1254,Ndonga,South Tropical Africa,0-5%,6-15%,6-15%,26-35%,46-55%,1910,-0.162628279,0.381861577,-0.141605991,0.025,0.105,0.105,0.305,0.505,1910,60000,1948,NA,Niger-Congo,-18,17
Sotho (Northern),mesong;,mosegare;,mathapama;,mantšiboa;,mosegare;,bošego;,bošegogare;,NA,NA,NA,NA,NA,NA,NA,早晨;,中午;,下午;,晚上;,中午;,夜晚;,午夜;,morning;,noon;,afternoon;,evening;,noon;,night;,midnight;,1,0.25,1,1,0.25,1,1,Africa,pedi1238,nso,Niger-Congo,Benue-Congo,Bantu,ZA,NA,NA,NA,NA,NA,NA,0-5%,6-15%,0-5%,26-35%,56-65%,NA,-0.646172261,0.28649041,0.395539881,0.025,0.105,0.025,0.305,0.605,1860,100000,1931,200-399,Niger-Congo,-24,29
Southern Sotho,hoseng;,mots'ehare;,thapama;,mantsiboea;,motsheare;,bosiu;,khitla;,NA,NA,NA,NA,NA,NA,NA,早晨;,中午;,下午;,晚上;,白天;,夜晚;,午夜;,morning;,noon;,afternoon;,evening;,noon;,night;,midnight;,1,1,1,1,1,1,1,Africa,sout2807,sot,Niger-Congo,Benue-Congo,Bantu,LS ZA,NA,Ab8,Sotho,sout2807,Southern Sotho,Southern Africa,6-15%,6-15%,0-5%,26-35%,46-55%,1860,-0.053199289,0.552122627,0.779296329,0.105,0.105,0.025,0.305,0.505,1860,900000,1953,200-399,Niger-Congo,-28,27
Nuer,runwa̱ŋ;,cäŋdär;,cäŋdär;,thia̱ŋ;,kɛ cäŋdäär;,wär;,wädär;,NA,NA,NA,NA,NA,NA,NA,早晨;,下午;,下午;,申请;,在白天；,靴子；,午夜;,morning;,afternoon;,afternoon;,apply;,in the daytime;,boot;,midnight;,1,0.25,0.25,0.25,0.5,0.25,1,Africa,nuer1246,nus,Eastern Sudanic,Nilotic,Western Nilotic,ET SS,NA,Aj3,Nuer,nuer1246,Nuer,Northeast Tropical Africa,0-5%,0-5%,6-15%,46-55%,36-45%,1930,-0.702601174,1.456905488,-0.547846538,0.025,0.025,0.105,0.505,0.405,1930,430000,1931,NA,Nilo-Saharan,8.333333333,32
Oriya,ସକାଳ;,ମଧ୍ୟାହ୍ନ;,ଅପରାହ୍ନ;,ସନ୍ଧ୍ୟା ;,ଦିନକାଳ;,ରାତି ;,ମଧ୍ୟରାତ୍ରି;,sakala;,madhyana;,aparana;,rati ;,dinakala;,rati ;,madhyaratri;,NA,NA,NA,NA,NA,NA,NA,Morning;,Noon;,Afternoon;,Evening;,Daytime;,Night;,Midnight;,1,1,1,1,1,1,1,Eurasia,oriy1255,ory,Indo-European,None,Indic,IN,NA,Eg7,Hill Bhuiya,oriy1255,Odia,Indian Subcontinent,6-15%,6-15%,6-15%,16-25%,46-55%,1930,0.366670575,-0.047902478,0.405836085,0.105,0.105,0.105,0.205,0.505,1930,2000000,NA,50-99,Indo-European,21,85
Oromo,ganama;,waaree;,waaree booda;,galgala;,guyyaa keessatti;,halkan;,halkan walakkaa;,NA,NA,NA,NA,NA,NA,NA,早晨;,中午;,下午;,晚上;,在白天；,夜晚;,午夜;,morning;,noon;,afternoon;,evening;,in the daytime;,night;,midnight;,1,1,0.5,1,0.5,1,0.5,Africa,bora1271,gax,Afro-Asiatic,Cushitic,Lowland East Cushitic,KE ET,NA,Ca11,Arusi,bora1271,Borana-Arsi-Guji Oromo,Northeast Tropical Africa,0-5%,6-15%,0-5%,46-55%,36-45%,1890,-0.518824023,1.677282954,0.068168626,0.025,0.105,0.025,0.505,0.405,1890,NA,NA,None,Afro-Asiatic,4.5,38.5
Quechua,tutapay;,chawpi punchaw;,chisinkuy;,tutapi;,p’unchawpi;,tuta;,chawpi tuta;,NA,NA,NA,NA,NA,NA,NA,早晨;,中午;,下午;,晚上;,在白天；,夜晚;,午夜;,morning;,noon;,afternoon;,evening;,in the daytime;,night;,midnight;,1,0.5,0.5,1,1,1,0.5,South America,chiq1249,qxa,Quechuan,NA,Quechuan,PE,NA,Sf1,Inca,cusc1236,Cusco Quechua,Western South America,0-5%,6-15%,0-5%,16-25%,66-75%,1530,-0.70984638,-0.408905862,0.559225508,0.025,0.105,0.025,0.205,0.705,1530,1500000,1571,5000-50000,Quechuan,-8.5,-77.5
Bemba,ulucelo;,icungulo;,icungulo;,icungulo;,akasuba;,ubushiku;,pakati kabushiku;,NA,NA,NA,NA,NA,NA,NA,早晨;,晚上;,晚上;,晚上;,太阳;,日期;,午夜;,morning;,evening;,evening;,evening;,sun;,date;,midnight;,1,0.25,0.25,0.25,0,1,0.5,Africa,bemb1257,bem,Niger-Congo,Benue-Congo,Bantu,CD,NA,Ac3,Bemba,town1238,Town Bemba,South Tropical Africa,6-15%,6-15%,6-15%,0-5%,66-75%,1900,0.208316179,-1.347576758,0.718186207,0.105,0.105,0.105,0.025,0.705,1900,100000,1930,100-199,Niger-Congo,-10,28.25
Panjabi (Gurmukhi),ਸਵੇਰ;,ਦੁਪਹਿਰ;,ਦੁਪਹਿਰ;,ਸ਼ਾਮ;,ਦਿਨ ਵੇਲੇ;,ਰਾਤ;,ਅੱਧੀ ਰਾਤ;,savēra;,dupahira;,dupahira;,rāta;,dina vēlē;,rāta;,adhī rāta;,早晨;,下午;,下午;,晚上;,白天;,夜晚;,午夜;,Morning;,Afternoon;,Afternoon;,Evening;,Daytime;,Night;,Midnight;,1,0.25,0.25,1,0.5,1,0.5,Eurasia,panj1256,pan,Indo-European,NA,Indic,PK IN,NA,Ea13,Punjabi,west2386,Western Panjabi,Indian Subcontinent,0-5%,0-5%,0-5%,16-25%,76-85%,1950,-1.377167513,-0.724654495,0.480356215,0.025,0.025,0.025,0.205,0.805,1950,300,1950,50000,Indo-European,31,74
Sanskrit,प्रातः;,अपराह्न;,अपराह्नः;,सायंकालः;,दिवा;,निशा;,मध्यरात्री;,pratah;,aparahn;,aparahnah;,nisha;,diva;,nisha;,madhyaratri;,早晨;,中午;,下午;,晚上;,女神；,夜晚;,午夜;,morning;,noon;,afternoon;,evening;,Diva;,night;,midnight;,1,0.25,0.25,1,0,1,1,NA,NA,NA,NA,NA,NA,NA,NA,Ef3,Indo-Iranian,sans1269,Sanskrit,Indian Subcontinent,0-5%,6-15%,0-5%,26-35%,56-65%,NA,-0.646172261,0.28649041,0.395539881,0.025,0.105,0.025,0.305,0.605,NA,None,NA,NA,Indo-European,20,77
Sami,iđit;,gaskabeaivi;,eahketbeaivi;,eahket;,beaivvi áigge,idja;,gaskaidja;,NA,NA,NA,NA,NA,NA,NA,早晨;,中午;,下午;,晚上;,白天,夜晚;,午夜;,morning;,noon;,afternoon;,evening;,during the day,night;,midnight;,1,1,1,1,0.5,1,0.5,Eurasia,sout2674,sma,Uralic,Finno-Ugric,Saami,SE,NA,Cg4,Sami,nort2671,North Saami,Northern Europe,0-5%,16-25%,16-25%,56-65%,0-5%,1950,1.31388204,2.814086677,-1.143502621,0.025,0.205,0.205,0.605,0.025,1950,200,1951,50,Uralic,64.66666667,16.75
Samoan,taeao;,aoauli;,aoauli;,afiafi;,i le ao;,po;,tulua o po;,NA,NA,NA,NA,NA,NA,NA,早晨;,下午;,下午;,晚上;,白天;,夜晚;,午夜;,morning;,afternoon;,afternoon;,evening;,during the day;,night;,midnight;,1,0.25,0.25,1,0.5,1,0.5,Papunesia,samo1305,smo,Austronesian,Eastern Malayo-Polynesian,Oceanic,AS WS,NA,Ii1,American Samoans,samo1305,Samoan,Southwestern Pacific,0-5%,0-5%,26-35%,6-15%,56-65%,1920,0.142209853,-1.206154159,-1.191678726,0.025,0.025,0.305,0.105,0.605,1920,45000,1926,50-99,Austronesian,-13.91666667,-171.8333333
Santali,Sẹtak̕;,Dupuṛ re;,Tarasiń;,Ạyup̕ bela;,din okte;,ńindạ;,Tala ńindạ;,NA,NA,NA,NA,NA,NA,NA,早晨;,中午；,下午;,晚上;,一天中的时间；,夜晚;,午夜;,Morning;,At noon;,Afternoon;,Evening;,time of day;,night;,Midnight;,1,0.5,1,1,0,1,0.5,Eurasia,sant1410,sat,Austro-Asiatic,None,Munda,IN,NA,Ef1,Santal,sant1410,Santali,Indian Subcontinent,0-5%,6-15%,6-15%,6-15%,66-75%,1940,-0.289976517,-1.008930967,0.185765263,0.025,0.105,0.105,0.105,0.705,1940,2500000,1931,NA,Austroasiatic,24.5,87
Shona,mangwanani;,masikati;,masikati;,manheru;,masikati;,husiku;,pakati peusiku;,NA,NA,NA,NA,NA,NA,NA,早晨;,下午;,下午;,晚上;,下午;,夜晚;,午夜;,morning;,afternoon;,afternoon;,evening;,afternoon;,night;,midnight;,1,0.25,0.25,1,0.25,1,0.5,Africa,shon1251,sna,Niger-Congo,Benue-Congo,Bantu,ZW,NA,Ab18,Shona,shon1251,Shona,South Tropical Africa,6-15%,6-15%,6-15%,16-25%,46-55%,1920,0.366670575,-0.047902478,0.405836085,0.105,0.105,0.105,0.205,0.505,1920,700000,1931,100-199,Niger-Congo,-18,31
Sindhi,صبح؛,0,منجهند؛,شام,ڏينهن دوران,رات؛,اڌ رات؛,subh;,0,manjhand;,sham;,denhan,doran rat;,adh rat;,早晨;,0,下午;,叙利亚,白天,夜晚;,午夜;,Morning;,0,Afternoon;,Evening,During the day,Night;,Midnight;,1,0,1,1,0.5,1,1,Eurasia,sind1272,snd,Indo-European,None,Indic,PK IN,NA,Ea1,Sindhi,sind1272,Sindhi,Indian Subcontinent,0-5%,0-5%,16-25%,26-35%,46-55%,1950,-0.28019566,0.125375664,-0.869762632,0.025,0.025,0.205,0.305,0.505,1950,9500000,1961,50000,Indo-European,26,69
Somali,subax;,duhurkii;,galabnimo;,fiidkii;,maalintii;,habeen;,saqda dhexe;,NA,NA,NA,NA,NA,NA,NA,早晨;,中午;,下午;,晚上;,白天;,夜晚;,午夜;,morning;,noon;,afternoon;,evening;,day;,night;,midnight;,1,1,1,1,1,1,0.5,Africa,soma1255,som,Afro-Asiatic,Cushitic,Lowland East Cushitic,SO,NA,Ca2,Somali (Dolbahanta),nort3051,Northern Somali,Northeast Tropical Africa,0-5%,0-5%,0-5%,86-100%,6-15%,1950,-0.970206376,4.257017239,-0.684219591,0.025,0.025,0.025,0.93,0.105,1950,NA,NA,50,Afro-Asiatic,3,45
Susu,djècèkhè;,nou'maré;,midi dangui khanbi;,noun maré;,lOxE;,koyè;,kouwè;,NA,NA,NA,NA,NA,NA,NA,早晨;,中午;,下午;,晚上;,日期;,夜晚;,今晚;,morning;,noon;,afternoon;,evening;,date;,night;,tonight;,1,1,0.5,0.5,0,1,1,Africa,susu1250,sus,Mande,None,Western Mande,GN,Mande,NA,Susu,susu1250,Susu,West Tropical Africa,0-5%,6-15%,6-15%,16-25%,56-65%,1930,-0.226302398,-0.313534695,0.022079636,0.025,0.105,0.105,0.205,0.605,1930,300000,1950,NA,Niger-Congo,10,-13
Swati,ekuseni;,emini;,entsabama;,entsambama;,emini;,busuku;,ekhatsi nebusuku;,NA,NA,NA,NA,NA,NA,NA,早晨;,中午;,下午;,晚上;,中午;,夜晚;,午夜;,morning;,noon;,afternoon;,evening;,noon;,night;,midnight;,1,0.25,1,1,0.25,1,0.5,Africa,swat1243,ssw,Niger-Congo,Benue-Congo,Bantu,ZA SZ,NA,Ab2,Swazi,swat1243,Swati,Southern Africa,6-15%,6-15%,0-5%,16-25%,56-65%,NA,-0.116873408,-0.143273645,0.942981956,0.105,0.105,0.025,0.205,0.605,NA,180000,1946,NA,Niger-Congo,-26.5,31
Steppe Mari,поро эр;,кечывалым;,түштөн кийин;,кас;,кечывалым;,йӱд;,пелйӱд;,poro ér;,kečyvalym;,tüštön kijin;,jüd;,kečyvalym;,jüd;,peljüd;,早晨;,午餐;,下午;,晚上;,午餐;,夜晚;,午夜;,morning;,lunch;,afternoon;,evening;,lunch;,night;,midnight;,1,1,0.5,1,0,1,1,Eurasia,east2328,mhr,Uralic,Finno-Ugric,Mari,RU,NA,Ch4,Mari,east2328,Eastern Mari,Eastern Europe,0-5%,0-5%,16-25%,26-35%,46-55%,1900,-0.28019566,0.125375664,-0.869762632,0.025,0.025,0.205,0.305,0.505,1900,400000,1941,400-1000,Uralic,57,48
Tahitian,i te po'ipo'i,Fa'ata'āviri;,tā 'oe;,pō;,i te mahana;,pō;,tu'ira'a pō;,NA,NA,NA,NA,NA,NA,NA,在早晨,中午;,你的;,晚上;,白天;,晚上;,午夜;,in the morning,Noon;,your;,evening;,during the day;,evening;,midnight;,0.5,1,0.25,0.25,0.5,0.25,0.25,Papunesia,tahi1242,tah,Austronesian,Eastern Malayo-Polynesian,Oceanic,PF,Austronesian,Ij8,Tahitians,tahi1242,Tahitian,South-Central Pacific,0-5%,0-5%,36-45%,6-15%,46-55%,1900,0.691963605,-1.146891438,-1.840966075,0.025,0.025,0.405,0.105,0.505,1900,None,NA,NA,Austronesian,-17.66666667,-149.5833333
Tamil,காலை;,நண்பகல்;,மதியம்;,மாலை;,பகல்நேரம்;,இரவு;,நள்ளிரவு;,kālai;,naṇpakal;,matiyam;,iravu;,pakalnēram;,iravu;,naḷḷiravu;,早晨;,中午;,下午;,晚上;,白天;,夜晚;,午夜;,Morning;,Noon;,Afternoon;,Evening;,Daytime;,Night;,Midnight;,1,1,1,1,1,1,1,Eurasia,tami1289,tam,Dravidian,None,Dravidian,IN LK,Dravidian,NA,Tamil,tami1289,Tamil,Indian Subcontinent,0-5%,0-5%,16-25%,16-25%,56-65%,1880,-0.343869779,-0.570020608,-0.706077005,0.025,0.025,0.205,0.205,0.605,1880,3000000,NA,50000,Dravidian,11,78.5
Tamazight,Taṣebḥit;,tameddit;,tameddit;,tameddi;,Deg wass,iḍ;,nsaf yiḍ;,taṣebḥit;,tameddit;,tameddit;,id;,ass;,id;,nsaf yiḍ;,早晨;,下午;,下午;,晚上;,白天,夜晚;,午夜;,Morning;,afternoon;,afternoon;,evening;,During the day,night;,midnight;,1,0.25,1,1,0.5,1,1,Africa,NA,tia,Afro-Asiatic,NA,NA,NA,NA,Cd7,Beraber,cent2194,Central Moroccan Berber,Northern Africa,0-5%,6-15%,0-5%,36-45%,46-55%,1910,-0.582498142,0.981886682,0.231854253,0.025,0.105,0.025,0.405,0.505,1910,450000,1925,NA,Afro-Asiatic,27.02,1.86
Tatar,иртә;,төш;,төштән соң;,кич;,көндез;,төн;,төн уртасы,irtä;,töš;,töštän soñ;,tön;,köndez;,tön;,tön urtasy,早晨;,梦;,下午;,晚上;,白天;,夜晚;,午夜,morning;,afternoon;,afternoon;,evening;,daytime;,night;,midnight,1,0,0.5,1,1,1,0.5,Eurasia,tata1255,tat,Altaic,None,Turkic,RU,Turkic,ch20,Kazan tatar,midd1325,Central Tatar,Eastern Europe,0-5%,0-5%,0-5%,36-45%,56-65%,1910,-1.249819275,0.666138049,0.152984961,0.025,0.025,0.025,0.405,0.605,1910,675419,1897,50000,Altaic,56,49.5
Tiv,pepe;,atetan;,atetan;,aikie;,atetan; ken atetan,tugh;,atô utu;,NA,NA,NA,NA,NA,NA,NA,早晨;,下午;,下午;,晚上;,下午;白天,夜晚;,午夜;,morning;,afternoon;,afternoon;,evening;,afternoon; during the day,night;,midnight;,1,0.25,0.25,0.25,0.5,1,0.5,Africa,tivv1240,tiv,Niger-Congo,Benue-Congo,Tivoid,NG,Atlantic-Congo,Ah3,Tiv,tivv1240,Tiv,West Tropical Africa,6-15%,16-25%,6-15%,6-15%,46-55%,NA,1.082471646,-0.408564196,0.690253319,0.105,0.205,0.105,0.105,0.505,NA,530000,NA,200-399,Niger-Congo,7.5,9
Tigrinya,ጉሓት፤,ምሸት፤,ድሕሪ ሰዓት፤,ምሸት፤,ናይ መዓልቲ፤,ምሸት፤,ፍርቂ ለይቲ፤,guḥāt;,mǝšat;,dǝḥǝri saʿāt;,mǝšat;,nāy maʿālǝti;,mǝšat;,fǝrǝqi layǝti;,早晨;,晚上;,下午;,晚上;,当天的；,晚上;,午夜;,NA,NA,NA,NA,NA,NA,NA,1,0,1,0.25,0,0.25,1,Africa,tigr1271,tir,Afro-Asiatic,None,Semitic,ET ER,NA,Ca3,Tigrinya,tigr1271,Tigrinya,Northeast Tropical Africa,0-5%,0-5%,0-5%,26-35%,66-75%,1950,-1.313493394,-0.029258223,0.316670588,0.025,0.025,0.025,0.305,0.705,1950,1000000,NA,5000-50000,Afro-Asiatic,14.5,38.5
Tswana,phakela;,motshegare;,motshegare;,maitsibowa;,motshegare;,bosigo;,bosigogare;,NA,NA,NA,NA,NA,NA,NA,早晨;,下午;,下午;,晚上;,下午;,夜晚;,午夜;,morning;,afternoon;,afternoon;,evening;,afternoon;,night;,midnight;,1,0.25,0.25,1,0.25,1,1,Africa,tswa1253,tsn,Niger-Congo,Benue-Congo,Bantu,ZA BW,NA,Ab13,Tswana,tswa1253,Tswana,Southern Africa,0-5%,6-15%,0-5%,36-45%,46-55%,1880,-0.582498142,0.981886682,0.231854253,0.025,0.105,0.025,0.405,0.505,1880,NA,NA,NA,Niger-Congo,-24,26
Tsonga,mixo;,nhlikanhi;,nhlikanhi;,madyambu;,nkarhi wa nhlikanhi;,madyambu;,xikarhi ka vusiku;,NA,NA,NA,NA,NA,NA,NA,早晨;,下午;,下午;,晚上;,一天中的时间；,晚上;,午夜;,morning;,afternoon;,afternoon;,evening;,the time of day;,evening;,midnight;,1,0.25,0.25,0.25,0,0.25,0.5,Africa,tson1249,tso,Niger-Congo,Benue-Congo,Bantu,MZ ZA,Atlantic-Congo,NA,Tsonga,tson1249,Tsonga,South Tropical Africa,0-5%,6-15%,6-15%,26-35%,46-55%,1920,-0.162628279,0.381861577,-0.141605991,0.025,0.105,0.105,0.305,0.505,1920,None,NA,None,Niger-Congo,-24,32
Tetum/Tetun,dadeer;,meiudia;,lokraik;,kalan;,iha loron;,kalan;,kalan boot;,NA,NA,NA,NA,NA,NA,NA,早晨;,中午;,下午;,晚上;,白天;,晚上;,午夜;,morning;,noon;,afternoon;,evening;,during the day;,evening;,midnight;,1,1,1,0.25,0.5,0.25,0.5,Papunesia,tetu1245,tet,Austronesian,NA,Central Malayo-Polynesian,TL,NA,Ic3,Belu,tetu1245,Tetum,Malesia,0-5%,0-5%,0-5%,26-35%,66-75%,1950,-1.313493394,-0.029258223,0.316670588,0.025,0.025,0.025,0.305,0.705,1950,82000,1952,NA,Austronesian,-9,126
Telugu,ఉదయం;,మధ్యాహ్నం;,మధ్యాహ్నం;,సాయంత్రం;,పగటిపూట;,రాత్రి;,అర్ధరాత్రి;,udayaṁ;,madhyāhnaṁ;,madhyāhnaṁ;,rātri;,pagaṭipūṭa;,rātri;,ardharātri;,早晨;,下午;,下午;,晚上;,白天;,夜晚;,午夜;,Morning;,Afternoon;,Afternoon;,Evening;,Daytime;,Night;,Midnight;,1,0,1,1,1,1,1,Eurasia,telu1262,tel,Dravidian,None,Dravidian,IN,Dravidian,NA,Telugu,telu1262,Telugu,Indian Subcontinent,0-5%,0-5%,0-5%,26-35%,66-75%,1950,-1.313493394,-0.029258223,0.316670588,0.025,0.025,0.025,0.305,0.705,1950,2500,1951,50000,Dravidian,16,79
Tongan,pongipongi;,ho'ata;,ho'atā;,efiafi;,lolotonga 'a e 'aho .,pō;,tu'apō;,NA,NA,NA,NA,NA,NA,NA,早晨;,下午;,下午;,晚上;,在白天。,夜晚;,午夜;,morning;,afternoon;,afternoon;,evening;,during the day .,night;,midnight;,1,0.25,0.25,1,0.5,1,1,Papunesia,tong1325,ton,Austronesian,Eastern Malayo-Polynesian,Oceanic,TO,Austronesian,Ii12,Tongans,tong1325,Tonga (Tonga Islands),Southwestern Pacific,0-5%,0-5%,26-35%,6-15%,56-65%,1920,0.142209853,-1.206154159,-1.191678726,0.025,0.025,0.305,0.105,0.605,1920,24000,1921,NA,Austronesian,-21.16666667,-175.1666667
Thai,เช้า;,กลางวัน;เที่ยง,ตอนบ่าย;,ตอนเย็น;,กลางวัน;,กลางคืน;,เที่ยงคืน;,chêā;,klāng wạn;Theī̀yng,txn b̀āy;,klāng khụ̄n;,klāng wạn;,klāng khụ̄n;,theī̀yng khụ̄n;,早晨;,中午;中午,下午;,晚上;,白天;,夜间;,午夜;,Morning;,Daytime;Noon,Afternoon;,Evening;,Daytime;,Nighttime;,Midnight;,1,0.25,1,1,1,1,1,Eurasia,thai1261,tha,Tai-Kadai,None,Kam-Tai,TH,Tai-Kadai,Ej9,Thai,thai1261,Thai,Indo-China,0-5%,0-5%,6-15%,6-15%,76-85%,1940,-0.95729765,-1.3246796,0.106895971,0.025,0.025,0.105,0.105,0.805,1940,10000000,1940,1000-5000,Sino-Tibetan,16,101
Tumbuka,mulenji;,muhanya;,namise;,usiku;,nyengo ya muhanya;,usiku;,pakati pa usiku;,NA,NA,NA,NA,NA,NA,NA,早晨;,中午;,下午;,晚上;,一天中的时间；,晚上;,午夜;,morning;,noon;,afternoon;,evening;,time of day;,evening;,midnight;,1,1,1,0.25,0,0.25,0.5,Africa,NA,tum,NA,Atlantic-Congo,NA,NA,NA,Ac36,Tumbuka,tumb1250,Tumbuka,South Tropical Africa,0-5%,16-25%,0-5%,6-15%,66-75%,1920,0.005954691,-0.76956758,0.843642742,0.025,0.205,0.025,0.105,0.705,1920,115000,1945,NA,Niger-Congo,-11.33,33.37
Turkish,Sabah;,öğlen;,öğleden sonra;,akşam;,gündüz;,gece;,gece yarısı;,NA,NA,NA,NA,NA,NA,NA,早晨;,下午;,下午;,晚上;,白天;,夜晚;,午夜;,Morning;,noon;,afternoon;,evening;,day;,night;,midnight;,1,1,0.5,1,1,1,0.5,Eurasia,nucl1301,tur,Altaic,None,Turkic,TR,Turkic,Ci5,Turks,nucl1301,Turkish,Western Asia,5%,5%,5%,45%,65%,1950,-1.07808678,0.749909778,0.218804572,0.05,0.05,0.05,0.45,0.65,1950,NA,NA,50000,Altaic,39,35
Turkmen,irden;,günortan;,günortan;öýlän,agşam;,gündiz;,gije;,ýary gije;,NA,NA,NA,NA,NA,NA,NA,在早晨;,中午;,下午;晚上,晚上;,白天;,夜晚;,午夜;,morning;,noon;,afternoon;,evening;,daytime;,night;,midnight;,1,0.25,0.25,1,1,1,0.5,Eurasia,turk1304,tuk,Altaic,None,Turkic,TM,Turkic,Eb5,Turkmen,turk1304,Turkmen,Middle Asia,5%,5%,5%,45%,65%,1910,-1.07808678,0.749909778,0.218804572,0.05,0.05,0.05,0.45,0.65,1910,800000,1939,NA,Altaic,40,58
Udmurt,ӵукна;,лымшор;,нуназе бере;,ӝыт;,нуназе;,уй;,уйшор;,č̈ukna;,lymšor;,nunaze bere;,uj;,nunaze;,uj;,ujšor;,早晨;,南;,下午;,晚上;,午餐;,夜晚;,午夜;,morning;,south;,afternoon;,evening;,lunch;,night;,midnight;,1,0,0.5,1,0,1,1,Eurasia,udmu1245,udm,Uralic,Finno-Ugric,Permic,RU,Uralic,ch26,Udmurt,sout2681,South Udmurt,Eastern Europe,0-5%,0-5%,0-5%,6-15%,86-100%,1890,-1.495517858,-1.480002005,0.666186833,0.025,0.025,0.025,0.105,0.93,1890,504000,1926,200-399,Uralic,57.5,52.5
Uzbek,ertalab;,peshin;,tushdan keyin;,kechqurun;,kunduzi;,kechasi;,yarim tun;,NA,NA,NA,NA,NA,NA,NA,早晨;,中午;,下午;,晚上;,白天;,晚上;,午夜;,morning;,noon;,afternoon;,evening;,daytime;,night;,midnight;,1,1,0.5,1,1,1,1,Eurasia,uzbe1247,None,Altaic,None,Turkic,UZ AF,NA,Eb8,Uzbek,nort2690,Northern Uzbek,Middle Asia,0-5%,6-15%,16-25%,46-55%,16-25%,1800,0.514473711,1.831916841,-1.118264594,0.025,0.105,0.205,0.505,0.205,1800,16750,1924,NA,Altaic,39,66
Venda,matsheloni;,masiari;,masiari;,madekwana;,masiari;,vhusiku;,vhusikukati;,NA,NA,NA,NA,NA,NA,NA,早晨;,下午;,下午;,晚上;,下午;,夜晚;,午夜;,morning;,afternoon;,afternoon;,evening;,afternoon;,night;,midnight;,1,0.25,0.25,1,0,1,1,Africa,vend1245,ven,Niger-Congo,Benue-Congo,Bantu,ZA ZW,NA,Ab6,Venda,vend1245,Venda,Southern Africa,6-15%,6-15%,0-5%,16-25%,56-65%,1900,-0.116873408,-0.143273645,0.942981956,0.105,0.105,0.025,0.205,0.605,1900,150000,1930,200-300,Niger-Congo,-22,30
Vietnamese,buổi sáng;,buổi trưa;,buổi chiều;,buổi tối;,ban ngày;,đêm;,nửa đêm;,NA,NA,NA,NA,NA,NA,NA,早晨;,中午;,下午;,晚上;,天;,夜晚;,午夜;,morning;,noon;,afternoon;,evening;,day;,night;,midnight;,1,0.5,0.5,1,0.5,1,0.5,Eurasia,viet1252,vie,Austro-Asiatic,Mon-Khmer,Vietic,#REF!,Austroasiatic,Ej4,Annamese,viet1252,Vietnamese,Indo-China,0-5%,0-5%,16-25%,16-25%,56-65%,1950,-0.343869779,-0.570020608,-0.706077005,0.025,0.025,0.205,0.205,0.605,1950,22000000,NA,50000,Austroasiatic,10.5,106.5
Wolof,ci suba;,diggante;,ngoon;,ngoon;,bëccëg;,guddaay;,xaaju guddi;,NA,NA,NA,NA,NA,NA,NA,早晨;,关系;,晚上;,晚上;,白天;,沥青;,午夜;,morning;,relationship;,evening;,evening;,daytime;,pitch;,midnight;,1,1,0.25,1,1,1,0.5,Africa,nucl1347,wol,Niger-Congo,North-Central Atlantic,Wolof,GM SN,NA,Cb2,Wolof,nucl1347,Wolof,West Tropical Africa,0-5%,0-5%,6-15%,26-35%,56-65%,1950,-0.829949412,0.066112944,-0.220475284,0.025,0.025,0.105,0.305,0.605,1950,660000,1949,50000,Niger-Congo,15.25,-16
Xhosa,safiya;,tsakar rana;,maraice;,maraice;,rana;,dare;,tsakar dare;,NA,NA,NA,NA,NA,NA,NA,早晨;,中午;,晚上;,晚上;,天;,夜晚;,午夜;,morning;,noon;,evening;,evening;,day;,night;,midnight;,1,0.5,0.25,1,0,1,0.5,Africa,xhos1239,xho,Niger-Congo,Benue-Congo,Bantu,ZA,NA,CCMCxhos1239,Xhosa,xhos1239,Xhosa,Southern Africa,6-15%,26-35%,0-5%,56-65%,0-5%,NA,-0.053199289,0.552122627,0.779296329,0.105,0.105,0.025,0.305,0.505,1850,NA,NA,Missing data,Niger-Congo,-32,27
Yakut,сарсыарда;,күн ортото;,күнүс;,киэһээ;,күнүс;,түүн;,түүн ортото;,sarsyarda;,kün ortoto;,künüs;,kiéḫéé;,künüs;,tüün;,tüün ortoto;,早晨;,中午;,下午;,晚上;,下午;,夜晚;,午夜;,morning;,noon;,afternoon;,evening;,afternoon;,night;,midnight;,1,0.5,0.25,1,0.25,1,0.5,Eurasia,yaku1245,sah,Altaic,None,Turkic,RU,Turkic,Ec2,Yakut,yaku1245,Sakha,NA,6-15%,16-25%,16-25%,36-45%,6-15%,NA,1.823247755,1.73688734,-0.450090911,0.105,0.205,0.205,0.405,0.105,1900,245000,1900,50-99,Altaic,62,130
Yoruba,owurọ;,ọsan;,ọsan;,oru;,osan;,ale,ọganjọ,NA,NA,NA,NA,NA,NA,NA,早晨;,橙子;,橙子;,夜晚;,橙子;,夜晚,午夜,morning;,afternoon;,afternoon;,night;,afternoon;,evening,midnight,1,0,1,0,0,1,1,Africa,yoru1245,yor,Niger-Congo,Benue-Congo,Defoid,NG BJ,Atlantic-Congo,NA,NA,NA,NA,NA,0-5%,0-5%,6-15%,6-15%,76-85%,NA,-0.95729765,-1.3246796,0.106895971,0.025,0.025,0.105,0.105,0.805,1950,5500000,1950,50000,Niger-Congo,8,4.333333333
Yucatec Maya,sáastal;,chúumuk' k'iin;,chíinil k'iin;,áak'ab;,k'iin;,áak'ab;,chúumuk áak'ab;,NA,NA,NA,NA,NA,NA,NA,早晨;,中午;,下午;,晚上;,天气;,晚上;,午夜;,morning;,noon;,afternoon;,evening;,weather;,evening;,midnight;,1,0.5,0.5,0.25,0,0.25,0.5,North America,yuca1254,yua,Mayan,NA,Mayan,MX,yua,Sa6,Yucatec Maya,yuca1254,Yucatec Maya,Mexico,0-5%,6-15%,16-25%,0-5%,66-75%,1520,0.165096959,-1.553946254,-0.314857591,0.025,0.105,0.205,0.025,0.705,1520,NA,NA,5000-50000,Mayan,20,-89
Zapotec,siadó;,galaa dxí;,huadxí;,huaxhinni;,dxi;,huaxhinni;,galaa gueela;,NA,NA,NA,NA,NA,NA,NA,早期的;,中午;,晚的;,晚上;,日期;,晚上;,午夜;,early;,noon;,late;,evening;,date;,evening;,midnight;,1,0.5,1,0.25,0,0.25,0.5,North America,isth1244,zai,Oto-Manguean,NA,Zapotecan,MX,NA,NA,Zapotec,yala1267,Yalálag Zapotec,NA,0-5%,0-5%,6-15%,6-15%,76-85%,1940,-0.95729765,-1.3246796,0.106895971,0.025,0.025,0.105,0.105,0.805,1940,NA,NA,5000-50000,Oto-Manguean,16.416667,-95
Zulu,ekuseni;,emini;,ntambama;,kusihlwa;,emini;,ebusuku;,phakathi kwamabili;,NA,NA,NA,NA,NA,NA,NA,早晨;,白天;,下午;,晚上;,白天;,晚上;,午夜;,morning;,noon;,afternoon;,evening;,midday;,night;,midnight;,1,0.25,1,1,0.25,1,0.5,Africa,zulu1248,zul,Niger-Congo,Benue-Congo,Bantu,ZA,NA,Ab12,Zulu,zulu1248,Zulu,Southern Africa,0-5%,6-15%,0-5%,36-45%,46-55%,1830,-0.582498142,0.981886682,0.231854253,0.025,0.105,0.025,0.405,0.505,1830,250000,1921,NA,Niger-Congo,-30,30
Warlpiri,mungalyurru,"yama-kaninjarni,karlarla, mirntangali","wuraji-wuraji,yama-kakarrara","wuuly-wuulypa,wuulypari,wuraji",ngurljurrpa," warurru,munga,wuulypar,",kulkurru-kari,NA,NA,NA,NA,NA,NA,NA,NA,NA,NA,NA,NA,NA,NA,NA,NA,NA,NA,NA,NA,NA,1,0.5,0.5,0.5,1,1,0.5,Australia,warl1254,wbp,Pama-Nyungan,Pama-Nyungan,Western Pama-Nyungan,AU,NA,Id10,Walbiri,warl1254,Warlpiri,Australia,56-65%,36-45%,0-5%,0-5%,0-5%,1930,5.452156735,0.873739913,4.14444565,0.605,0.405,0.025,0.025,0.025,1930,NA,NA,NA,Pama-Nyungan,-20,132.3333333
Tiwi,japinari,anjiruwa,awurlanari,japinawamini,yirrimanungura ,japinawamini,0,NA,NA,NA,NA,NA,NA,NA,NA,NA,NA,NA,NA,NA,NA,NA,NA,NA,NA,NA,NA,NA,1,1,1,0.25,1,0.25,0,Australia,tiwi1244,tiw,Isolates,Tiwian,Tiwian,AU,NA,Id3,Tiwi,tiwi1244,Tiwi,Australia,46-55%,26-35%,16-25%,0-5%,0-5%,1920,5.019439289,0.421550213,2.335440271,0.505,0.305,0.205,0.025,0.025,1920,NA,NA,NA,Isolates,-11.5,131
Diyari,thangkuthangkuparna,0,0,kalkawarra,0,thinka,0,NA,NA,NA,NA,NA,NA,NA,NA,NA,NA,NA,NA,NA,NA,NA,NA,NA,NA,NA,NA,NA,1,0,0,1,0,1,0,Australia,dier1241,dif,Pama-Nyungan,Pama-Nyungan,Central Pama-Nyungan,AU,NA,Id4,Diyari,dier1241,Dieri,Australia,66-75%,26-35%,0-5%,0-5%,0-5%,1900,5.359221534,0.811094393,4.525554595,0.705,0.305,0.025,0.025,0.025,1900,NA,NA,NA,Pama-Nyungan,-28,139
Quileute,vhi/85,roch9mtiya,k2op7qmtiya,k2op7qmtiya,0,/aw85,mal95l,NA,NA,NA,NA,NA,NA,NA,NA,NA,NA,NA,NA,NA,NA,NA,NA,NA,NA,NA,NA,NA,1,1,0.25,0.25,0,1,1,North America,quil1240,qui,Chimakuan,Chimakuan,Chimakuan,US,NA,Nb18,Quileute,quil1240,Quileute,Northwestern U.S.A.,6-15%,26-35%,56-65%,0-5%,0-5%,1880,4.472294338,-0.429755038,-2.269071329,0.105,0.305,0.605,0.025,0.025,1880,NA,NA,NA,Chimakuan,47.91666667,-124.25
Quinault,ƛ̓ɑx̣oɫ,puckwəɫ,nɑmpuckwəɫ,ʔiwəʔnoʔ,0,ʔiwəʔnoʔ,puutɑs,NA,NA,NA,NA,NA,NA,NA,NA,NA,NA,NA,NA,NA,NA,NA,NA,NA,NA,NA,NA,NA,1,1,1,0.25,0,0.25,1,North America,quin1251,NA,Salishan,Salishan,NA,NA,NA,Nb25,Quinault,quin1251,Quinault,Northwestern U.S.A.,16-25%,26-35%,46-55%,0-5%,0-5%,1860,4.609080576,-0.216928725,-1.117943429,0.205,0.305,0.505,0.025,0.025,1860,NA,NA,NA,Salishan,47.42,-124.16
Karok,máh'iit,supáh'aachip,0,ikxúrar / ikxurara,0,ikxáram,ikxarám'aachip,,,,,,,,NA,NA,NA,NA,NA,NA,NA,NA,NA,NA,NA,NA,NA,NA,1,1,0,1,0,1,0.5,North America,karo1304,kyh,Hokan,Hokan,Karok,US,NA,Nb34,Karuk,karo1304,Karuk,Northwestern U.S.A.,36-45%,6-15%,46-55%,0-5%,0-5%,1860,4.423210173,-0.342219765,-0.35572554,0.405,0.105,0.505,0.025,0.025,1860,NA,NA,NA,Isolates,41.66666667,-123
Hupa,xutł'e'-dung',de:dixwo-yinuqa-wing'a'-mił,yitse'ni-wing'a',wilwił-ding,jingkyo:wit;jingkyoh-ding,xutł'e',xutł'e'e:mił,NA,NA,NA,NA,NA,NA,NA,NA,NA,NA,NA,NA,NA,NA,NA,NA,NA,NA,NA,NA,NA,0.5,0.5,0.5,0.5,0.5,0,0,North America,hupa1239,hup,Athabaskan-Eyak-Tlingit,Na-Dene,Athapaskan,US,NA,Nb35,Hupa,hupa1239,Hupa-Chilula,Southwestern U.S.A.,36-45%,6-15%,46-55%,0-5%,0-5%,1860,4.423210173,-0.342219765,-0.35572554,0.405,0.105,0.505,0.025,0.025,1860,NA,NA,NA,Athabaskan-Eyak-Tlingit,41.08333333,-123.6666667
Yuki,k'aw-lom,i-nay',0,0,i-nay',na*k,na*k hu:-ya*p,NA,NA,NA,NA,NA,NA,NA,NA,NA,NA,NA,NA,NA,NA,NA,NA,NA,NA,NA,NA,NA,0.5,0.25,0,0,0.25,1,0.5,North America,yuki1243,yuk,Yuki-Wappo,Wappo-Yukian,Yuki,US,NA,Nc7,Yuki,yuki1243,Northern Yukian,Southwestern U.S.A.,36-45%,26-35%,26-35%,0-5%,0-5%,1850,4.882653051,0.208723901,1.184312371,0.405,0.305,0.305,0.025,0.025,1850,NA,NA,NA,Yuki-Wappo,39.66666667,-123.5
Shawnee,K'wa lah wah pàh kee,Lawahqua,0,oo-la-quie-thie,0,Tùp ex kee,Lah we tùp ex kee,NA,NA,NA,NA,NA,NA,NA,NA,NA,NA,NA,NA,NA,NA,NA,NA,NA,NA,NA,NA,NA,0.5,2,0,0.5,0,0.5,0.5,North America,shaw1249,sjw,Algic,Algic,Algonquian,US,NA,Nf13,Shawnee,shaw1249,Shawnee,Southeastern U.S.A.,6-15%,36-45%,16-25%,0-5%,26-35%,1820,3.096495503,-0.284110377,0.431093679,0.105,0.405,0.205,0.025,0.305,1820,NA,NA,NA,Algic,40,-83
Seneca,wë:níshäsé’a:neh,ha’déwë:níshäëh,hegä̀:hgwa:’ah,o’gä̀:s’ah,ëde:ka:’. ë:deh,o’ga:as,ha’déwahsö:twëh,NA,NA,NA,NA,NA,NA,NA,NA,NA,NA,NA,NA,NA,NA,NA,NA,NA,NA,NA,NA,NA,0.5,0.5,0.5,1,1,1,0.5,North America,sene1264,see,Iroquoian,Iroquoian,Northern Iroquoian,US,NA,Ng10,Seneca,sene1264,Seneca,Northeastern U.S.A.,6-15%,26-35%,16-25%,0-5%,36-45%,1750,2.317020312,-0.61884493,0.310362072,0.105,0.305,0.205,0.025,0.405,1750,NA,NA,NA,Iroquoian,42.5,-77.5
Penobscot,kati-pahsskʷáyi,pàhsskʷe,kisí-pahsskʷe,àlohk,spə̀tayi,0,memαwi-epahsítəpahkat,NA,NA,NA,NA,NA,NA,NA,NA,NA,NA,NA,NA,NA,NA,NA,NA,NA,NA,NA,NA,NA,0.5,1,0.5,1,1,0,0.5,NA,NA,NA,Algic,NA,NA,NA,NA,Ng4,Penobscot,peno1243,Penobscot,Northeastern U.S.A.,16-25%,36-45%,16-25%,0-5%,16-25%,1900,3.783035492,-0.012021343,0.93293423,0.205,0.405,0.205,0.025,0.205,1900,NA,NA,NA,Algic,45,-68
Timucua,pilaniqi,chitohiriba,afa,0,0,pilani,0,NA,NA,NA,NA,NA,NA,NA,NA,NA,NA,NA,NA,NA,NA,NA,NA,NA,NA,NA,NA,NA,1,1,1,0,0,1,0,North America,timu1245,tjm,Isolates,Timucua,Timucua,US,NA,Ng8,Timucua,timu1245,Timucua,Southeastern U.S.A.,16-25%,16-25%,16-25%,0-5%,36-45%,1560,2.224085111,-0.68149045,0.691471017,0.205,0.205,0.205,0.025,0.405,1560,NA,NA,NA,Isolates,30.25,-82.5
Mangghuer,ʂteːɾompɐ‧,tuɾkuŋ‧,ɕuɾuː‧,xɐɾɐlɐtɕɐ‧,tuɾlɐ‧,ɕuloŋ‧,tɕeɾin ɕuloŋ‧,NA,NA,NA,NA,NA,NA,NA,NA,NA,NA,NA,NA,NA,NA,NA,NA,NA,NA,NA,NA,NA,1,1,1,1,1,1,0.5,Eurasia,tuuu1240,mjg,Altaic,Altaic,Mongolic,CN,NA,Eb2,Tu,tuuu1240,Monguoric,China,0-5%,0-5%,6-15%,26-35%,56-65%,1920,-0.829949412,0.066112944,-0.220475284,0.025,0.025,0.105,0.305,0.605,1920,55000,1939,Missing data,Altaic,36,102
Dagur,utur əməl‧,utur twɑn‧,utur xwɑinə‧,oreː tɑjɑː‧,utur‧,sunj‧,sunj twɑn‧,NA,NA,NA,NA,NA,NA,NA,NA,NA,NA,NA,NA,NA,NA,NA,NA,NA,NA,NA,NA,NA,0.5,0.5,0.5,0.5,1,1,0.5,Eurasia,daur1238,dta,Altaic,Altaic,Mongolic,CN,NA,Eb4,Dagur,daur1238,Dagur,China,0-5%,6-15%,0-5%,26-35%,56-65%,1940,-0.646172261,0.28649041,0.395539881,0.025,0.105,0.025,0.305,0.605,1940,NA,1943,Missing data,Altaic,48,124
Nanai,ərtə‧,iniŋ tʰokʰun‧,0,torpu‧,jiniŋ‧,ɕiŋsəri‧,wənnaxa‧,NA,NA,NA,NA,NA,NA,NA,NA,NA,NA,NA,NA,NA,NA,NA,NA,NA,NA,NA,NA,NA,0,0.5,0,1,1,1,1,Eurasia,nana1257,gld,Altaic,Altaic,Tungusic,RU,NA,Ec9,Nanai,nana1257,Nanai,China,0-5%,26-35%,36-45%,6-15%,16-25%,1920,2.918235119,-0.161673698,-1.520633568,0.025,0.305,0.405,0.105,0.205,1920,100,1940,Missing data,Altaic,49.5,137
Mun,ɡuːŋ33dɔːm35ɡjɔu55‧,dɔːm44nɔi22‧,ka33daŋ35dɔːm44nɔi22‧,ma22dɔu55ɡjam42‧,ɡuːŋ33nɔi22‧,ɡuːŋ33ɡjam42‧,dam33mun31‧,NA,NA,NA,NA,NA,NA,NA,NA,NA,NA,NA,NA,NA,NA,NA,NA,NA,NA,NA,NA,NA,0,1,0.5,0.5,1,1,1,Eurasia,kimm1245,mji,Sino-Tibetan,Hmong-Mien,Mienic,CN,NA,Ed14,Man,kimm1245,Kim Mun,Indo-China,0-5%,6-15%,6-15%,6-15%,66-75%,NA,-0.289976517,-1.008930967,0.185765263,0.025,0.105,0.105,0.105,0.705,NA,NA,None,Missing data,Sino-Tibetan,19,110
JIANGSU_SUZHOU_CHANGSHU,zɑ̃2.mᴇ3.tsøʏ0‧上晚昼,tsoŋ4.tsøʏ4.sin4.li0‧中昼心里,Ǿo2.mᴇ3.tsøʏ0‧下晚昼,Ǿiɑ4.kʰuɑ4.tɩ0‧夜快点,ȵiəʔ2.li51‧日里,Ǿiɑ4.li0‧夜里,pø4.Ǿiɑ4.sᴇ4.kã0‧半夜三更,NA,NA,NA,NA,NA,NA,NA,NA,NA,NA,NA,NA,NA,NA,NA,NA,NA,NA,NA,NA,NA,0.5,0.5,0.5,0.5,1,1,0.5,NA,wuch1236,NA,Sino-Tibetan,Sino-Tibetan,NA,NA,NA,Ed15b,Kiangsu,wuch1236,Wu Chinese,China,0-5%,0-5%,6-15%,6-15%,76-85%,1936,-0.95729765,-1.3246796,0.106895971,0.025,0.025,0.105,0.105,0.805,1936,NA,None,50000,Sino-Tibetan,31.67,120.8
Nuosu,bu31 dzi31‧,mo31 l̥ɯ55‧,mu33 kʰɯ55‧,kʰɯ55 mɔ31‧,mo31 l̥ɯ31‧,se55 pʰɔ33‧,βa33 bu33‧,NA,NA,NA,NA,NA,NA,NA,NA,NA,NA,NA,NA,NA,NA,NA,NA,NA,NA,NA,NA,NA,1,1,1,1,1,1,1,Eurasia,sich1238,iii,Sino-Tibetan,Sino-Tibetan,Tibeto-Burman,CN,NA,Ed2,Lolo,sich1238,Sichuan Yi,China,0-5%,6-15%,0-5%,26-35%,56-65%,1940,-0.646172261,0.28649041,0.395539881,0.025,0.105,0.025,0.305,0.605,1940,NA,NA,100-199,Sino-Tibetan,28,103
Manchu,udiː ordən‧,udur dwɑnj‧,udiː xwɑin‧,ɡəɡən suːɡj‧,udurin‧,sunj‧,sun dwɑndin‧,NA,NA,NA,NA,NA,NA,NA,NA,NA,NA,NA,NA,NA,NA,NA,NA,NA,NA,NA,NA,NA,0.5,0.5,0.5,0.5,1,1,0.5,Eurasia,manc1252,mnc,Altaic,Altaic,NA,CN,NA,Ed3,Manchu,manc1252,Manchu,China,0-5%,0-5%,6-15%,16-25%,66-75%,1920,-0.893623531,-0.629283328,-0.056789657,0.025,0.025,0.105,0.205,0.705,1920,NA,1919,Missing data,Altaic,49.5,127.5
Min (Southern),tsa44.kʰi44‧早起,lit31.tau42‧日昼,Ǿe31.tau42‧下昼,bəʔ31.Ǿam35.kiã42‧卜暗囝,lit35.si0‧日时,mĩ44.si0‧暝时,puã42.mĩ44‧半暝,NA,NA,NA,NA,NA,NA,NA,NA,NA,NA,NA,NA,NA,NA,NA,NA,NA,NA,NA,NA,NA,1,1,1,0.5,1,1,1,Eurasia,minn1241,nan,Sino-Tibetan,Sino-Tibetan,NA,TW CN,NA,Ed6,Min Chinese,chao1239,Chaoshan,China,0-5%,0-5%,6-15%,16-25%,66-75%,1920,-0.893623531,-0.629283328,-0.056789657,0.025,0.025,0.105,0.205,0.705,1920,600,1954,50000,Sino-Tibetan,25,118
Bai,tɯ21tse32kʋ35‧,jɯ44tsʰa55tsɿ21tɕa44‧,ɣɯ33tse32kʋ35‧,ɕy33ku21mieɹ31‧,ȵi44xɯ31‧,jɔ32xɯ31‧,pa32jɔ32‧,NA,NA,NA,NA,NA,NA,NA,NA,NA,NA,NA,NA,NA,NA,NA,NA,NA,NA,NA,NA,NA,0.5,0.5,0.5,0.5,1,1,1,Eurasia,cent2004,bca,Sino-Tibetan,Sino-Tibetan,Tibeto-Burman,CN,NA,Ed8,Minchia,cent2004,Central Bai,China,0-5%,0-5%,6-15%,16-25%,66-75%,1930,-0.893623531,-0.629283328,-0.056789657,0.025,0.025,0.105,0.205,0.705,1930,400000,None,400-1000,Sino-Tibetan,26,100
Hlai (Baoding),kaːu33vaŋ33‧,tseɯ55vaŋ11‧,ui51vaŋ11‧,tʰaɯ11vaŋ33‧,pai33vaŋ11‧,pai33ko33‧,tʰom55sap11‧,,,,,,,,,,,,,,,,,,,,,,0.25,1,1,1,1,1,1,Eurasia,hlai1239,lic,Tai-Kadai,NA,Hlai,NA,lic,Ed9,Li,hlai1239,Hlai,China,0-5%,6-15%,6-15%,6-15%,66-75%,1930,-0.289976517,-1.008930967,0.185765263,0.025,0.105,0.105,0.105,0.705,1930,220000,1931,100-199,Sino-Tibetan,19,109.5
Central Tibetans,ŋa55tʂo55‧,ȵĩ11koŋ13‧,koŋ11tʂo55‧,sa55rup11tʂop53‧,ȵi11mɛ13kʰoŋ0‧,tsʰɛ55mo55‧,nam11tʃʰɛ53‧,,,,,,,,,,,,,,,,,,,,,,1,1,1,0.5,0.5,1,1,NA,NA,NA,Sino-Tibetan,NA,NA,NA,NA,Ee4,Central Tibetans,dbus1238,Ü,China,0-5%,0-5%,0-5%,36-45%,56-65%,1920,-1.249819275,0.666138049,0.152984961,0.025,0.025,0.025,0.405,0.605,1920,4000000,None,5000-50000,Sino-Tibetan,30,91
Sherpa,topla,0,nyimidingla,gomu,0,nembi,0,,,,,,,,,,,,,,,,,,,,,,1,0,1,1,0,1,0,Eurasia,sher1255,xsr,Sino-Tibetan,Tibeto-Burman,Bodic,NA,xsr,Ee6,Sherpa,sher1255,Solu-Khumbu Sherpa,China,0-5%,0-5%,0-5%,46-55%,46-55%,1950,-1.186145156,1.361534321,-0.010700666,0.025,0.025,0.025,0.505,0.505,1950,NA,1931,200-399,Sino-Tibetan,27.75,86.83333333