language_name,yesterday,today,tomorrow,the day,the day before yesterday,the day after tomorrow,two days,two days before now,two days after now,four days,four days before now,four days from now,three days,three days before now,three days from now,value_yesterday,value_today,value_tomorrow,value_day_after_tomorrow,value_day_before_yesterday,time_window,time_window_all,Macroarea,Latitude,Longitude,Glottocode,ISO639P3code,Top_Family,Subfamily,Genus,Country_ID,society_ID,society,Glottocode_society,society_language,Region,PC1,PC2,PC3,Gathering,Hunting,Fishing,AnimalHusbandry,Agriculture,subsistence_year,...55,Population size [EA202],Population_year,Mean size of local communities [EA031],Family
Albanian,dje,sot,nesër,ditën,pardje,pasnesër,dy ditë,dy ditë më parë,dy ditë pas tani,katër ditë,katër ditë më parë,katër ditë nga tani,tre ditë,tre ditë më parë,tre ditë nga tani,1,1,1,1,1,2,5,Eurasia,41,20,NA,sqi,Indo-European,NA,Albanian,RS AL,Ce1,Gheg,gheg1238,Gheg Albanian,Southeastern Europe,-1.249819275,0.666138049,0.152984961,0.025,0.025,0.025,0.405,0.605,1900,Mountain Gheg of No. Albania,NA,NA,200-399,Indo-European
Chuukese,naneu,ikenai,nesor,ewe ran .,ewe ran me mwen ikenai(今天) .,ewe ran mwirin lesor .,ruu ran,ruu ran me mwen iei .,ruu ran mwirin iei .,fomon ran .,fomon ran me mwen iei .,fomon ran seni iei .,ülüngät rän,ülüngät rän me mwen iei .,ülüngät rän seni iei .,1,1,1,0,0.5,0.5,3.5,Papunesia,7.333333333,151.75,chuu1238,chk,Austronesian,Eastern Malayo-Polynesian,Oceanic,FM,If2,Trukese,chuu1238,Chuukese,Northwestern Pacific,1.147037081,-1.691906726,-2.341588929,0.025,0.025,0.505,0.025,0.505,1940,NA,10000,1947,100-199,Austronesian
Yucatec Maya,jo'oljeak,be'elajake',sáamal,le k'iino',le k'iin táanil ti' jo'oljeake',u k'iinil sáamal,ka'ap'éel k'iin,ka'ap'éel k'iin táanil ti' bejla'e',ka'ap'éel k'iin ka' bejla'e',kanp'éel k'iin,kanp'éel k'iin táanil ti' bejla'e',kanp'éel k'iin tak bejla'e',óoxp'éel k'iin,óoxp'éel k'iin táanil ti' bejla'e',óoxp'éel k'iin tak bejla'e',1,1,1,0.5,0,0.5,3.5,North America,20,-89,yuca1254,yua,Mayan,NA,Mayan,MX,Sa6,Yucatec Maya,yuca1254,Yucatec Maya,Mexico,0.165096959,-1.553946254,-0.314857591,0.025,0.105,0.205,0.025,0.705,1520,NA,NA,NA,5000-50000,Mayan
Hawaiian,i nehinei,i kēia lā,ʻāpōpō,ka lā,i ka la i nehinei,ka la apopo,ʻelua lā,ʻelua lā ma mua o kēia manawa,ʻelua lā ma hope o kēia manawa,ʻehā lā,ʻehā lā ma mua o kēia manawa,ʻehā lā mai kēia manawa,ʻekolu lā,ʻekolu lā ma mua o kēia manawa,ekolu la mai keia la aku,1,1,1,0,0,0,3,Papunesia,19.58333333,-155.5,hawa1245,haw,Austronesian,Eastern Malayo-Polynesian,Oceanic,US,Ij6,Hawaiians,hawa1245,Hawaiian,North-Central Pacific,1.190256301,-1.485537229,-1.308545132,0.105,0.025,0.405,0.025,0.505,1800,NA,None,NA,NA,Austronesian
Chuvash,ӗнер,паян,ыран,кун,ӗнерхи кун,ыранхи кун,икӗ кун,халӗ икӗ кун маларах,икӗ кунтан,тӑватӑ кун,тӑватӑ кун маларах,тепӗр тӑватӑ кунтан,виҫӗ кун,халӗ виҫӗ кун маларах,тепӗр виҫӗ кунтан,1,1,1,0.5,0.5,1,4,Eurasia,55.5,47.5,chuv1255,chv,Altaic,None,Turkic,RU,ch14,Chuvash,chuv1255,Chuvash,Eastern Europe,-1.495517858,-1.480002005,0.666186833,0.025,0.025,0.025,0.105,0.93,1908,NA,845000,1897,200-399,Altaic
Igbo,ụnyahụ,taa,echi,ụbọchị,ụbọchị gara aga ụnyahụ,n'echi ya,ụbọchị abụọ,ụbọchị abụọ tupu ugbu a,ụbọchị abụọ ka e mesịrị,ụbọchị anọ,ụbọchị anọ tupu ugbu a,ụbọchị anọ site ugbu a,ụbọchị atọ,ụbọchị atọ tupu ugbu a,ụbọchị atọ site ugbu a,1,1,1,0.5,0,0.5,3.5,Africa,6,7.333333333,nucl1417,ibo,Niger-Congo,Benue-Congo,Igboid,NG,Af10,Igbo,nucl1417,Igbo,West Tropical Africa,-1.495517858,-1.480002005,0.666186833,0.025,0.025,0.025,0.105,0.93,1930,NA,4000000,1929,400-1000,Niger-Congo
Japanese,昨日,今日,明日,その日,一昨日,明後日,2日,今から2日前,今から2日後,4日,今から4日前,今から4日後,3日,今から3日前,今から3日後,1,1,1,0.5,0.5,1,4,Eurasia,37,140,nucl1643,jpn,Japanese,NA,Japanese,JP,Ed5,Japanese,nucl1643,Japanese,Eastern Asia,-1.495517858,-1.480002005,0.666186833,0.025,0.025,0.025,0.105,0.93,NA,NA,80000000,NA,50000,Uralic
Mam,ewi,jalin,nejchij,aju q´ij,aju q´ij t-xe t-xe q´ij,aju q´ij te nchi´j,kab´e q´ij,kab´e q´ij t-xe jalin,kab´e q´ij t-xe jalin,kyaje q´ij,kyaje q´ij t-xe jalin,kyaje q´ij tzul,oxe q´ij,oxe q´ij t-xe jalin,oxe q´ij tzul,1,1,1,0,0,0,3,North America,15,-91.83333333,mamm1241,mam,Mayan,None,Mayan,GT,Sa8,Mam,mamm1241,Mam,Central America,-1.495517858,-1.480002005,0.666186833,0.025,0.025,0.025,0.105,0.93,1930,NA,1000-5000,1930,1300,Mayan
Udmurt,толло доры,туннэ,ӵуказе,нунал,толон азьвыл нуналэ,ӵуказе нунал,кык нунал,кык нунал талэсь азьло,кык нунал ортчыса али,куать нунал,куать нунал талэсь азьло,куать нунал ортчыса,куинь нунал,куинь нунал талэсь азьло,куинь нунал ортчыса,1,1,1,0.5,0.5,1,4,Eurasia,57.5,52.5,udmu1245,udm,Uralic,Finno-Ugric,Permic,RU,ch26,Udmurt,sout2681,South Udmurt,Eastern Europe,-1.495517858,-1.480002005,0.666186833,0.025,0.025,0.025,0.105,0.93,1890,NA,504000,1926,200-399,Uralic
Fijian,na siga e liu,nikua,mataka,na siga .,na siga ni bera nanoa,na siga ni mataka,rua na siga,rua na siga ni bera oqo,rua na siga ni oti oqo,va na siga,va na siga ni bera oqo,Va na siga mai oqo,tolu na siga,tolu na siga ni bera oqo,tolu na siga mai oqo,0.5,1,1,0.5,0,0.5,3,Papunesia,-17.83333333,178,fiji1243,fij,Austronesian,Eastern Malayo-Polynesian,Oceanic,FJ,Ih14,Mbau Fijians,bauu1243,Bau (Fijian),Southwestern Pacific,1.740010053,-1.426274509,-1.95783248,0.105,0.025,0.505,0.025,0.405,1840,"Bau Chiefdom, Vanua Levu",NA,NA,1000-5000,Austronesian
Bemba,mailo,ilelo,mailo,ubushiku,ubushiku bwakonkelepo,ubushiku bwakonkelepo,inshiku shibili,inshiku shibili ilyo nomba,inshiku shibili panuma ya nomba,inshiku shine,inshiku shine ilyo nomba,inshiku shine ukufuma nomba,inshiku shitatu,inshiku shitatu ilyo nomba,inshiku shitatu ukufuma nomba,1,1,1,0,0,0,3,Africa,-10,28.25,bemb1257,bem,Niger-Congo,Benue-Congo,Bantu,CD,Ac3,Bemba,town1238,Town Bemba,South Tropical Africa,0.208316179,-1.347576758,0.718186207,0.105,0.105,0.105,0.025,0.705,1900,Zambia branch,100000,1930,100-199,Niger-Congo
Italian,ieri,oggi,domani,il giorno,l'altroieri,dopodomani,due giorni,due giorni prima di adesso,due giorni dopo di adesso,quattro giorni,quattro giorni prima di adesso,tra quattro giorni,tre giorni,tre giorni prima di adesso,tra tre giorni,1,1,1,0.5,1,1.5,4.5,Eurasia,43,12,ital1282,ita,Indo-European,None,Romance,CH IT,NA,Neapolitans,neap1235,Continental Southern Italian,Southeastern Europe,-0.95729765,-1.3246796,0.106895971,0.025,0.025,0.105,0.105,0.805,1960,NA,NA,NA,50000,Indo-European
Malay,semalam,hari ini,esok,hari itu,hari sebelum semalam,lusa,dua hari,dua hari sebelum ini,dua hari selepas ini,empat hari,empat hari sebelum ini,empat hari dari sekarang,tiga hari,tiga hari sebelum ini,tiga hari dari sekarang,1,1,1,0.5,1,1.5,4.5,Eurasia,3,102,stan1306,zsm,Austronesian,None,Malayo-Sumbawan,MY,Ej16,Negri Sembilan,nege1240,Negeri Sembilan Malay,Malesia,-0.95729765,-1.3246796,0.106895971,0.025,0.025,0.105,0.105,0.805,1958,Inas District,NA,NA,NA,Austronesian
Thai,เมื่อวาน,วันนี้,พรุ่งนี้,วันนั้น,วันก่อนวานนี้,วันมะรืนนี้,สองวัน,สองวันก่อนนี้,สองวันหลังจากนั้น,สี่วัน,สี่วันก่อนนี้,สี่วันจากตอนนี้,สามวัน,สามวันก่อนนี้,สามวันจากตอนนี้,1,1,1,1,1,2,5,Eurasia,16,101,thai1261,tha,Tai-Kadai,None,Kam-Tai,TH,Ej9,Thai,thai1261,Thai,Indo-China,-0.95729765,-1.3246796,0.106895971,0.025,0.025,0.105,0.105,0.805,1940,NA,10000000,1940,1000-5000,Sino-Tibetan
Yoruba,lana,loni,ọla,ọjọ́ náà,ojo iwaju ana,ọjọ lẹhin ọla,ọjọ meji,ọjọ meji ṣaaju bayi,ọjọ meji lẹhin bayi,mẹrin ọjọ,mẹrin ọjọ ṣaaju ki o to bayi,ọjọ mẹrin lati isisiyi,ọjọ mẹta,ọjọ mẹta ṣaaju bayi,ọjọ mẹta lati isisiyi,1,1,1,0,0.5,0.5,3.5,Africa,8,4.333333333,yoru1245,yor,Niger-Congo,Benue-Congo,Defoid,NG BJ,Af6,Oyo Yoruba,oyoo1238,Oyo,West Tropical Africa,-0.95729765,-1.3246796,0.106895971,0.025,0.025,0.105,0.105,0.805,1950,NA,5500000,1950,50000,Niger-Congo
Zapotec,neegue',yannadxí,guixí,dxi que .,ti dxi ante de ayer .,dxi despué de sti dxi .,chupa gubidxa .,chupa gubidxa ante de yanna .,chupa gubidxa despué de yanna .,tapa gubidxa .,tapa gubidxa ante de yanna .,tapa gubidxa de yanna .,chonna gubidxa .,chonna gubidxa ante de yanna .,chonna gubidxa de yanna .,1,1,1,0.5,0,0.5,3.5,North America,16.416667,-95,isth1244,zai,Oto-Manguean,NA,Zapotecan,MX,NA,Zapotec,yala1267,Yalálag Zapotec,NA,-0.95729765,-1.3246796,0.106895971,0.025,0.025,0.105,0.105,0.805,1940,mountain village of Yalagag,NA,NA,5000-50000,Oto-Manguean
Wu Chinese,zoʔ2.ȵiəʔ3‧,tɕin4.tsæ0‧,mən2.tsæ3‧,,zɪ2.ȵiəʔ3‧,Ǿøʏ23.ȵiəʔ1‧,NA,NA,NA,NA,NA,NA,NA,NA,NA,1,1,1,1,1,2,5,NA,31.67,120.8,wuch1236,wuu,Sino-Tibetan,NA,NA,NA,Ed15b,Kiangsu,wuch1236,Wu Chinese,China,-0.95729765,-1.3246796,0.106895971,0.025,0.025,0.105,0.105,0.805,1936,NA,NA,None,50000,Sino-Tibetan
Cebuano,kagahapon,karong adlawa,ugma,ang adlaw,sa miaging adlaw,pagka ugma,duha ka adlaw,duha ka adlaw sa wala pa karon,duha ka adlaw human karon,upat ka adlaw,upat ka adlaw sa wala pa karon,upat ka adlaw gikan karon,tulo ka adlaw,tulo ka adlaw sa wala pa karon,tulo ka adlaw gikan karon,1,1,1,0,0.5,0.5,3.5,Papunesia,10,124,cebu1242,ceb,Austronesian,None,Greater Central Philippine,PH,Ia12,Sugbuanon,cebu1242,Cebuano,Malesia,-0.407543899,-1.26541688,-0.542391378,0.025,0.025,0.205,0.105,0.705,1950,NA,2225000,1950,50000,Austronesian
Samoan,ananafi,aso nei,taeao,le aso,o le aso ua mavae ananafi,o le aso a taeao,lua aso,lua aso ua mavae atu nei,lua aso mulimuli ane nei,fa aso,e fa aso i luma atu o le taimi nei,e fa aso mai le taimi nei,aso e tolu,tolu aso a'o lumana'i nei,tolu aso mai le taimi nei,1,1,1,0.5,0.5,1,4,Papunesia,-13.91666667,-171.8333333,samo1305,smo,Austronesian,Eastern Malayo-Polynesian,Oceanic,AS WS,Ii1,American Samoans,samo1305,Samoan,Southwestern Pacific,0.142209853,-1.206154159,-1.191678726,0.025,0.025,0.305,0.105,0.605,1920,with special reference to American Samoa,45000,1926,50-99,Austronesian
Tongan,aneafi,ahó ni,ʻapongipongi,ko e ʻaho .,ko e 'aho kimu'a 'aneafi .,ko e 'aho hili 'apongipongi .,ʻaho ʻe ua,ʻaho ʻe ua kimuʻa he taimí ni .,ʻaho ʻe ua mei he taimí ni .,ʻaho ʻe fā,ʻaho ʻe fā kimuʻa he taimí ni .,ʻaho ʻe fā mei heni .,ʻaho ʻe tolu .,ʻaho ʻe tolu kimuʻa he taimí ni .,ʻaho ʻe tolu mei heni .,1,1,1,0.5,0.5,1,4,Papunesia,-21.16666667,-175.1666667,tong1325,ton,Austronesian,Eastern Malayo-Polynesian,Oceanic,TO,Ii12,Tongans,tong1325,Tonga (Tonga Islands),Southwestern Pacific,0.142209853,-1.206154159,-1.191678726,0.025,0.025,0.305,0.105,0.605,1920,NA,24000,1921,NA,Austronesian
Tahitian,ʻApaʻau,i teie nei,ananahi,te mahana,te mahana na mua'tu,te mahana i muri a'e ananahi,e piti mahana,e piti mahana na mua ' tu,e piti mahana i muri iho,e maha mahana,e maha mahana na mua ' tu,e maha mahana i muri iho,e toru mahana,e toru mahana na mua ' tu,e toru mahana i muri iho,1,0.25,0.25,0,0.5,0.5,2,Papunesia,-17.66666667,-149.5833333,tahi1242,tah,Austronesian,Eastern Malayo-Polynesian,Oceanic,PF,Ij8,Tahitians,tahi1242,Tahitian,South-Central Pacific,0.691963605,-1.146891438,-1.840966075,0.025,0.025,0.405,0.105,0.505,1900,NA,None,NA,NA,Austronesian
Luganda,jjo,leero,enkya,olunaku,olunaku olusooka eggulo,olunaku oluddirira enkya,ennaku bbiri,ennaku bbiri nga wabulayo kati,oluvannyuma lw’ennaku bbiri kati,ennaku nnya,nga wabulayo ennaku nnya kati,ennaku nnya okuva kati,ennaku ssatu,nga wabulayo ennaku ssatu kati,ennaku ssatu okuva kati,1,1,1,0,0.5,0.5,3.5,Africa,0.5,32.16666667,gand1255,lug,Niger-Congo,Benue-Congo,Bantu,UG,Ad7,Ganda,gand1255,Ganda,East Tropical Africa,-0.289976517,-1.008930967,0.185765263,0.025,0.105,0.105,0.105,0.705,1880,Kyaddondo district (V: Kampala),600000,1900,5000-50000,Niger-Congo
Nahuatl (Eastern Huasteca),yaljuaya,ama,mostla,tonali,tonali achtoui,mostla,ome tonali,ome tonali achtoui,ome tonali teipa,naui tonali,naui tonali achtoui,naui tonali tlen axkan,eyi tonali,eyi tonali achtoui,eyi tonali tlen axkan,1,1,1,0,0,0,3,North America,22,-99,huas1257,nhe nhw,Uto-Aztecan,NA,Aztecan,MX,NA,NA,NA,NA,NA,-0.289976517,-1.008930967,0.185765263,0.025,0.105,0.105,0.105,0.705,1520,NA,300000,1520,50000,Uto-Aztecan
Santali,ho̱la,Te̱he̱ń,Gapa,din,teheń khon mit́ din laha,gapa tayom din,bar din,nit khon bar din lahare,bar din tayom nit,pạhil din,nit khon 4 din lahare,nit khon 4 din tayom,te̠ pe̠ din,nit khon pe din lahare,nit khon pe din tayom,1,1,1,0.5,0.5,1,4,Eurasia,24.5,87,sant1410,sat,Austro-Asiatic,None,Munda,IN,Ef1,Santal,sant1410,Santali,Indian Subcontinent,-0.289976517,-1.008930967,0.185765263,0.025,0.105,0.105,0.105,0.705,1940,NA,2500000,1931,NA,Austroasiatic
Mun,kum33pɔu35,ni44nɔi22‧,tiŋ44dɔ35‧,,ȵa55nɔi22,ȵau42dɔ35‧,NA,NA,NA,NA,NA,NA,NA,NA,NA,1,1,1,1,1,2,5,Eurasia,19,110,kimm1245,mji,Hmong-Mien,NA,Mienic,NA,Ed14,Man,kimm1245,Kim Mun,Indo-China,-0.289976517,-1.008930967,0.185765263,0.025,0.105,0.105,0.105,0.705,NA,NA,NA,None,Missing data,Sino-Tibetan
Hlai,vɔn21va32‧,vaŋ33ne31‧,pai33pʰaŋ33‧,,pai33plɔu33‧,pai33ȵeɯ11‧,NA,NA,NA,NA,NA,NA,NA,NA,NA,1,1,1,1,1,2,5,Eurasia,19,109.5,hlai1239,lic,Tai-Kadai,NA,Hlai,NA,Ed9,Li,hlai1239,Hlai,China,-0.289976517,-1.008930967,0.185765263,0.025,0.105,0.105,0.105,0.705,1930,NA,220000,1931,100-199,Sino-Tibetan
Khmer,ម្សិលមិញ,ថ្ងៃនេះ,ថ្ងៃស្អែក,ថ្ងៃ,ថ្ងៃមុនម្សិលមិញ,ថ្ងៃបន្ទាប់ថ្ងៃស្អែក,ពីរថ្ងៃ,ពីរថ្ងៃមុនឥឡូវនេះ,ពីរថ្ងៃក្រោយមក,បួនថ្ងៃ,បួនថ្ងៃមុនឥឡូវនេះ,បួនថ្ងៃចាប់ពីពេលនេះទៅ,បីថ្ងៃ,បីថ្ងៃមុនឥឡូវនេះ,បីថ្ងៃចាប់ពីពេលនេះទៅ,1,1,1,0.5,0.5,1,4,Eurasia,12.5,105,cent1989,khm,Austro-Asiatic,Mon-Khmer,Khmer,KH,Ej15,Ancient Khmer,oldk1249,Old Khmer,Indo-China,0.185429074,-0.999784662,-0.158634929,0.105,0.025,0.205,0.105,0.605,NA,NA,3500000,1950,50000,Austroasiatic
Baoure,annun'man,andɛ,ayin'man,tʃin .,annunman tʃin ng'ɔ dun mmua,ainman tʃin sin,tʃin n'ɲon,tʃin n'ɲon ka naan y'a ju,cɛn nɲɔn sinnin siɛn’n,tʃin nnan .,cɛn nnan ka naan w’a ju .,ɔ ka cɛn nnan,tʃin nsan .,cɛn nsan ka naan w’a ju .,cɛn nsan kɛ é sé yɛ’n,1,1,1,0,0.5,0.5,3.5,Africa,7,-5,baou1238,bci,Niger-Congo,Kwa,Tano,CI,Af9,Baule,baou1238,Baoulé,West Tropical Africa,0.259777235,-0.949668246,-0.463522085,0.025,0.105,0.205,0.105,0.605,1900,NA,383000,1950,NA,Niger-Congo
Ewe,tsᴐ si va yi,egbe,tsɔ si gbɔna,ŋkekea dzi,ŋkeke si do ŋgɔ na etsɔ,le etsɔ si kplɔe ɖo dzi,ŋkeke eve,ŋkeke eve do ŋgɔ na fifia,ŋkeke eve le fifia megbe,ŋkeke ene,ŋkeke ene do ŋgɔ na fifia,ŋkeke ene tso fifia,ŋkeke etɔ̃,ŋkeke etɔ̃ do ŋgɔ na fifia,ŋkeke etɔ̃ tso fifia,1,1,1,0.5,0,0.5,3.5,Africa,6.333333333,0.416666667,ewee1241,ewe,Niger-Congo,Kwa,Gbe,TG GH,Ewe,aguu1242,Agu (Ewe),Atlantic-Congo,NA,0.259777235,-0.949668246,-0.463522085,0.025,0.105,0.205,0.105,0.605,1900,NA,700000,NA,1948,Niger-Congo
Dyula,kunu,bi,sini,tile,kunu ka kɔn loon ɲɛ,sini dugusagwɛ,tile fila,tile fila ka kɔn sisan ɲɛ,tile fila o kɔ sisan,tile naani,tile naani ka kɔn sisan ɲɛ,tile naani ka bɔ sisan,tile saba,tile saba ka kɔn sisan ɲɛ,tile saba ka bɔ sisan,1,1,1,0.5,0,0.5,3.5,Africa,9.833333333,-4.666666667,dyul1238,dyu,Mande,NA,Western Mande,BF ML CI,Ag27,Diula,dyul1238,Dyula,West Tropical Africa,-0.180547527,-0.838669917,1.106667584,0.105,0.105,0.025,0.105,0.705,1910,NA,160000,1950,NA,Niger-Congo
Lingala,lobi eleki,lelo,lobi,mokolo yango,mokolo moko liboso ya lobi,mokolo oyo elandi lobi,mikolo mibale,mikolo mibale eleki,mikolo mibale uta sikoyo,mikolo minei,mikolo minei eleki,mikolo minei uta sikoyo,mikolo misato,mikolo misato eleki,mikolo misato uta sikoyo,1,1,1,0.5,0,0.5,3.5,Africa,2,18.5,ling1263,lin,Niger-Congo,Benue-Congo,Bantu,CD,Ae28,Ngala,ling1263,Kinshasa Lingala,West-Central Tropical Africa,1.359284738,-0.831142805,-1.762096782,0.025,0.105,0.405,0.105,0.405,1900,NA,125000,1950,200-399,Niger-Congo
Tumbuka,mayilo,mwahuno,namachelo,zuŵa ilo,Zuŵa lakumanyuma,zuŵa lakulondezgapo machero,mazuŵa ghaŵiri,mazuŵa ghaŵiri pambere sono,panyuma pa mazuŵa ghaŵiri sono,mazuŵa ghanayi,mazuŵa ghanayi pambere sono,mazuŵa ghanayi kufuma sono,mazuŵa ghatatu,mazuŵa ghatatu pambere sono,mazuŵa ghatatu kufuma sono,1,1,1,0,0,0,3,Africa,-11.33,33.37,NA,tum,Atlantic-Congo,NA,NA,NA,Ac36,Tumbuka,tumb1250,Tumbuka,South Tropical Africa,0.005954691,-0.76956758,0.843642742,0.025,0.205,0.025,0.105,0.705,1920,NA,115000,1945,NA,Niger-Congo
Maori,inanahi,i tenei ra,apopo,te ra,te ra i mua inanahi,apopo,e rua nga ra,e rua nga ra i mua i tenei wa,e rua nga ra i muri mai inaianei,e wha nga ra,e wha nga ra i mua i tenei wa,e wha nga ra mai i tenei wa,e toru nga ra,e toru nga ra i mua i tenei wa,e toru nga ra mai i tenei wa,1,1,1,0.5,0,0.5,3.5,Papunesia,-40,176,maor1246,mri,Austronesian,Eastern Malayo-Polynesian,Oceanic,NZ,Ij2,Māori,maor1246,Maori,New Zealand,2.13114991,-0.74413597,1.072579961,0.305,0.105,0.205,0.025,0.405,1820,NA,42100,1896,200-399,Austronesian
Kongo,mazono,bubu yai,mbasi,kilumbu,kilumbu ya ntwala ya mazono,kilumbu ya nima ya mbasi,bilumbu zole,Bilumbu zole na ntwala,Bilumbu zole na nima,Bilumbu iya,Bilumbu iya na ntwala,Bilumbu iya katuka ntangu yai,bilumbu tatu,Bilumbu tatu na ntwala,Bilumbu tatu na nima,0.5,0.5,0.5,0,0,0,1.5,Africa,-5,15,koon1244,kng,Niger-Congo,Benue-Congo,Bantu,CD,Ac14,Bakongo,sans1272,San Salvador Kongo,South Tropical Africa,0.302996455,-0.74329875,0.569521712,0.105,0.105,0.105,0.105,0.605,1900,NA,None,NA,None,Niger-Congo
Guarani,kuehe,ko árape,ko'ẽrõ,ára,pe ára kuehe mboyve,ára ko’ẽrõ rire,mokõi ára,mokõi ára ko’áĝa mboyve,mokõi ára rire ko’áĝa,irundy ára,irundy ára ko’áĝa mboyve,irundy ára ko’áĝa guive,mbohapy ára,mbohapy ára ko’áĝa mboyve,mbohapy ára ko’áĝa guive,1,1,1,0.5,0.5,1,4,South America,-26,-56,para1311,gug,Tupian,NA,Maweti-Guarani,PY,Sj10,Cayua,mbya1239,Mbyá Guaraní,Southern South America,1.674331359,-0.740753171,1.340758365,0.205,0.205,0.105,0.025,0.505,1950,NA,2000,NA,NA,Tupian
Bulgarian,вчера,днес,утре,деня,завчера,вдругиден,два дни,преди два дни,след два дни,четири дни,четири дни преди сега,след четири дни,три дни,преди три дни,след три дни,1,1,1,1,1,2,5,Eurasia,42.5,25,bulg1262,bul,Indo-European,None,Slavic,BG,Ch5,Bulgarians,bulg1262,Bulgarian,Southeastern Europe,-1.377167513,-0.724654495,0.480356215,0.025,0.025,0.025,0.205,0.805,1940,NA,1700,1934,50000,Indo-European
Cantonese,琴日,今日,聽日,嗰日,前日,後日,兩日,兩日前而家,喺而家之後兩日,四日,喺而家之前四日,由而家開始四日,三日,喺而家之前三日,由而家開始三日,1,1,1,1,1,2,5,Eurasia,23,113,yuec1235,yue,Sino-Tibetan,None,Chinese,CN,NA,Cantonese,yuec1235,Yue Chinese,China,-1.377167513,-0.724654495,0.480356215,0.025,0.025,0.025,0.205,0.805,1940,NA,None,NA,NA,Sino-Tibetan
Bhojpuri,काल्हु के भइल (It happened yesterday),आजु,काल्हु,दिन के बा,काल्हु से एक दिन पहिले के बात बा (It was the day before yesterday),काल्ह के बाद के दिन,दू दिन के बा,अब से दू दिन पहिले के बा,अब से दू दिन बाद,चार दिन के बा,अब से चार दिन पहिले के बा,अब से चार दिन बाद,तीन दिन के बा,अब से तीन दिन पहिले के बा,अब से तीन दिन बाद,0,1,1,0,0.5,0.5,2.5,Eurasia,26,84,bhoj1244,bho,Indo-European,None,Indic,IN,Ef11,Uttar Pradesh,bhoj1244,Bhojpuri,Indian Subcontinent,-1.377167513,-0.724654495,0.480356215,0.025,0.025,0.025,0.205,0.805,1945,NA,1400,1941,50000,Indo-European
Burmese,မနေ့က,ဒီနေ့,မနက်ဖြန်,နေ့ရက်,မနေ့ က,သဘက်ခါ,နှစ်ရက်,အရင်နှစ်ရက်က,အခုနောက်နှစ်ရက်,လေးရက်,အခု လေးရက်လောက်က,ယခုမှလေးရက်,သုံးရက်,အရင်သုံးရက်လောက်က,အခုမှ သုံးရက်,1,1,1,1,1,2,5,Eurasia,21,96,nucl1310,mya,Sino-Tibetan,Tibeto-Burman,Burmese-Lolo,MM,Ei3,Burmese,nucl1310,Burmese,Indo-China,-1.377167513,-0.724654495,0.480356215,0.025,0.025,0.025,0.205,0.805,1950,NA,NA,NA,50000,Sino-Tibetan
Javanese,wingi,dina iki,sesuk,dina,dina sadurunge wingi,sesuk,rong dina,rong dina sadurunge saiki,rong dina sawise saiki,patang dina,patang dina sadurunge saiki,patang dina wiwit saiki,telung dina,telung dina sadurunge saiki,telung dina wiwit saiki,1,1,1,0.5,0,0.5,3.5,Papunesia,-7,111,java1254,jav,Austronesian,NA,Javanese,ID,Ib2,Javanese,java1254,Javanese,Malesia,-1.377167513,-0.724654495,0.480356215,0.025,0.025,0.025,0.205,0.805,1950,NA,24000,1952,5000-50000,Austronesian
Maithili,काल्हि,आइ,काल्हि,दिन,काल्हिसँ एक दिन पहिने,काल्हिक दोसर दिन,दू दिन,दू दिन पहिने आब,आब दू दिनक बाद,चारि दिन,चारि दिन पहिने आब,चारि दिन बाद,तीन दिन,आब तीन दिन पहिने,तीन दिन बाद,0.25,1,0.25,0.5,0,0.5,2,Eurasia,26,86,mait1250,mai,Indo-European,None,Indic,IN NP,Ef10,Bihari,mait1250,Maithili,Indian Subcontinent,-1.377167513,-0.724654495,0.480356215,0.025,0.025,0.025,0.205,0.805,1880,Ganges River Valley,NA,NA,NA,Indo-European
Panjabi (Gurmukhi),ਕੱਲ੍ਹ,ਅੱਜ,ਕੱਲ੍ਹ,ਦਿਨ,ਕੱਲ੍ਹ ਤੋਂ ਇੱਕ ਦਿਨ ਪਹਿਲਾਂ,ਪਰਸੋਂ,ਦੋ ਦਿਨ,ਹੁਣ ਤੋਂ ਦੋ ਦਿਨ ਪਹਿਲਾਂ,ਹੁਣ ਦੋ ਦਿਨ ਬਾਅਦ,ਚਾਰ ਦਿਨ,ਹੁਣ ਤੋਂ ਚਾਰ ਦਿਨ ਪਹਿਲਾਂ,ਹੁਣ ਤੋਂ ਚਾਰ ਦਿਨ,ਤਿੰਨ ਦਿਨ,ਹੁਣ ਤੋਂ ਤਿੰਨ ਦਿਨ ਪਹਿਲਾਂ,ਹੁਣ ਤੋਂ ਤਿੰਨ ਦਿਨ,0.25,1,0.25,0.5,0,0.5,2,Eurasia,31,74,panj1256,pan,Indo-European,NA,Indic,PK IN,Ea13,Punjabi,west2386,Western Panjabi,Indian Subcontinent,-1.377167513,-0.724654495,0.480356215,0.025,0.025,0.025,0.205,0.805,1950,Mohla Village,300,1950,50000,Indo-European
Greenlandic,ippassaq,ullumi,aqangu,ulloq,ulloq sioqqullugu ippassaq,ulloq kingulleq,ullut marluk,ullut marluk sioqqullugit,ullut marluk qaangiuppata,ullut sisamat,ullut sisamat sioqqullugit,ullut sisamat qaangiuppata,ullut pingasut,ullut pingasut sioqqullugit,ullut pingasut qaangiuppata,1,1,1,0.5,0,0.5,3.5,Eurasia,64,-51,kala1399,kal,Eskimo-Aleut,NA,Eskimo,GL,Na25,Kalaallit (West Greenland),kala1399,Kalaallisut,Subarctic America,4.242572899,-0.705226871,-3.039090285,0.105,0.205,0.705,0.025,0.025,1910,with special reference to the inhabitants of the Egesminde District,1600,1918,NA,Eskimo-Aleut
Timucua,qibo,equela,buecha,,0,0,NA,NA,NA,NA,NA,NA,NA,NA,NA,1,1,1,0,0,0,3,North America,30.25,-82.5,timu1245,tjm,Timucua,NA,Timucua,US,Ng8,Timucua,timu1245,Timucua,Southeastern U.S.A.,2.224085111,-0.68149045,0.691471017,0.205,0.205,0.205,0.025,0.405,1560,NA,NA,NA,NA,Isolates
Gujarati,ગઈકાલે,આજે,આવતીકાલે,દિવસ,ગઈકાલના આગલા દિવસે,કાલ પછીનો દિવસ,બે દિવસ,આજથી બે દિવસ પહેલા,હવે બે દિવસ પછી,ચાર દિવસ,આજથી ચાર દિવસ પહેલા,હવેથી ચાર દિવસ,ત્રણ દિવસ,આજથી ત્રણ દિવસ પહેલા,હવેથી ત્રણ દિવસ,1,1,1,0.5,0.5,1,4,Eurasia,23,72,guja1252,guj,Indo-European,None,Indic,IN,Ef9,Gujarati,guja1252,Gujarati,Indian Subcontinent,-0.893623531,-0.629283328,-0.056789657,0.025,0.025,0.105,0.205,0.705,1920,NA,NA,NA,50000,Indo-European
Latvian,vakar,šodien,rīt,diena,aizvakar,parīt pēc rītdienas,divas dienas,divas dienas iepriekš,divas dienas pēc šī brīža,četras dienas,pirms četrām dienām,četras dienas no šī brīža,trīs dienas,trīs dienas iepriekš,trīs dienas no šī brīža,1,1,1,1,0.5,1.5,4.5,Eurasia,57,24,latv1249,lav,Indo-European,None,Baltic,LV,NA,Latvians,latv1249,Latvian,Eastern Europe,-0.893623531,-0.629283328,-0.056789657,0.025,0.025,0.105,0.205,0.705,1881,NA,1312000,1897,50000,Indo-European
Mandarin,昨天,今天,明天,今天,前天,后天,两天,前两天,后两天,四天,前四天,四天后,三天,前三天,后三天,1,1,1,1,1,2,5,Eurasia,34,110,mand1415,cmn,Sino-Tibetan,NA,Chinese,CN,NA,Shantung,mand1415,Mandarin Chinese,China,-0.893623531,-0.629283328,-0.056789657,0.025,0.025,0.105,0.205,0.705,1930,NA,NA,NA,50000,Sino-Tibetan
Batak Toba,natuari,ari on,sogot,ari i,sadari andorang so nantoari,ari haduan,dua ari,dua ari andorang so saonari .,dua ari dungkon on .,opat ari .,opat ari andorang so saonari .,opat ari nai .,tolu ari .,tolu ari andorang so nuaeng .,tolu ari nai .,1,1,1,0.5,0,0.5,3.5,Papunesia,2.5,99,bata1289,bbc,Austronesian,NA,Northwest Sumatra-Barrier Islands,ID,NA,Toba Batak,bata1289,Batak Toba,Malesia,-0.893623531,-0.629283328,-0.056789657,0.025,0.025,0.105,0.205,0.705,1930,NA,1000000,1959,NA,Austronesian
Canadian,nyɛ,ŋmene,wɔ́,gbi lɛ nɔ,gbi ni tsɔ nyɛ hiɛ lɛ,gbi ni nyiɛ wɔsɛɛ lɛ,gbii enyɔ,gbii enyɔ dani amrɔ nɛɛ,gbii enyɔ sɛɛ amrɔ nɛɛ,gbii ejwɛ,gbii ejwɛ dani amrɔ nɛɛ,gbii ejwɛ kɛjɛ bianɛ,gbii etɛ,gbii etɛ dani amrɔ nɛɛ,gbii etɛ kɛjɛ bianɛ,1,1,1,0.5,0,0.5,3.5,NA,47,-72,NA,NA,Indo-European,NA,NA,NA,Cf5,French Canadians,queb1247,Québécois,Eastern Canada,-0.893623531,-0.629283328,-0.056789657,0.025,0.025,0.105,0.205,0.705,1930,NA,NA,1926,50000,Indo-European
Chamorro,nigap,pagu,agupa,i ha'åni,i ha'åni antes di på'go,i sigiente diha,dos dihas,dos dihas antes di på'go,dos dihas despues di på'go,kuatro dihas,kuatro dihas antes di på'go,kuatro dihas desde på'go,tres dihas,tres dihas antes di på'go,tres dihas desde på'go,1,1,1,0,0,0,3,Papunesia,13.45,144.75,cham1312,cha,Austronesian,NA,Chamorro,NA,If8,Chamorro,cham1312,Chamorro,Northwestern Pacific,-0.893623531,-0.629283328,-0.056789657,0.025,0.025,0.105,0.205,0.705,1950,NA,3850,1950,400-1000,Austronesian
Hungarian,tegnap,ma,holnap,a nap,tegnapelőtt,holnapután,két nap,két nappal azelőtt,két nap múlva,négy nap,négy nappal azelőtt,négy nap múlva,három nap,három nappal azelőtt,három nap múlva,1,1,1,1,1,2,5,Eurasia,47,20,hung1274,hun,Uralic,Finno-Ugric,Ugric,HU,Ch8,Magyar,hung1274,Hungarian,Middle Europe,-0.893623531,-0.629283328,-0.056789657,0.025,0.025,0.105,0.205,0.705,1940,NA,9400000,1950,50000,Uralic
Latgale,vakardīne,šudiņ,reit,dīna .,dīna pyrms vakardīnys .,dīna piec reitdīnys .,divejis dīnys .,divejis dīnys pyrms niu .,divejis dīnys piec niu .,četrys dīnys .,četrys dīnys pyrms niu .,nu ituo četrys dīnys .,treis dīnys .,treis dīnys pyrms niu .,piec treis dīnys .,1,1,1,0.5,0.5,1,4,Eurasia,57,24,latv1249,lav,Indo-European,NA,Baltic,LV,ch21,Latvians,latv1249,Latvian,Eastern Europe,-0.893623531,-0.629283328,-0.056789657,0.025,0.025,0.105,0.205,0.705,1881,NA,1312000,1897,50000,Indo-European
Manchu,uʃ udur‧,ən udur‧,bunj udur‧,,kʰətʃʰiɡ udur‧,tʃʰɑdʒ udur‧,NA,NA,NA,NA,NA,NA,NA,NA,NA,0.5,0.5,0.5,0.5,0.5,1,2.5,Eurasia,49.5,127.5,manc1252,mnc,Altaic,NA,Tungusic,NA,Ed3,Manchu,manc1252,Manchu,China,-0.893623531,-0.629283328,-0.056789657,0.025,0.025,0.105,0.205,0.705,1920,NA,NA,1919,Missing data,Altaic
Min (Southern),tsoʔ31.lit35‧,kin22.lit35‧,biã22.tsa13‧,,tsok31.it35,Ǿau31.lit0‧,NA,NA,NA,NA,NA,NA,NA,NA,NA,1,1,1,1,1,2,5,Eurasia,25,118,minn1241,nan,Sino-Tibetan,NA,Chinese,NA,Ed6,Min Chinese,chao1239,Chaoshan,China,-0.893623531,-0.629283328,-0.056789657,0.025,0.025,0.105,0.205,0.705,1920,NA,600,1954,50000,Sino-Tibetan
Bai,tseɹ21seɹ44ȵi44‧,keɹ55ȵi44‧,meɹ55ȵi44‧,,tɯ21ȵi44‧,a31tsɿ42ȵi44‧,NA,NA,NA,NA,NA,NA,NA,NA,NA,0.5,1,1,1,0.5,1.5,4,Eurasia,26,100,cent2004,bca,Sino-Tibetan,Tibeto-Burman,Macro-Bai,NA,Ed8,Minchia,cent2004,Central Bai,China,-0.893623531,-0.629283328,-0.056789657,0.025,0.025,0.105,0.205,0.705,1930,NA,400000,None,400-1000,Sino-Tibetan
Seneca,te:dë’,në:gë:h wë:níshäde’,ëyo:hë’t,,0,0,NA,NA,NA,NA,NA,NA,NA,NA,NA,1,0.5,1,0,0,0,3.5,North America,42.5,-77.5,sene1264,see,Iroquoian,NA,Northern Iroquoian,US,Ng10,Seneca,sene1264,Seneca,Northeastern U.S.A.,2.317020312,-0.61884493,0.310362072,0.105,0.305,0.205,0.025,0.405,1750,10000,NA,NA,NA,Iroquoian
Bengali,গতকাল,আজ,আগামীকাল,দিন,গতকালের আগের দিন,পরশু,দুই দিন,এখন থেকে দুই দিন আগে,এখন দুই দিন পর,চার দিন,এখন থেকে চার দিন আগে,এখন থেকে চার দিন,তিন দিন,এখন থেকে তিন দিন আগে,এখন থেকে তিন দিন,1,1,1,0.5,1,1.5,4.5,Eurasia,24,90,beng1280,ben,Indo-European,None,Indic,BD IN,Ef2,Bengali,beng1280,Bengali,Indian Subcontinent,-0.343869779,-0.570020608,-0.706077005,0.025,0.025,0.205,0.205,0.605,1940,NA,NA,NA,50000,Indo-European
Iban,kemari,saritu,pagila,hari nya,sehari sebedau kemari,hari udah pagila,dua hari,dua hari sebedau diatu .,dua ari udah diatu .,empat hari,empat hari sebedau diatu .,empat ari ari diatu,tiga ari,tiga hari sebedau diatu .,tiga ari ari diatu,1,1,1,0.5,0,0.5,3.5,Papunesia,2,112,iban1264,iba,Austronesian,None,Malayo-Sumbawan,MY,Ib1,Iban,iban1264,Iban,Malesia,-0.343869779,-0.570020608,-0.706077005,0.025,0.025,0.205,0.205,0.605,1950,NA,11500,1949,NA,Austronesian
Korean,어제,오늘,내일,그날,그저께,모레,이틀,이틀 전,이틀 후,4일,4일 전,4일 후,3일,3일 전,3일 후,1,1,1,1,1,2,5,Eurasia,37.5,128,kore1280,kor,Korean,NA,Korean,KR KP,Ed1,Koreans,kore1280,Korean,Eastern Asia,-0.343869779,-0.570020608,-0.706077005,0.025,0.025,0.205,0.205,0.605,NA,NA,200,1947,50000,Uralic
Latin,heri,hodie,cras,dies,Pridie hesterno die,perendie,duobus diebus,duobus diebus ante nunc,duobus diebus post nunc,quatriduanus,nudiustertius,quatriduanus amodo,triduum,tribus diebus ante nunc,nunc tribus diebus,1,1,1,0.5,0,0.5,3.5,NA,41.9,12.45,lati1261,NA,Indo-European,NA,NA,NA,Ce3,Ancient Romans,lati1261,Latin,Southeastern Europe,-0.343869779,-0.570020608,-0.706077005,0.025,0.025,0.205,0.205,0.605,NA,NA,NA,NA,50000,Indo-European
Makassar,subangngi,anne alloa,ammuko,alloa,allo rioloa,ammuko,rua allo,rua allo riolo kamma kammayya anne,rua allo ribokoangna kamma kammayya anne,appa allo,appa allo riolo kamma kammayya anne,appa allo battu ri kamma kammayya anne,tallung allo,tallung allo riolo kamma kammayya anne,tallung allo battu ri kamma-kammaya anne,1,1,1,0,0,0,3,Papunesia,-5.416666667,119.5833333,maka1311,mak,Austronesian,None,South Sulawesi,ID,Ic1,Macassarese,maka1311,Makasar,Malesia,-0.343869779,-0.570020608,-0.706077005,0.025,0.025,0.205,0.205,0.605,1940,Borongloe,NA,NA,NA,Austronesian
Tamil,நேற்று,இன்று,நாளை,நாள்,நேற்று முன் தினம்,நாளை மறுநாள்,இரண்டு நாட்கள்,இப்போது இரண்டு நாட்களுக்கு முன்பு,இப்போது இரண்டு நாட்களுக்குப் பிறகு,நான்கு நாட்கள்,இப்போது நான்கு நாட்களுக்கு முன்பு,இன்றிலிருந்து நான்கு நாட்கள்,மூன்று நாட்கள்,இப்போது மூன்று நாட்களுக்கு முன்பு,இப்போதிலிருந்து மூன்று நாட்கள்,1,1,1,0.5,0,0.5,3.5,Eurasia,11,78.5,tami1289,tam,Dravidian,None,Dravidian,IN LK,NA,Tamil,tami1289,Tamil,Indian Subcontinent,-0.343869779,-0.570020608,-0.706077005,0.025,0.025,0.205,0.205,0.605,1880,NA,3000000,NA,50000,Dravidian
Vietnamese,hôm qua,hôm nay,ngày mai,ngày,ngày hôm kia,ngày mốt,hai ngày,hai ngày trước đây,hai ngày sau đây,bốn ngày,bốn ngày trước đây,bốn ngày kể từ bây giờ,ba ngày,ba ngày trước đây,ba ngày kể từ bây giờ,1,1,1,0.5,0.5,1,4,Eurasia,10.5,106.5,viet1252,vie,Austro-Asiatic,Mon-Khmer,Vietic,0,Ej4,Annamese,viet1252,Vietnamese,Indo-China,-0.343869779,-0.570020608,-0.706077005,0.025,0.025,0.205,0.205,0.605,1950,Red River Delta in Tonkin,22000000,NA,50000,Austroasiatic
Quileute, chi/ tq5wi7,chi/ p35,x2 tq5wi7,,chi/ tq5wi7,kitoktiya,NA,NA,NA,NA,NA,NA,NA,NA,NA,1,1,1,0,1,1,4,North America,47.91666667,-124.25,quil1240,qui,Chimakuan,NA,Chimakuan,US,Nb18,Quileute,quil1240,Quileute,Northwestern U.S.A.,4.472294338,-0.429755038,-2.269071329,0.105,0.305,0.605,0.025,0.025,1880,285,NA,NA,NA,Chimakuan
Mizo,nimin,vawiin,naktuk,ni khat chu,nimin hma ni khan,naktuk hnu ni,ni hnih chhung a ni,tun hma ni hnih a awm tawh,tun atanga ni hnih hnuah,ni li chhung a ni,tun hma ni li,tun atanga ni li hnuah,ni thum chhung a ni,tun hma ni thum a awm tawh,tun atanga ni thum hnuah,1,1,1,0.5,0.5,1,4,Eurasia,23.16666667,92.83333333,lush1249,lus,Sino-Tibetan,Tibeto-Burman,Kuki-Chin,BD IN,Ei20,Kuki,lush1249,Mizo,Indian Subcontinent,-0.70984638,-0.408905862,0.559225508,0.025,0.105,0.025,0.205,0.705,1940,NA,NA,NA,None,Sino-Tibetan
Quechua,qayna punchaw,kunan,paqarin,p’unchaw,qayna punchaw ñawpaq punchaw,paqarin punchawmanta qipa punchaw,iskay punchaw,iskay punchaw ñawpaqtaraq,kunanmanta iskay punchawmanta,tawa punchaw,tawa punchaw ñawpaqtaraq,tawa punchawmanta,kimsa punchaw,kimsa punchaw ñawpaqtaraqmi,kimsa punchawmanta,1,1,1,0,0.5,0.5,3.5,South America,-8.5,-77.5,chiq1249,qxa,Quechuan,NA,Quechuan,PE,Sf1,Inca,cusc1236,Cusco Quechua,Western South America,-0.70984638,-0.408905862,0.559225508,0.025,0.105,0.025,0.205,0.705,1530,NA,1500000,1571,5000-50000,Quechuan
Chichewa,dzulo,lero,mawa,tsiku,dzulo lake,mawa lake,masiku awiri,masiku awiri zisanachitike,patatha masiku awiri,masiku anayi,masiku anayi zisanachitike,masiku anayi kuchokera pano,masiku atatu,masiku atatu kale,masiku atatu kuchokera pano,1,1,1,0,0,0,3,Africa,-14,34,nyan1308,nya,Niger-Congo,Benue-Congo,Bantu,MZ MW ZM ZW,NA,Chewa,chew1246,Chewa,South Tropical Africa,1.082471646,-0.408564196,0.690253319,0.105,0.205,0.105,0.105,0.505,1920,NA,750000,1955,100-199,Niger-Congo
Tiv,nyen,nyian,Kpee,iyange la .,iyange i nyian,iyange i kper la,ayange ahar,ayange ahar cii man shighe ne ye .,ayange nga kar ahar yô,ayange anyiin .,ayange anyiin cii man shighe ne ye .,ayange anyiin ken hemen .,ayange atar .,ayange atar cii man shighe ne ye .,ayange atar ken hemen .,1,0.25,0.25,0.5,0,0.5,2,Africa,7.5,9,tivv1240,tiv,Niger-Congo,Benue-Congo,Tivoid,NG,Ah3,Tiv,tivv1240,Tiv,West Tropical Africa,1.082471646,-0.408564196,0.690253319,0.105,0.205,0.105,0.105,0.505,NA,NA,530000,NA,200-399,Niger-Congo
Kanuri,biska,ku,bali,yimdǝ,yim kawu biskayedə,yim ngawo balibe,kawu indi,kawu indi kawu kǝrma dǝro,ngawo kawu indiben,kawu diyau,kawu diyau kawu adǝro,kawu diyau fuwulan,kawu yakkǝ,kawu yakkǝ kawu adǝro,kawu yakkǝ fuwulan,1,1,1,0.5,0.5,1,4,Africa,12,13,cent2050,knc,Saharan,Saharan,Western Saharan,NG TD NE SD,Cb19,Kanuri,cent2050,Central Kanuri,West Tropical Africa,-0.300650559,-0.363651111,0.326966792,0.105,0.025,0.105,0.205,0.605,1870,NA,750000,1952,5000-50000,Nilo-Saharan
Karok,ipit ,ítam,imaan,,ipít múpitkam ,imáan múmaankam,NA,NA,NA,NA,NA,NA,NA,NA,NA,1,1,1,0.5,0.5,1,4,North America,41.66666667,-123,karo1304,kyh,Hokan,NA,Karok,US,Nb34,Karuk,karo1304,Karuk,Northwestern U.S.A.,4.423210173,-0.342219765,-0.35572554,0.405,0.105,0.505,0.025,0.025,1860,600,NA,NA,NA,Hokan
Hupa,wiłdung,de:-je:nis,yisxun-de',,wiłdun'-dung',yisxun-yisxa:n,NA,NA,NA,NA,NA,NA,NA,NA,NA,1,1,1,0.5,0.5,1,4,North America,41.08333333,-123.6666667,hupa1239,hup,Na-Dene,NA,Athapaskan,US,Nb35,Hupa,hupa1239,Hupa-Chilula,Southwestern U.S.A.,4.423210173,-0.342219765,-0.35572554,0.405,0.105,0.505,0.025,0.025,1860,640,NA,NA,NA,Athabaskan-Eyak-Tlingit
Luo,nyoro,kawuono,kiny,odiechieng',Odiechieng' motelo nyoro,Odiechieng' bang' kiny,ndalo ariyo,ndalo ariyo kapok sani,ndalo ariyo bang' sani,ndalo ang'wen,ndalo ang’wen kapok sani,ndalo ang'wen chakre sani,ndalo adek,ndalo adek kapok sani,ndalo adek chakre sani,1,1,1,0.5,0.5,1,4,Africa,-0.5,34.75,luok1236,luo,Eastern Sudanic,Nilotic,Western Nilotic,KE TZ,Aj6,Luo,luok1236,Luo (Kenya and Tanzania),East Tropical Africa,-0.226302398,-0.313534695,0.022079636,0.025,0.105,0.105,0.205,0.605,1940,NA,800000,1947,100-199,Nilo-Saharan
Miao,nag hmo,hnub no,tag kis,hnub,hnub ua ntej nag hmo,hnub tom qab tag kis,ob hnub,ob hnub ua ntej tam sim no,ob hnub tom qab tam sim no,plaub hnub,plaub hnub ua ntej tam sim no,plaub hnub txij tam sim no,peb hnub,peb hnub ua ntej tam sim no,peb hnub txij tam sim no,1,1,1,0.5,0.5,1,4,Eurasia,26,105,hmon1333,mww,Hmong-Mien,NA,Hmongic,CN VN,Ed4,Miao,horn1235,Horned Miao,China,-0.226302398,-0.313534695,0.022079636,0.025,0.105,0.105,0.205,0.605,1940,NA,2500000,1954,100-199,Sino-Tibetan
Susu,khoro,too,tina,lOxE,xoro singe,tina xanbi,xi firin,xi firin beenun ya,xi firin dangi xanbi,xi nani,xi nani beenun ya,xi naani bun ma,xi saxan,xi saxan beenun ya,xi saxan bun ma,1,1,1,0,0,0,3,Africa,10,-13,susu1250,sus,Mande,None,Western Mande,GN,NA,Susu,susu1250,Susu,West Tropical Africa,-0.226302398,-0.313534695,0.022079636,0.025,0.105,0.105,0.205,0.605,1930,NA,300000,1950,NA,Niger-Congo
Shawnee,oo-la-coo,Enoukee;nih-kees-qua,wap-pa-kie,,al-li-ka oo-la-coo,al-li-ka wap-pa-kie,NA,NA,NA,NA,NA,NA,NA,NA,NA,1,1,1,0.5,0.5,1,4,North America,40,-83,shaw1249,sjw,Algic,NA,Algonquian,US,Nf13,Shawnee,shaw1249,Shawnee,Southeastern U.S.A.,3.096495503,-0.284110377,0.431093679,0.105,0.405,0.205,0.025,0.305,1820,1100,NA,NA,NA,Algic
Alur,ma nyaworu,tin,urwo,ceng,ceng ma ukadhu,ceng ma lubo urwo,nindu aryo,nindo aryo mapodi kawoni,nindo aryo ingey kawoni,nindu angwen,nindo angwen mapodi kawoni,nindo angwen nicaku kawoni,nindu adek,nindo adek mapodi kawoni,nindo adek nicaku kawoni,1,1,1,0,0,0,3,Africa,2.36,31,alur1250,alz,Nilo-Saharan,NA,Nilotic,NA,Aj17,Alur,alur1250,Alur,West-Central Tropical Africa,0.323451354,-0.254271974,-0.627207712,0.025,0.105,0.205,0.205,0.505,1890,NA,200000,NA,NA,Nilo-Saharan
Dogri,पिछले रोज,अज्ज,औंदे कल,दिन दा,कल दे इक दिन पैह्ले,कल दे अगले दिन,दो दिन,दो दिन पहले हुन,दो दिन बाद हुन,चार दिन,चार दिन पैह्लें गै,चार दिन बाद,तीन दिन,त्रै दिन पैह्लें गै,त्रै दिन बाद,1,1,1,0.5,0.5,1,4,Eurasia,33,75,dogr1250,dgo,Indo-European,NA,Indic,IN,Na15,Tlicho,dogr1252,Dogrib,Subarctic,4.609080576,-0.216928725,-1.117943429,0.205,0.305,0.505,0.025,0.025,1860,NA,900,NA,1959,Indo-European
Quinault,tiiɑlɑš,əɫnisyəx̣uč,iɑlɑš,,0,0,NA,NA,NA,NA,NA,NA,NA,NA,NA,1,1,1,0,0,0,3,North America,47.42,-124.16,quin1251,qun,Salishan,NA,NA,NA,Nb25,Quinault,quin1251,Quinault,Northwestern U.S.A.,4.609080576,-0.216928725,-1.117943429,0.205,0.305,0.505,0.025,0.025,1860,200,NA,NA,NA,Salishan
Nanai,ɕiksə,əiniŋ,thumakhə,,tsurkhə jiniŋ,thiɔrmi,NA,NA,NA,NA,NA,NA,NA,NA,NA,1,1,1,0.5,1,1.5,4.5,Eurasia,49.5,137,nana1257,gld,Altaic,NA,Tungusic,NA,Ec9,Nanai,nana1257,Nanai,China,2.918235119,-0.161673698,-1.520633568,0.025,0.305,0.405,0.105,0.205,1920,NA,100,1940,Missing data,Altaic
Jingpho,mə55ni55‧,tai31ni55‧,pʰot55ni55‧,,mə55ni55aʔ31ɕoŋ33ɕə31ni55‧,pʰot55tin31ni55‧,,,,,,,,,,1,1,1,0,0.5,0.5,3.5,Eurasia,25.41666667,97,kach1280,kac,Sino-Tibetan,Tibeto-Burman,Brahmaputran,,Ei5,Kachin,kach1280,Southern Jinghpaw,Indo-China,-0.116873408,-0.143273645,0.942981956,0.105,0.105,0.025,0.205,0.605,1940,,300000,1901,100-199,Sino-Tibetan
Swati,itolo,lamuhla,kusasa,lilanga,ngelilanga langaphambilini kwayitolo,ngelilanga lelilandzelako,emalanga lamabili,emalanga lamabili ngaphambi kwanyalo,ngemuva kwemalanga lamabili manje,emalanga lamane,emalanga lamane ngaphambi kwanyalo,emalanga lamane kusukela manje,emalanga lamatsatfu,emalanga lamatsatfu ngaphambi kwanyalo,emalanga lamatsatfu kusukela manje,1,1,1,0.5,0.5,1,4,Africa,-26.5,31,swat1243,ssw,Niger-Congo,Benue-Congo,Bantu,ZA SZ,Ab2,Swazi,swat1243,Swati,Southern Africa,-0.116873408,-0.143273645,0.942981956,0.105,0.105,0.025,0.205,0.605,NA,NA,180000,1946,NA,Niger-Congo
Venda,mulovha,ṋamusi,matshelo,duvha,duvha la phanda ha mulovha .,duvha la matshelo .,maduvha mavhili .,maḓuvha mavhili phanḓa ha zwino,nga murahu ha maduvha mavhili zwino,maḓuvha maṋa .,maḓuvha maṋa phanḓa ha zwino .,maḓuvha maṋa u bva zwino .,maduvha mararu .,maḓuvha mararu phanḓa ha zwino .,maḓuvha mararu u bva zwino .,1,1,1,0.5,0.5,1,4,Africa,-22,30,vend1245,ven,Niger-Congo,Benue-Congo,Bantu,ZA ZW,Ab6,Venda,vend1245,Venda,Southern Africa,-0.116873408,-0.143273645,0.942981956,0.105,0.105,0.025,0.205,0.605,1900,NA,150000,1930,200-300,Niger-Congo
Bambara,kunu,bi,sini,o don,don min bɛ kɔn kunun ɲɛ,sini o don kɔfɛ,tile fila,tile fila ka kɔn sisan ɲɛ,tile fila o kɔfɛ sisan,tile naani,tile naani ka kɔn sisan ɲɛ,tile naani ka bɔ sisan,tile saba,tile saba ka kɔn sisan ɲɛ,tile saba ka bɔ sisan,1,0.25,1,0.5,0.5,1,3.25,Africa,12.5,-7.5,bamb1269,bam,Mande,None,Western Mande,ML,NA,Bambara,bamb1269,Bambara,West Tropical Africa,0.385889431,-0.091562077,0.828807344,0.205,0.025,0.105,0.205,0.505,1920,NA,500000,1902,5000-50000,Niger-Congo
Inuktitut,Ippaksaq,Ullumi,Qaukpat,Ulluq,Ippaksaq sivuniani,Qauppaup kinguniani,Ulluuk marruuk,Marruuk ulluuk sivuniani,Ulluuk marruuk aniguqpatik,Ulluit tisamat,Ulluit tisamat sivuniani,Ulluit tisamat aniguqpata,Ulluit pingasut,Ulluit pingasut sivuniani,Ulluit pingasut aniguqpata,1,1,1,0.5,0,0.5,3.5,North America,62,-76,east2534,ike,Eskimo-Aleut,NA,Eskimo,NA,Na13,Nunatsiarmiut,baff1240,North Baffin Inuktitut,Subarctic America,4.888517995,-0.085180869,-1.762077216,0.025,0.505,0.505,0.025,0.025,1880,NA,NA,NA,50,Eskimo-Aleut
Kiga,nyomwebazo,eirizoba,nyentsyankare,eizooba,eizooba erya nyomwabazyo,eizooba rya nyenkyakare,ebiro bibiri,ebiro bibiri hati bitakahikire,bwanyima y'ebiro bibiri hati,ebiro bina,ebiro bina hati bitakahikire,ebiro bina kuruga hati,ebiro bishatu,ebiro bishatu bitakahikire hati,ebiro bishatu kuruga hati,1,1,1,0.5,0,0.5,3.5,Africa,-0.916666667,29.83333333,chig1238,cgg,Niger-Congo,Benue-Congo,Bantu,UG,Ad13,Kiga,chig1238,Chiga,West-Central Tropical Africa,0.069628811,-0.074171308,0.679957115,0.025,0.205,0.025,0.205,0.605,1930,NA,100000,1940,NA,Niger-Congo
Khasi,mynnin,mynta ka sngi,lashai,ka sngi,ka sngi shuwa hynnin ka sngi,ka sngi hadien lashai,ar sngi,ar sngi shuwa mynta,ar sngi hadien mynta,saw sngi,saw sngi shuwa mynta,saw sngi naduh mynta .,lai sngi,lai sngi shuwa mynta,lai sngi naduh mynta .,1,1,1,0.5,0.5,1,4,Eurasia,25.5,92,khas1269,kha,Austro-Asiatic,Mon-Khmer,Khasian,IN,Ei8,Khasi,khas1269,Khasi,Indian Subcontinent,0.366670575,-0.047902478,0.405836085,0.105,0.105,0.105,0.205,0.505,1900,NA,175000,1901,50-99,Austroasiatic
Oriya,ଗତକାଲି,ଆଜି,ଆସନ୍ତାକାଲି,ଦିନ,ଗତକାଲି,ଆସନ୍ତାକାଲି,ଦୁଇ ଦିନ,ବର୍ତ୍ତମାନ ଦୁଇ ଦିନ ପୂର୍ବରୁ |,ଦୁଇ ଦିନ ପରେ,ଚାରି ଦିନ |,ବର୍ତ୍ତମାନ ଚାରି ଦିନ ପୂର୍ବରୁ |,ବର୍ତ୍ତମାନଠାରୁ ଚାରି ଦିନ |,ତିନି ଦିନ,ତିନି ଦିନ ପୂର୍ବରୁ,ବର୍ତ୍ତମାନଠାରୁ ତିନି ଦିନ,1,1,1,0,0,0,3,Eurasia,21,85,oriy1255,ory,Indo-European,None,Indic,IN,Eg7,Hill Bhuiya,oriy1255,Odia,Indian Subcontinent,0.366670575,-0.047902478,0.405836085,0.105,0.105,0.105,0.205,0.505,1930,with special reference to the Pauri or Hill Bhuiya,2000000,NA,50-99,Indo-European
Shona,nezuro,nhasi,mangwana,zuva,zuva rakapfuura nezuro,kuswera mangwana,mazuva maviri,mazuva maviri zvisati zvaitika,mazuva maviri gare gare,mazuva mana,mazuva mana zvisati zvaitika,mazuva mana kubva zvino,mazuva matatu,mazuva matatu zvisati zvaitika,mazuva matatu kubva zvino,1,1,1,0.5,0.5,1,4,Africa,-18,31,shon1251,sna,Niger-Congo,Benue-Congo,Bantu,ZW,Ab18,Shona,shon1251,Shona,South Tropical Africa,0.366670575,-0.047902478,0.405836085,0.105,0.105,0.105,0.205,0.505,1920,with special reference to the Zezuru,700000,1931,100-199,Niger-Congo
Armenian,երեկ,այսօր,վաղը,օրը,նախօրեին,վաղը մյուս օրը,երկու օր,երկու օր առաջ,երկու օր անց,չորս օր,չորս օր առաջ,չորս օրից,երեք օր,երեք օր առաջ,երեք օրից,1,1,1,1,0.5,1.5,4.5,Eurasia,40,45,nucl1235,hye,Indo-European,NA,Armenian,AM,NA,Armenians,nucl1235,Eastern Armenian,Caucasus,-1.313493394,-0.029258223,0.316670588,0.025,0.025,0.025,0.305,0.705,1900,NA,NA,NA,50000,Indo-European
Czech,včera,dnes,zítra,den,předevčírem,pozítří,dva dny,před dvěma dny,dva dny poté,čtyři dny,před čtyřmi dny,za čtyři dny,tři dny,před třemi dny,za tři dny,1,1,1,1,1,2,5,Eurasia,50,15,czec1258,ces,Indo-European,None,Slavic,CZ,Ch3,Czechs,czec1258,Czech,Middle Europe,-1.313493394,-0.029258223,0.316670588,0.025,0.025,0.025,0.305,0.705,1940,NA,8800000,1950,50000,Indo-European
Russian,вчера,сегодня,завтра,день,позавчера,послезавтра,два дня,два дня до настоящего момента,два дня после настоящего момента,четыре дня,четыре дня до настоящего момента,четыре дня от настоящего момента,три дня,три дня от настоящего момента,три дня от настоящего момента,1,1,1,1,1,2,5,Eurasia,56,38,russ1263,rus,Indo-European,None,Slavic,RU,SCCS54,Russians,russ1263,Russian,Eastern Europe,-1.313493394,-0.029258223,0.316670588,0.025,0.025,0.025,0.305,0.705,1955,NA,NA,NA,50000,Indo-European
Spanish,ayer,hoy,mañana,el día,anteayer,pasado mañana,dos días,dos días antes de ahora,dos días después de ahora,cuatro días,cuatro días antes de ahora,dentro de cuatro días,tres días,tres días antes de ahora,dentro de tres días,1,1,1,1,0.5,1.5,4.5,Eurasia,40,-4,stan1288,spa,Indo-European,None,Romance,ES,Ce6,Spaniards,stan1288,Spanish,Southwestern Europe,-1.313493394,-0.029258223,0.316670588,0.025,0.025,0.025,0.305,0.705,1950,NA,NA,NA,50000,Indo-European
Balinese,ibi,dina jani,binmani,rahina,rahina sadurung dibi,rahina benjang,kalih rahina,kalih rahina sadurung mangkin,kalih rahina sasampun mangkin,petang rahina,petang rahina sadurung mangkin,petang rahina saking mangkin,tigang rahina,tigang rahina sadurung mangkin,tigang rahina saking mangkin,1,1,1,0.5,0,0.5,3.5,Papunesia,-8.333333333,115.25,bali1278,ban,Austronesian,None,Malayo-Sumbawan,ID,Ib3,Balinese,bali1278,Balinese,Malesia,-1.313493394,-0.029258223,0.316670588,0.025,0.025,0.025,0.305,0.705,1950,NA,1000000,1959,200-399,Austronesian
Tigrinya,ትማሊ,ሎምዓንቲ,ፅባሕ,እታ መዓልቲ,ቅድሚ ትማሊ ዝነበረ መዓልቲ,ድሕሪ ጽባሕ ዝመጽእ መዓልቲ,ክልተ መዓልቲ,ክልተ መዓልቲ ቅድሚ ሕጂ,ድሕሪ ክልተ መዓልቲ ሕጂ,ኣርባዕተ መዓልቲ,ቅድሚ ሕጂ ኣርባዕተ መዓልቲ,ድሕሪ ኣርባዕተ መዓልቲ,ሰለስተ መዓልቲ,ቅድሚ ሰለስተ መዓልቲ,ድሕሪ ሰለስተ መዓልቲ,1,1,1,0.5,0.5,1,4,Africa,14.5,38.5,tigr1271,tir,Afro-Asiatic,None,Semitic,ET ER,Ca3,Tigrinya,tigr1271,Tigrinya,Northeast Tropical Africa,-1.313493394,-0.029258223,0.316670588,0.025,0.025,0.025,0.305,0.705,1950,NA,1000000,NA,5000-50000,Afro-Asiatic
Tetum/Tetun,horiseik,ohin loron,aban,loron,loron antes horisehik,loron tuir mai,loron rua,loron rua antes agora,loron rua hafoin agora,loron haat,loron haat antes agora,loron haat husi agora,loron tolu,loron tolu antes agora,loron tolu husi agora,1,1,1,0.5,0,0.5,3.5,Papunesia,-9,126,tetu1245,tet,Austronesian,NA,Central Malayo-Polynesian,TL,Ic3,Belu,tetu1245,Tetum,Malesia,-1.313493394,-0.029258223,0.316670588,0.025,0.025,0.025,0.305,0.705,1950,NA,82000,1952,NA,Austronesian
Telugu,నిన్న,నేడు,రేపు,రోజు,నిన్నటికి ముందు రోజు,రేపు మరుసటి రోజు,రెండు రోజులు,ఇప్పుడు రెండు రోజుల ముందు,ఇప్పుడు రెండు రోజుల తర్వాత,నాలుగు రోజులు,ఇప్పుడు నాలుగు రోజుల ముందు,ఇప్పటి నుండి నాలుగు రోజులు,మూడు రోజులు,ఇప్పుడు మూడు రోజుల ముందు,ఇప్పటి నుండి మూడు రోజులు,1,1,1,0.5,0,0.5,3.5,Eurasia,16,79,telu1262,tel,Dravidian,None,Dravidian,IN,NA,Telugu,telu1262,Telugu,Indian Subcontinent,-1.313493394,-0.029258223,0.316670588,0.025,0.025,0.025,0.305,0.705,1950,NA,2500,1951,50000,Dravidian
Penobscot,wə̀lαkəwe,wə̀lαte,sèpa,,awahsí-wəlαkəwe,awahsí-sepa,NA,NA,NA,NA,NA,NA,NA,NA,NA,1,1,1,0.5,0.5,1,4,NA,45,-68,NA,NA,Algic,NA,NA,NA,Ng4,Penobscot,peno1243,Penobscot,Northeastern U.S.A.,3.783035492,-0.012021343,0.93293423,0.205,0.405,0.205,0.025,0.205,1900,300,NA,NA,NA,Algic
Fongbe,sɔ́,égbé,sɔ,azǎn ɔ,azǎn e jɛ nukɔn nú sɔ̀ é,sɔ e bɔ d'ewu e,azǎn we,azǎn wè jɛ nukɔn nú dìn,azǎn wè gudo dìn,azǎn ɛnɛ,azǎn ɛnɛ jɛ nukɔn nú dìn,azǎn ɛnɛ ɖíe,azǎn atɔn,azǎn atɔn jɛ nukɔn nú dìn,azǎn atɔn ɖíe,0.25,1,0.25,0.5,0,0.5,2,Africa,6.416666667,2.166666667,fonn1241,fon,Niger-Congo,Kwa,Gbe,BJ,Af1,Fon,fonn1241,Fon,West Tropical Africa,0.553172793,0.021199859,0.142811243,0.025,0.205,0.105,0.205,0.505,1890,City and environs of Abomey,25000,NA,5000-50000,Niger-Congo
Dutch,gisteren,vandaag,morgen,de dag,eergisteren,overmorgen,twee dagen,twee dagen voor nu,twee dagen na nu,vier dagen,vier dagen voor nu,vier dagen vanaf nu,drie dagen,drie dagen voor nu,drie dagen vanaf nu,1,1,1,1,1,2,5,Eurasia,52.5,6,dutc1256,nld,Indo-European,None,Germanic,NL,Cg1,Dutch,dutc1256,Dutch,Middle Europe,-0.829949412,0.066112944,-0.220475284,0.025,0.025,0.105,0.305,0.605,1950,NA,NA,NA,50000,Indo-European
Greek,εχθές,σήμερα,αύριο,την ημέρα,προχθές,μεθαύριο,δύο μέρες,δύο μέρες πριν,δύο μέρες μετά τώρα,τέσσερις μέρες,τέσσερις μέρες πριν,τέσσερις μέρες από τώρα,τρεις μέρες,τρεις μέρες πριν,τρεις μέρες από τώρα,1,1,1,1,1,2,5,Eurasia,39,22,mode1248,ell,Indo-European,NA,Greek,GR,Ef9,Gujarati,guja1252,Gujarati,Indian Subcontinent,-0.829949412,0.066112944,-0.220475284,0.025,0.025,0.105,0.305,0.605,1950,NA,NA,NA,50000,Indo-European
Sinhala,ඊයේ,අද,හෙට,දවස,පෙරේදා,අනිද්දා,දින දෙකක්,දැන් දවස් දෙකකට කලින්,දැන් දවස් දෙකකට පස්සේ,දින හතරක්,දැන් දවස් හතරකට කලින්,දැන් සිට දින හතරක්,දින තුනක්,දැන් දවස් තුනකට කලින්,දැන් සිට දින තුනක්,1,1,1,0,0,0,3,Eurasia,7,80.5,sinh1246,sin,Indo-European,NA,Indic,LK,Eh6,Sinhalese,sinh1246,Sinhala,Indian Subcontinent,-0.829949412,0.066112944,-0.220475284,0.025,0.025,0.105,0.305,0.605,1950,NA,2157000,1954,50000,Indo-European
Ukrainian,вчора,сьогодні,завтра,день,позавчора,післязавтра,два дні,два дні тому,через два дні,чотири дні,чотири дні тому,через чотири дні,три дні,три дні тому,через три дні,1,1,1,1,1,2,5,Eurasia,49,33,ukra1253,ukr,Indo-European,None,Slavic,UA,NA,Ukrainians,east2270,East Ukrainian,Eastern Europe,-0.829949412,0.066112944,-0.220475284,0.025,0.025,0.105,0.305,0.605,1930,NA,NA,NA,50000,Indo-European
Amharic,ትናንት,ዛሬ,ነገ,ቀኑ,ከትናንት በፊት ባለው ቀን,ከነገ ወዲያ,ሁለት ቀናት,አሁን ከሁለት ቀናት በፊት,ከሁለት ቀናት በኋላ,አራት ቀናት,ከአራት ቀናት በፊት,ከአራት ቀናት በኋላ,ሶስት ቀናት,አሁን ከሶስት ቀናት በፊት,ከሦስት ቀናት በኋላ,1,1,1,0.5,0,0.5,3.5,Africa,10,38,amha1245,amh,Afro-Asiatic,None,Semitic,ET,Ca7,Amhara,amha1245,Amharic,Northeast Tropical Africa,-0.829949412,0.066112944,-0.220475284,0.025,0.025,0.105,0.305,0.605,1950,Gondar district,22000,1953,50000,Afro-Asiatic
Aymara,wasüru,jichhüru,qharüru,uka uruxa,qharüru nayrïr uru,qharüru qhipa uru,pä uru,pä uru nayraqata,pä uru qhipatsti,pusi uru,pusi uru nayraqata,pusi urunak saraqataruw purini,kimsa uru,kimsa uru nayraqata,kimsa urut jichhakama,1,1,1,0.5,0,0.5,3.5,South America,-17,-69,cent2142,ayr,Aymaran,NA,Aymaran,NA,Sf2,Aymara,cent2142,Central Aymara,Western South America,-0.829949412,0.066112944,-0.220475284,0.025,0.025,0.105,0.305,0.605,1940,NA,600000,1936,NA,Aymaran
Belarusian,учора,сёння,заўтра,дзень,пазаўчора,паслязаўтра,два дні,два дні таму,праз два дні,чатыры дні,чатыры дні таму,праз чатыры дні,тры дні,тры дні таму,праз тры дні,1,1,1,1,1,2,5,Eurasia,53.23,25.6,bela1254,NA,Indo-European,NA,NA,NA,NA,Byelorussians,bela1254,Belarusian,Eastern Europe,-0.829949412,0.066112944,-0.220475284,0.025,0.025,0.105,0.305,0.605,1910,NA,NA,NA,5000-50000,Indo-European
Estonian,eile,täna,homme,päeval,üleeile,ülehomme,kaks päeva,kaks päeva varem,kaks päeva hiljem,neli päeva,neli päeva varem,nelja päeva pärast,kolm päeva,kolm päeva varem,kolme päeva pärast,1,1,1,1,1,2,5,Eurasia,59,26,esto1258,ekk,Uralic,Finno-Ugric,Finnic,EE,ch16,Estonians,esto1258,Estonian,Eastern Europe,-0.829949412,0.066112944,-0.220475284,0.025,0.025,0.105,0.305,0.605,1908,NA,350000,1897,50000,Uralic
Rundi,ejo,uno musi,ejo,umusi,umusi w'imbere y'ejo,umusi ukurikira ejo,imisi ibiri,imisi ibiri imbere y'ubu,haciye imisi ibiri ubu,imisi ine,imisi ine imbere y'ubu,imisi ine kuva ubu,imisi itatu,imisi itatu imbere y'ubu,imisi itatu kuva ubu,0.25,1,0.25,0.5,0.5,1,2.5,Africa,-3.5,30,rund1242,run,Niger-Congo,Benue-Congo,Bantu,BI,Ae8,Rundi,rund1242,Rundi,West-Central Tropical Africa,-0.829949412,0.066112944,-0.220475284,0.025,0.025,0.105,0.305,0.605,1910,NA,2000000,NA,NA,Niger-Congo
Malayalam,ഇന്നലെ,ഇന്ന്,നാളെ,ദിവസം,തലേദിവസം,മറ്റന്നാൾ,രണ്ടു ദിവസം,ഇപ്പോൾ രണ്ട് ദിവസം മുമ്പ്,ഇപ്പോൾ രണ്ട് ദിവസം കഴിഞ്ഞ്,നാലു ദിവസം,ഇപ്പോൾ നാല് ദിവസം മുമ്പ്,ഇനി മുതൽ നാല് ദിവസം,മൂന്നു ദിവസം,ഇപ്പോൾ മൂന്ന് ദിവസം മുമ്പ്,ഇപ്പോൾ മുതൽ മൂന്ന് ദിവസം,1,1,1,1,1,2,5,Eurasia,10,76.5,mala1464,mal,Dravidian,None,Dravidian,IN,Eg6,Kerala,mala1464,Malayalam,Indian Subcontinent,-0.829949412,0.066112944,-0.220475284,0.025,0.025,0.105,0.305,0.605,1799,NA,NA,NA,50000,Dravidian
Wolof,démb,tey,suba,bis bi,bis bi njëkk démb,ëlëg,ñaari fan,ñaari fan ci ginaaw leegi,ñaari fan ci ginnaaw leegi,ñeenti fan,ñeenti fan balaa leegi,ñeenti fan ci ginaaw,ñetti fan,ñetti fan balaa leegi,ñetti fan ci ginaaw leegi,1,1,1,0,0.5,0.5,3.5,Africa,15.25,-16,nucl1347,wol,Niger-Congo,North-Central Atlantic,Wolof,GM SN,Cb2,Wolof,nucl1347,Wolof,West Tropical Africa,-0.829949412,0.066112944,-0.220475284,0.025,0.025,0.105,0.305,0.605,1950,NA,660000,1949,50000,Niger-Congo
Mangghuer,tɕʰukuti‧,niuti‧,mɐloŋ‧,,tɕuti‧,tɕʰinɐti‧,NA,NA,NA,NA,NA,NA,NA,NA,NA,1,1,1,1,1,2,5,Eurasia,36,102,tuuu1240,mjg,Altaic,NA,Mongolic,NA,Eb2,Tu,tuuu1240,Monguoric,China,-0.829949412,0.066112944,-0.220475284,0.025,0.025,0.105,0.305,0.605,1920,NA,55000,1939,Missing data,Altaic
Malagasy,omaly,ANIO,rahampitso,ny andro,ny afak’omaly,ny ampitso,roa andro,roa andro mialoha izao,roa andro taorian'izay,efatra andro,efatra andro mialoha izao,efatra andro manomboka izao,telo andro,telo andro mialoha izao,telo andro manomboka izao,1,1,1,0.5,0,0.5,3.5,Africa,-20,47,plat1254,plt,Austronesian,None,Barito,MG,Eh9,Antaisaka,tesa1236,Tesaka Malagasy,Western Indian Ocean,-0.28019566,0.125375664,-0.869762632,0.025,0.025,0.205,0.305,0.505,1930,NA,225000,1951,NA,Austronesian
Sindhi,ڪالهه,اڄ,سڀاڻي,ڏينهن,ڪالهه کان اڳ ڏينهن,سڀاڻي کان پوء,ٻه ڏينهن,اڄ کان ٻه ڏينهن اڳ,ٻن ڏينهن کان پوءِ,چار ڏينهن,اڄ کان چار ڏينهن اڳ,هينئر کان چار ڏينهن,ٽي ڏينهن,اڄ کان ٽي ڏينهن اڳ,هينئر کان ٽي ڏينهن,1,1,1,0.5,0,0.5,3.5,Eurasia,26,69,sind1272,snd,Indo-European,None,Indic,PK IN,Ea1,Sindhi,sind1272,Sindhi,Indian Subcontinent,-0.28019566,0.125375664,-0.869762632,0.025,0.025,0.205,0.305,0.505,1950,NA,9500000,1961,50000,Indo-European
Steppe Mari,кечээ,Таче,эрла,кече,теҥгече ончычсо кече,эрласе кече,кок кече кок кече,ынде кок кече ончыч,ынде кок кече гыч,куд кече,ынде куд кече ончыч,ынде куд кече гыч,кум кече,ынде кум кече ончыч,ынде кум кече гыч,1,1,1,0.5,0,0.5,3.5,Eurasia,57,48,east2328,mhr,Uralic,Finno-Ugric,Mari,RU,Ch4,Mari,east2328,Eastern Mari,Eastern Europe,-0.28019566,0.125375664,-0.869762632,0.025,0.025,0.205,0.305,0.505,1900,NA,400000,1941,400-1000,Uralic
Yuki,sum,ka 'e-nay'; ha*-'a*-ye,haw,,0,k'ol' haw,NA,NA,NA,NA,NA,NA,NA,NA,NA,1,0.5,1,0,0.5,0.5,3,North America,39.66666667,-123.5,yuki1243,yuk,Wappo-Yukian,NA,Yuki,US,Nc7,Yuki,yuki1243,Northern Yukian,Southwestern U.S.A.,4.882653051,0.208723901,1.184312371,0.405,0.305,0.305,0.025,0.025,1850,2000,NA,NA,NA,Yuki-Wappo
Hausa,jiya,yau,gobe,ranar,Jiya kafin jiya,jibi bayan gobe,kwana biyu,kwana biyu yanzu,bayan kwana biyu yanzu,kwana hudu,saura kwana hudu yanzu,saura kwana hudu,kwana uku,saura kwana uku yanzu,saura kwana uku,1,1,1,0,0.5,0.5,3.5,Africa,12,7,haus1257,hau,Afro-Asiatic,Chadic,West Chadic,NG NE,Cb26,Zazzagawa Hausa,haus1257,Hausa,West Tropical Africa,-0.720520422,0.236373994,0.700427036,0.105,0.025,0.025,0.305,0.605,1950,NA,260000,1948,50000,Afro-Asiatic
Kinyarwanda,ejo,Uyu munsi,ejo,umunsi,ejobundi,umunsi ukurikira ejo,iminsi ibiri,iminsi ibiri mbere yubu,iminsi ibiri nyuma yubu,iminsi ine,iminsi ine mbere ya none,iminsi ine uhereye none,iminsi itatu,iminsi itatu mbere yubu,iminsi itatu uhereye none,0.25,1,0.25,0,0.5,0.5,2,Africa,-2,30,kiny1244,kin,Niger-Congo,Benue-Congo,Bantu,RW,Ae10,Banyaruanda,kiny1244,Kinyarwanda,West-Central Tropical Africa,-0.646172261,0.28649041,0.395539881,0.025,0.105,0.025,0.305,0.605,1910,NA,2133000,1952,100-199,Niger-Congo
Sotho (Northern),maabane,lehono,gosasa,letšatši leo,letšatši pele ga maabane,letšatši la ka morago ga gosasa,matšatši a mabedi,matšatši a mabedi pele ga bjale,matšatši a mabedi ka morago ga bjale,matšatši a mane,matšatši a mane pele ga bjale,matšatši a mane go tloga bjale,matšatši a mararo,matšatši a mararo pele ga bjale,matšatši a mararo go tloga bjale,1,1,1,0.5,0.5,1,4,Africa,-24,29,pedi1238,nso,Niger-Congo,Benue-Congo,Bantu,ZA,Ab15,Pedi,tswe1238,Tswene,Southern Africa,-0.646172261,0.28649041,0.395539881,0.025,0.105,0.025,0.305,0.605,1860,NA,100000,1931,200-399,Niger-Congo
Sanskrit,ह्यः,अद्य,श्वः,दिनम्,श्वः पूर्वदिने,श्वः परदिने,द्वौ दिवसौ,अधुना द्वौ दिवसौ पूर्वं,इदानीं द्वयोः दिवसयोः अनन्तरम्,चतुर्दिनानि,अधुना चतुर्दिनानि पूर्वं,इतः परं चतुर्दिनानि यावत्,त्रयः दिवसाः,अधुना त्रयः दिवसाः पूर्वं,इतः परं त्रयः दिवसाः,1,1,1,0,0,0,3,Eurasia,20,77,sans1269,Sanskrit,Indo-European,NA,NA,NA,Ef3,Indo-Iranian,sans1269,Sanskrit,Indian Subcontinent,-0.646172261,0.28649041,0.395539881,0.025,0.105,0.025,0.305,0.605,NA,NA,None,NA,NA,Indo-European
Dagur,utiʃ‧,ənə utur‧,punj utur‧,uturtəː‧,kʰətʃʰik utur‧,tʃʰɑːtʃ utur‧,NA,NA,NA,NA,NA,NA,NA,NA,NA,1,0.5,0.5,0.5,0.5,1,3,Eurasia,48,124,daur1238,dta,Altaic,NA,Mongolic,NA,Eb4,Dagur,daur1238,Dagur,China,-0.646172261,0.28649041,0.395539881,0.025,0.105,0.025,0.305,0.605,1940,NA,NA,1943,Missing data,Altaic
Nuosu,a21ndzɿ33ȵi44‧,i21ȵi21‧,mo21xɯ33ȵi21‧,,a21ȵi21ʂɿ33mu34ndzɿ33ȵi44‧,pʰi55ndzɿ33ȵi44‧,NA,NA,NA,NA,NA,NA,NA,NA,NA,1,1,0.5,0.5,0.5,1,3.5,Eurasia,28,103,sich1238,iii,Sino-Tibetan,Tibeto-Burman,Burmese-Lolo,NA,Ed2,Lolo,sich1238,Sichuan Yi,China,-0.646172261,0.28649041,0.395539881,0.025,0.105,0.025,0.305,0.605,1940,NA,NA,NA,100-199,Sino-Tibetan
Ndumbe(Ndombe?)Ndonga,ijilo,sunu,juunza,buzuba,buzuba bwakainda jilo,buzuba butobela,mazuba obile,mazuba obile kakutanaba lino,mazuba obile kuzwa lino,mazuba one,mazuba one kakutanaba lino,mazuba one kuzwa lino,mazuba otatwe,mazuba otatwe kakutanaba lino,mazuba otatwe kuzwa lino,1,1,1,0,0,0,3,Africa,-18,17,ndon1254,ndo,Niger-Congo,Benue-Congo,Bantu,AO NA,Ab19,Ambo,ndon1254,Ndonga,South Tropical Africa,-0.162628279,0.381861577,-0.141605991,0.025,0.105,0.105,0.305,0.505,1910,NA,60000,1948,NA,Niger-Congo
Tsonga,tolo,namuntlha,mundzuku,siku,siku ra le mahlweni ka tolo,siku leri landzelaka mundzuku,masiku mambirhi,masiku mambirhi emahlweni ka sweswi,masiku mambirhi endzhaku ka sweswi,masiku ya mune,masiku ya mune emahlweni ka sweswi,masiku ya mune ku sukela sweswi,masiku manharhu,masiku manharhu emahlweni ka sweswi,masiku manharhu ku sukela sweswi,1,1,1,0.5,0.5,1,4,Africa,-24,32,tson1249,tso,Niger-Congo,Benue-Congo,Bantu,MZ ZA,NA,Tsonga,tson1249,Tsonga,South Tropical Africa,-0.162628279,0.381861577,-0.141605991,0.025,0.105,0.105,0.305,0.505,1920,NA,None,NA,None,Niger-Congo
Tiwi,awurlaga,ningani,pangarri ,,0,0,NA,NA,NA,NA,NA,NA,NA,NA,NA,1,1,1,0,0,0,3,Australia,-11.5,131,tiwi1244,tiw,Tiwian,NA,Tiwian,AU,Id3,Tiwi,tiwi1244,Tiwi,Australia,5.019439289,0.421550213,2.335440271,0.505,0.305,0.205,0.025,0.025,1920,1000,NA,NA,NA,Isolates
Southern Sotho,maobane,kajeno,hosane,letsatsi,letsatsi pele ho maobane,hosane ka mora hosasane,matsatsi a mabeli,matsatsi a mabeli pele ho joale,matsatsi a mabeli hamorao,matsatsi a mane,matsatsi a mane pele ho jwale,matsatsi a mane ho tloha joale,matsatsi a mararo,matsatsi a mararo pele ho jwale,matsatsi a mararo ho tloha joale,1,1,1,0.5,0,0.5,3.5,Africa,-28,27,sout2807,sot,Niger-Congo,Benue-Congo,Bantu,LS ZA,Ab8,Sotho,sout2807,Southern Sotho,Southern Africa,-0.053199289,0.552122627,0.779296329,0.105,0.105,0.025,0.305,0.505,1860,Basuto,900000,1953,200-399,Niger-Congo
Xhosa,izolo,namhlanje,ngomso,Usuku,Usuku phambi kwelayizolo,ngapha kwangomso,iintsuku ezimbini,kwiintsuku ezimbini ngaphambili ngoku,emva kweentsuku ezimbini ngoku,iintsuku ezine,kwiintsuku ezine phambi koku,kwiintsuku ezine ukususela ngoku,iintsuku ezintathu,kwiintsuku ezintathu ngaphambili,kwiintsuku ezintathu ukususela ngoku,1,1,1,0.5,0.5,1,4,Africa,-32,27,xhos1239,xho,Niger-Congo,Benue-Congo,Bantu,ZA,Ab11,Xhosa Ngqika,xesi1238,Xesibe,Southern Africa,-0.053199289,0.552122627,0.779296329,0.105,0.105,0.025,0.305,0.505,1850,NA,NA,NA,Missing data,Niger-Congo
Serbian-Croatian,јуче,данас,сутра,дан,прекјуче,прекосутра,два дана,два дана раније,два дана касније,четири дана,четири дана раније,четири дана од сада,три дана,три дана раније,три дана од сада,1,1,1,1,1,2,5,Eurasia,44,19,sout1528,hbs,Indo-European,NA,Slavic,RS BA HR,NA,Serbs,serb1264,Serbian Standard,Southeastern Europe,-1.249819275,0.666138049,0.152984961,0.025,0.025,0.025,0.405,0.605,1950,NA,2200,1953,50000,Indo-European
Tatar,Кичә,Бүген,иртәгә,көн,кичә,иртәгәдән икенче көн,ике көн,ике көн элек,ике көннән соң,дүрт көн,дүрт көн элек,дүрт көн,өч көн,өч көн элек,өч көннән,1,1,1,0,0.5,0.5,3.5,Eurasia,56,49.5,tata1255,tat,Altaic,None,Turkic,RU,ch20,Kazan tatar,midd1325,Central Tatar,Eastern Europe,-1.249819275,0.666138049,0.152984961,0.025,0.025,0.025,0.405,0.605,1910,NA,675419,1897,50000,Altaic
Central Tibetans,ཁ་སང་kʰɛ55sa55‧,དེ་རིང་tʰə11rĩ13‧,སང་ཉིནsɛ̃55ȵĩ55‧,ཉིན།,ཁ་སང་ཉིན་སྔོན་མ།kʰɛ55ȵĩ55ka0‧,སང་ཉིན་གྱི་ཉིན་མོ།nɛ̃55ȵĩ55‧,ཉིན་གཉིས།,ཉིན་གཉིས་ཀྱི་གོང་དུ།,ད་ལྟ་ནས་ཉིན་གཉིས་འགོར་རྗེས།,ཉིན་བཞི།,ད་ལྟའི་ཉིན་བཞིའི་སྔོན་དུ།,ད་ནས་བཟུང་ཉིན་བཞི།,ཉིན་གསུམ།,ཉིན་གསུམ་སྔོན་ལ།,ད་ནས་བཟུང་ཉིན་གསུམ་འགོར་རྗེས།,1,1,1,0.5,0.5,1,4.5,NA,30,91,NA,NA,Sino-Tibetan,NA,NA,NA,Ee4,Central Tibetans,dbus1238,Ü,China,-1.249819275,0.666138049,0.152984961,0.025,0.025,0.025,0.405,0.605,1920,NA,4000000,None,5000-50000,Sino-Tibetan
Hebrew,אֶתמוֹל,הַיוֹם,מָחָר,היום,שלשום,מחרתיים,יומיים,יומיים לפני כן,יומיים אחרי עכשיו,ארבעה ימים,ארבעה ימים לפני כן,ארבעה ימים מהיום,שלושה ימים,שלושה ימים לפני כן,שלושה ימים מהיום,1,1,1,1,1,2,5,Eurasia,31.5,34.83333333,hebr1245,heb,Afro-Asiatic,NA,Semitic,IL,NA,NA,NA,NA,NA,0.616846912,0.716596131,-0.020874384,0.025,0.205,0.105,0.305,0.405,NA,NA,NA,NA,5000-50000,Afro-Asiatic
Turkish,dün,bugün,yarın,gün,dünden önceki gün,yarından sonraki gün,iki gün,şimdiden iki gün önce,şimdiden iki gün sonra,dört gün,şimdiden dört gün önce,şimdiden dört gün sonra,üç gün,şimdiden üç gün önce,şimdiden üç gün sonra,1,1,1,0.5,0.5,1,4,Eurasia,39,35,nucl1301,tur,Altaic,None,Turkic,TR,Ci5,Turks,nucl1301,Turkish,Western Asia,-1.07808678,0.749909778,0.218804572,0.05,0.05,0.05,0.45,0.65,1950,NA,NA,NA,50000,Altaic
Turkmen,düýn,Bu gün,ertir,NA,düýn bir gün öň,ertesi gün,iki gün,iki gün öň,iki günden soň,dört gün,dört gün öň,dört günden,üç gün,üç gün öň,üç günden,1,1,1,0.5,0,0.5,3.5,Eurasia,40,58,turk1304,tuk,Altaic,None,Turkic,TM,Eb5,Turkmen,turk1304,Turkmen,Middle Asia,-1.07808678,0.749909778,0.218804572,0.05,0.05,0.05,0.45,0.65,1910,NA,800000,1939,NA,Altaic
Galician,onte,hoxe,mañá,o día,antes de onte,pasadomañá 看Catalan语,dous días,dous días antes,dous días despois de agora,catro días,catro días antes,dentro de catro días,tres días,tres días antes,dentro de tres días,1,1,1,0,1,1,4,Eurasia,43,-8,gali1258,glg,Indo-European,None,Romance,ES,Ce2,Portuguese,gali1257,Galician Portuguese,Southwestern Europe,-0.766275293,0.761509216,-0.384160911,0.025,0.025,0.105,0.405,0.505,1950,with special reference to the village of Rio de Onor in the extreme northeast,NA,NA,None,Indo-European
Lithuanian,vakar,šiandien,rytoj,dieną,užvakar,poryt,dvi dienas,prieš dvi dienas,po dviejų dienų,keturias dienas,prieš keturias dienas,keturios dienos nuo dabar,tris dienas,prieš tris dienas,nuo trijų dienų,1,1,1,1,0,1,4,Eurasia,55,24,lith1251,lit,Indo-European,None,Baltic,LT,NA,Lithuanians,lith1251,Lithuanian,Eastern Europe,-0.766275293,0.761509216,-0.384160911,0.025,0.025,0.105,0.405,0.505,NA,NA,217000,1950,50000,Indo-European
Portuguese(Portugal),ontem,hoje,amanhã,o dia,anteontem,depois de amanhã,dois dias,dois dias antes de agora,dois dias depois de agora,quatro dias,quatro dias antes de agora,quatro dias a partir de agora,três dias,três dias antes de agora,três dias a partir de agora,1,1,1,1,0.5,1.5,4.5,Eurasia,39,-8,port1283,por,Indo-European,None,Romance,PT,NA,Portuguese,gali1257,Galician Portuguese,Southwestern Europe,-0.766275293,0.761509216,-0.384160911,0.025,0.025,0.105,0.405,0.505,1950,NA,None,NA,NA,Indo-European
Fula,kenya,hande,jango,ñalawma oo,ñalnde ko adii hanki,ñalawma caggal janngo,balɗe ɗiɗi,balɗe ɗiɗi ko adii jooni,balɗe ɗiɗi caggal jooni,balɗe nay,balɗe nay ko adii jooni,balɗe nay jooni,balɗe tati,balɗe tati ko adii jooni,balɗe tati caggal jooni,1,1,1,0.5,0.5,1,4,Africa,15,-14,pula1263,fuc,Niger-Congo,North-Central Atlantic,Peul-Serer,SN,Cb23,Tukulor,pula1263,Pulaar,West Tropical Africa,-0.766275293,0.761509216,-0.384160911,0.025,0.025,0.105,0.405,0.505,1930,NA,275000,1950,NA,Niger-Congo
Kurdish (Sorani),دوێنێ,ئەمڕۆ,بەیانی,ڕۆژەکە,ڕۆژێک پێش دوێنێ,ڕۆژی دوای سبەینێ,دوو ڕۆژ,دوو ڕۆژ پێش ئێستا,دوو ڕۆژ دوای ئێستا,چوار ڕۆژ,چوار ڕۆژ پێش ئێستا,چوار ڕۆژ لەمەودوا,سێ ڕۆژ,سێ ڕۆژ پێش ئێستا,سێ ڕۆژ لەمەودوا,1,1,1,0.5,0.5,1,4,Eurasia,36,44,cent1972,ckb,Indo-European,NA,Iranian,IR IQ,NA,Kurd,cent1972,Central Kurdish,Western Asia,-0.766275293,0.761509216,-0.384160911,0.025,0.025,0.105,0.405,0.505,NA,NA,30000000,1951,NA,Indo-European
Diyari,waldrawirti,karari,thangkuparna,,waldrawirti nguru ,thangkuparna nguru ,NA,NA,NA,NA,NA,NA,NA,NA,NA,1,1,1,0.5,0.5,1,4,Australia,-28,139,dier1241,dif,Pama-Nyungan,NA,Central Pama-Nyungan,AU,Id4,Diyari,dier1241,Dieri,Australia,5.359221534,0.811094393,4.525554595,0.705,0.305,0.025,0.025,0.025,1900,NA,NA,NA,NA,Pama-Nyungan
Warlpiri,pirrarni,jalangu,jawarti,,yangkurra-kari,0,NA,NA,NA,NA,NA,NA,NA,NA,NA,1,1,1,0.5,0,0.5,3.5,Australia,-20,132.3333333,warl1254,wbp,Pama-Nyungan,NA,Western Pama-Nyungan,AU,Id10,Walbiri,warl1254,Warlpiri,Australia,5.452156735,0.873739913,4.14444565,0.605,0.405,0.025,0.025,0.025,1930,1400,NA,NA,NA,Pama-Nyungan
Acholi,la woro,tin,diki,nino ni,nino ma okato前一天,nino ma lubo diki后天 明天,nino aryo,nino aryo ma peya i kare ni,nino aryo inge kombedi,nino angwen,nino angwen ma peya i kare ni,nino angwen ki kombedi,nino adek,nino adek ma peya i kare ni,nino adek ki kombedi,1,1,1,0,0,0,3,Africa,3,32.66666667,acol1236,ach,Eastern Sudanic,Nilotic,Western Nilotic,UG SS,Ai32,Lugbara,lugb1240,Lugbara,East Tropical Africa,-0.656846303,0.931770266,0.536741409,0.105,0.025,0.025,0.405,0.505,1920,NA,240000,1929,NA,Nilo-Saharan
Irish,inné,inniu,amárach,an lae,an lá roimh inné,an lá i ndiaidh lae amárach,dhá lá,dhá lá roimhe sin,dhá lá tar éis anois,ceithre lá,ceithre lá roimhe seo,ceithre lá ó anois,trí lá,trí lá roimhe seo,trí lá ó anois,1,1,1,0.5,0.5,1,4,Eurasia,53,-8,iris1253,gle,Indo-European,None,Celtic,IE,Cg3,Irish,iris1253,Irish,Northern Europe,-0.582498142,0.981886682,0.231854253,0.025,0.105,0.025,0.405,0.505,1930,NA,50000,1930,2963000,Indo-European
Ndebele (Southern) Northern Ndebele,izolo,namhlanjesi,kusasa,ilanga,ilanga langaphambilini,ilanga elilandelako,amalanga amabili,amalanga amabili ngaphambi kwanjesi,ngemva kwamalanga amabili,amalanga amane,amalanga amane ngaphambi kwanje,amalanga amane ukusuka nje,amalanga amathathu,amalanga amathathu ngaphambi kwanje,amalanga amathathu ukusuka nje,1,1,1,0,0,0,3,Africa,-25.33333333,29,nort2795,nde,Niger-Congo,Benue-Congo,Bantu,ZA,Ab9,Ndebele,nort2795,Zimbabwean Ndebele,South Tropical Africa,-0.582498142,0.981886682,0.231854253,0.025,0.105,0.025,0.405,0.505,1870,NA,300000,1948,5000-50000,Niger-Congo
Tamazight,iḍelli,assa,azekka,ass-nni,ass uqbel iḍelli,ass n uzekka,sin wussan,sin wussan send tura,sin wussan mbeɛd tura,Rebɛa n wussan,Rebɛa wussan send tura,rebɛa wussan seg tura,Kraḍ wussan,Kraḍ wussan send tura,Kraḍ wussan seg tura,1,1,1,0.5,0.5,1,4,Africa,27.02,1.86,NA,tia,Afro-Asiatic,NA,NA,NA,Cd7,Beraber,cent2194,Central Moroccan Berber,Northern Africa,-0.582498142,0.981886682,0.231854253,0.025,0.105,0.025,0.405,0.505,1910,NA,450000,1925,NA,Afro-Asiatic
Tswana,maabane,gompieno,kamoso,letsatsi,letsatsi pele ga maabane,morago ga kamoso,malatsi a mabedi,malatsi a mabedi pele ga jaanong,malatsi a mabedi morago ga jaanong,malatsi a le manè,malatsi a le manè pele ga jaanong,malatsi a le mane go tloga jaanong,malatsi a le mararo,malatsi a le mararo pele ga jaanong,malatsi a le mararo go tloga jaanong,1,1,1,0.5,0,0.5,3.5,Africa,-24,26,tswa1253,tsn,Niger-Congo,Benue-Congo,Bantu,ZA BW,Ab13,Tswana,tswa1253,Tswana,Southern Africa,-0.582498142,0.981886682,0.231854253,0.025,0.105,0.025,0.405,0.505,1880,NA,NA,NA,NA,Niger-Congo
Zulu,izolo,namuhla,kusasa,usuku,ngayizolo,Usuku oluphambili kwa kusasa,izinsuku ezimbili,ezinsukwini ezimbili ngaphambili,emva kwezinsuku ezimbili manje,izinsuku ezine,ezinsukwini ezine ngaphambili manje,ezinsukwini ezine kusukela manje,izinsuku ezintathu,ezinsukwini ezintathu ngaphambili,ezinsukwini ezintathu kusukela manje,1,1,1,0,0.5,0.5,3.5,Africa,-30,30,zulu1248,zul,Niger-Congo,Benue-Congo,Bantu,ZA,Ab12,Zulu,zulu1248,Zulu,Southern Africa,-0.582498142,0.981886682,0.231854253,0.025,0.105,0.025,0.405,0.505,1830,NA,250000,1921,NA,Niger-Congo
Bashkir,кисэнге,бөгөн,иртәгә,көн .,кисәге көн,иртәгәнән һуңғы көн,ике көн .,ике көн элек,ике көндән һуң,дүрт көн .,дүрт көн элек,дүрт көндән,өс көн .,өс көн элек,өс көндән,1,1,1,0,0.5,0.5,3.5,Eurasia,53,58,bash1264,bak,Altaic,None,Turkic,RU,ch12,Bashkir,bash1264,Bashkir,Eastern Europe,-1.186145156,1.361534321,-0.010700666,0.025,0.025,0.025,0.505,0.505,1899,NA,1320000,1897,50000,Altaic
Chechen,селхана,тахана,кхана,де,селхана хьалхара де;,кхана тӀаьхьара де,ши де;,хӀинца ши де хьалха,хӀинца ши де даьлча;,диъ де;,диъ де хьалха,диъ де даьлча;,кхаа дийнахь;,хӀинца кхо де хьалха,3 де даьлча;,1,1,1,0,0.5,0.5,3.5,Eurasia,43.25,45.83333333,chec1245,che,Nakh-Daghestanian,None,Nakh,RU,Ci7,Chechen,chec1245,Chechen,Caucasus,-1.186145156,1.361534321,-0.010700666,0.025,0.025,0.025,0.505,0.505,1900,NA,400000,1939,NA,Northeast Caucasian
Sherpa,dang,haring,sala,,kharnup,nāa,NA,NA,NA,NA,NA,NA,NA,NA,NA,1,1,1,1,1,2,5,Eurasia,27.75,86.83333333,sher1255,xsr,Sino-Tibetan,Tibeto-Burman,Bodic,NA,Ee6,Sherpa,sher1255,Solu-Khumbu Sherpa,China,-1.186145156,1.361534321,-0.010700666,0.025,0.025,0.025,0.505,0.505,1950,NA,NA,1931,200-399,Sino-Tibetan
Nuer,pan,ɛnwa̱lɛ,irun,kɛ cäŋ,kɛ cäŋ ëë nhiam,kɛ cäŋ kä ruun,ni̱n da̱ŋ rɛw,kɛ ni̱n da̱ŋ rɛw ɛ ŋot /kenɛ ni̱ cop,kɛ kɔr ni̱ni da̱ŋ rɛw ɛntäämɛ,ni̱n da̱ŋ ŋuaan,kɛ ni̱n da̱ŋ ŋuaan ɛ ŋot /kenɛ ni̱ cop,kɛ ni̱n da̱ŋ ŋuaan ɛ tuɔɔk ni̱ ɛntäämɛ,kɛ ni̱n da̱ŋ diɔ̱k,kɛ ni̱n diɔ̱k ɛ ŋot /kenɛ ni cop ɛntäämɛ,kɛ ni̱n da̱ŋ diɔ̱k ɛ tuɔɔk ni̱ ɛntäämɛ,1,1,1,0.5,0,0.5,3.5,Africa,8.333333333,32,nuer1246,nus,Eastern Sudanic,Nilotic,Western Nilotic,ET SS,Aj3,Nuer,nuer1246,Nuer,Northeast Tropical Africa,-0.702601174,1.456905488,-0.547846538,0.025,0.025,0.105,0.505,0.405,1930,NA,430000,1931,NA,Nilo-Saharan
Icelandic,í gær,í dag,á morgun,daginn,í fyrradag,daginn eftir á morgun,tvo daga,tveimur dögum áður,tveimur dögum síðar,fjóra daga,fjórum dögum áður,eftir fjóra daga,þrjá daga,þremur dögum áður,eftir þrjá daga,0.5,0.5,0.5,0.5,0.5,1,2.5,Eurasia,65,-17,icel1247,isl,Indo-European,None,Germanic,IS,Cg2,Icelanders,icel1247,Icelandic,Northern Europe,1.780028534,1.530517844,-1.483134708,0.025,0.205,0.305,0.405,0.105,NA,NA,50000,1950,NA,Indo-European
Balochi,زِی,مرچی,باندا,روش,کل ئا شہ پیشا روش,باندا پذا روش,دو روش,کل ئا شہ پیشا روش,باندا پذا روش,چار روش,چہ نوں چار روچ پیسر,چار روچ ءَ پد,سئے روش,چہ نوں سئے روچ پیسر,چہ نوں سئے روچ ءَ,1,1,1,0,0.5,0.5,3.5,Eurasia,28,62,west2368,bgn,Indo-European,NA,Iranian,NA,Ea10,Marri,east2304,Eastern Balochi,Indian Subcontinent,-0.593172184,1.627166538,0.373055782,0.105,0.025,0.025,0.505,0.405,1950,NA,60000,1955,50,Indo-European
Oromo,kaleessa,har'a,boor,guyyaa,guyyaa kaleessaa duraa,guyyaa boruu itti aanu,guyyaa lama,amma guyyaa lama dura,amma guyyaa lama booda,guyyaa afuriif,amma guyyaa afur dura,guyyaa afur booda,guyyaa sadii,amma guyyaa sadii dura,guyyaa sadii booda,1,1,1,0.5,0,0.5,3.5,Africa,4.5,38.5,bora1271,gax,Afro-Asiatic,Cushitic,Lowland East Cushitic,KE ET,Ca11,Arusi,bora1271,Borana-Arsi-Guji Oromo,Northeast Tropical Africa,-0.518824023,1.677282954,0.068168626,0.025,0.105,0.025,0.505,0.405,1890,NA,NA,NA,None,Afro-Asiatic
Yakut,бэҕэһээ,бүгүн,сарсын,күн,бэҕэһээҥҥи күн,сарсыҥҥы күн,икки күн,билигин икки хонук иннинэ,билигин икки хонон баран,түөрт күн,түөрт күн иннинэ,түөрт күнүнэн,үс күн,билигин үс хонук иннинэ,үс хонугунан,1,1,1,0,0,0,3,Eurasia,62,130,yaku1245,sah,Altaic,None,Turkic,RU,Ec2,Yakut,yaku1245,Sakha,Siberia,1.823247755,1.73688734,-0.450090911,0.105,0.205,0.205,0.405,0.105,1900,NA,245000,1900,50-99,Altaic
Dinka,wäär,akölë,në ruun de,Aköl,Aköl tueŋ wäär,miäkduur,nïn karou,nïn kaarou tueŋ,nïn kaarou cï tëëk,nïn kaŋuan,nïn kaŋuan tueŋ,nïn kaŋuan ëmɛn,nïn kadiäk,nïn kadiäk tueŋ,nïn kadiäk ëmɛn,1,1,1,0.5,0,0.5,3.5,Africa,8.5,28,dink1262,din,Eastern Sudanic,Nilotic,Western Nilotic,SS,Aj11,Dinka,sout2832,Southwestern Dinka,Northeast Tropical Africa,-0.03528004,1.772654121,-0.468977245,0.025,0.105,0.105,0.505,0.305,1900,NA,500000,NA,1952,Nilo-Saharan
Uzbek,kecha,bugun,ertaga,kun,kechadan oldingi kun;,ertadan keyin (indin),ikki kun,hozirdan ikki kun oldin,ikki kundan keyin,to'rt kun,to'rt kun oldin,to'rt kundan keyin,uch kun,bundan uch kun oldin,uch kundan keyin,1,1,1,0.5,0,0.5,3.5,Eurasia,39,66,uzbe1247,None,Altaic,None,Turkic,UZ AF,Eb8,Uzbek,nort2690,Northern Uzbek,Middle Asia,0.514473711,1.831916841,-1.118264594,0.025,0.105,0.205,0.505,0.205,1800,NA,16750,1924,NA,Altaic
Abkhaz,иацы,иахьа,уаҵәы,Амш,иацтәи амш,уаҵәашьҭахьтәи амш,ҩымш,ҩымш раԥхьа,ҩымш рышьҭахь уажәшьҭа,ԥшьымш,Уажәы ԥшьымш раԥхьа,Уажәшьҭа ԥшьымш рышьҭахь,Хымш,Уажәы хымш раԥхьа,Уажәшьҭа хымш рышьҭахь,1,1,1,0,0,0,3,Eurasia,43.08333333,41,abkh1244,abk,Northwest Caucasian,None,Northwest Caucasian,GE,Ci12,Abkhaz,abkh1244,Abkhaz,Caucasus,-0.529498065,2.32256281,0.209370155,0.105,0.025,0.025,0.605,0.305,1880,NA,NA,NA,200-399,Northwest Caucasian
Arabic,أمس,اليوم,غدًا,اليوم,قبل أمس,بعد غد,يومين,يومين قبل الآن,يومين بعد الآن,أربعة أيام,أربعة أيام قبل الآن,أربعة أيام من الآن,ثلاثة أيام,ثلاثة أيام قبل الآن,ثلاثة أيام من الآن,1,1,1,0.5,0.5,1,4,Africa,30,31,egyp1253,arz,Afro-Asiatic,NA,Semitic,EG,Cd18,Saadi,said1239,Saidi Arabic,Northern Africa,-0.455149904,2.372679226,-0.095517001,0.025,0.105,0.025,0.605,0.305,1920,NA,38000,1940,Missing data,Afro-Asiatic
Sami,ikte,otne,ihttin,beaivvi,ovddit beaivvi,ihttin,guokte beaivvi,guokte beaivvi ovdal dál,guokte beaivvi maŋŋel dál,njeallje beaivvi,njeallje beaivvi ovdal dál,njeallje beaivvi geahčen,golbma beaivvi,golbma beaivvi ovdal dál,golbma beaivvi geahčen,1,1,1,0,0,0,3,Eurasia,64.66666667,16.75,sout2674,sma,Uralic,Finno-Ugric,Saami,SE,Cg4,Sami,nort2671,North Saami,Northern Europe,1.31388204,2.814086677,-1.143502621,0.025,0.205,0.205,0.605,0.025,1950,Konkama District,200,1951,50,Uralic
Qafar(Afar),kimal,asaaku,beera,ayro,kimal naharat tan ayro,beeraak lakal tan ayro,namma ayro,namma ayrok naharal,namma ayrok lakal,affara ayro,affara ayrok naharal,Tawakaak xabba haanam affara ayroh addat,sidiica ayro,sidiica ayrok naharal,sidiica ayrok xabba haanam,1,1,1,0,0.5,0.5,3.5,Africa,12,42,afar1241,aar,Afro-Asiatic,Cushitic,Lowland East Cushitic,ET ER DJ,Ca6,Afar,afar1241,Afar,Northeast Tropical Africa,0.037653175,3.76076553,-0.637430978,0.105,0.025,0.105,0.805,0.025,1880,NA,110000,1950,100-199,Afro-Asiatic
Kazakh,кеше,бүгін,ертең,күні,алдыңғы күн,ертеңгі күні,екі күн,осыдан екі күн бұрын,екі күннен кейін,төрт күн,осыдан төрт күн бұрын,төрт күннен кейін,үш күн,осыдан үш күн бұрын,үш күннен кейін,1,1,1,0,0.5,0.5,3.5,Eurasia,50,70,kaza1248,kaz,Altaic,None,Turkic,KZ,Eb1,Kazakh,kaza1248,Kazakh,Middle Asia,-0.327801665,3.76347177,-0.422888255,0.025,0.105,0.025,0.805,0.105,1910,NA,NA,NA,50-99,Altaic
Mongolian,өчигдөр,өнөөдөр,маргааш,өдөр,өмнөх өдөр,маргааш нь,хоёр өдөр,одооноос хоёр хоногийн өмнө,хоёр хоногийн дараа,дөрвөн өдөр,одоогоос дөрөв хоногийн өмнө,одооноос дөрөв хоногийн дараа,гурван өдөр,одооноос гурван өдрийн өмнө,одооноос гурав хоногийн дараа,1,1,1,0,0,0,3,NA,48.324,106.289,halh1238,NA,Mongolic-Khitan,NA,NA,NA,Eb3,Khalka,halh1238,Halh Mongolian,Mongolia,-0.327801665,3.76347177,-0.422888255,0.025,0.105,0.025,0.805,0.105,1940,NA,NA,NA,50,Altaic
Somali,shalay,maanta,berrito,maalinta,maalin ka hor shalay,beri ka dib,laba maalmood,laba maalmood ka hor hadda,laba maalmood ka dib hadda,afar maalmood,afar maalmood ka hor hadda,afar maalmood ka dib,saddex maalmood,saddex maalmood ka hor hadda,saddex maalmood ka dib,1,1,1,0.5,0,0.5,3.5,Africa,3,45,soma1255,som,Afro-Asiatic,Cushitic,Lowland East Cushitic,SO,Ca2,Somali (Dolbahanta),nort3051,Northern Somali,Northeast Tropical Africa,-0.970206376,4.257017239,-0.684219591,0.025,0.025,0.025,0.93,0.105,1950,NA,NA,NA,50,Afro-Asiatic